angle_cmd_deg,angle_actual_deg,freq_hz,re,im,mag_db,phase_deg
0.00,0.00,2000000000,2.998345622e-01,8.583546418e-01,-0.8267,70.7450
0.00,0.00,2010000000,5.898212993e-01,6.948341215e-01,-0.8056,49.6732
0.00,0.00,2020000000,8.044356633e-01,4.354844136e-01,-0.7740,28.4291
0.00,0.00,2030000000,9.097765061e-01,1.121082977e-01,-0.7559,7.0249
0.00,0.00,2040000000,8.870947194e-01,-2.278682484e-01,-0.7631,-14.4061
0.00,0.00,2050000000,7.412878326e-01,-5.334312373e-01,-0.7880,-35.7388
0.00,0.00,2060000000,4.969678441e-01,-7.629723063e-01,-0.8139,-56.9215
0.00,0.00,2070000000,1.887407299e-01,-8.896289422e-01,-0.8246,-78.0219
0.00,0.00,2080000000,-1.446171903e-01,-8.986663200e-01,-0.8170,-99.1419
0.00,0.00,2090000000,-4.609475134e-01,-7.869222688e-01,-0.8002,-120.3601
0.00,0.00,2100000000,-7.163729683e-01,-5.663173716e-01,-0.7888,-141.6724
0.00,0.00,2110000000,-8.731038282e-01,-2.666147736e-01,-0.7915,-163.0192
0.00,0.00,2120000000,-9.089788877e-01,6.862385466e-02,-0.8042,175.6826
0.00,0.00,2130000000,-8.210324302e-01,3.924298986e-01,-0.8192,154.4535
0.00,0.00,2140000000,-6.231358638e-01,6.619299731e-01,-0.8278,133.2709
0.00,0.00,2150000000,-3.417673906e-01,8.423287242e-01,-0.8285,112.0844
0.00,0.00,2160000000,-1.369339507e-02,9.092342412e-01,-0.8255,90.8628
0.00,0.00,2170000000,3.168389573e-01,8.525307126e-01,-0.8239,69.6127
0.00,0.00,2180000000,6.042394424e-01,6.794787128e-01,-0.8260,48.3543
0.00,0.00,2190000000,8.090138793e-01,4.141310417e-01,-0.8302,27.1077
0.00,0.00,2200000000,9.036628956e-01,9.295322216e-02,-0.8342,5.8729
0.00,0.00,2210000000,8.756500274e-01,-2.409002595e-01,-0.8365,-15.3821
0.00,0.00,2220000000,7.286233498e-01,-5.414721639e-01,-0.8403,-36.6177
0.00,0.00,2230000000,4.827956415e-01,-7.680642922e-01,-0.8459,-57.8470
0.00,0.00,2240000000,1.718442350e-01,-8.901622438e-01,-0.8517,-79.0736
0.00,0.00,2250000000,-1.614585983e-01,-8.916808038e-01,-0.8557,-100.2635
0.00,0.00,2260000000,-4.731099547e-01,-7.729582363e-01,-0.8550,-121.4698
0.00,0.00,2270000000,-7.212488942e-01,-5.495092040e-01,-0.8504,-142.6967
0.00,0.00,2280000000,-8.718346626e-01,-2.508376673e-01,-0.8459,-163.9488
0.00,0.00,2290000000,-9.030556709e-01,8.281914163e-02,-0.8493,174.7601
0.00,0.00,2300000000,-8.108121309e-01,4.043047346e-01,-0.8572,153.4972
0.00,0.00,2310000000,-6.088622020e-01,6.695321136e-01,-0.8672,132.2829
0.00,0.00,2320000000,-3.255543271e-01,8.436099936e-01,-0.8743,111.1019
0.00,0.00,2330000000,1.056790735e-03,9.046068352e-01,-0.8708,89.9331
0.00,0.00,2340000000,3.284620504e-01,8.437090260e-01,-0.8633,68.7287
0.00,0.00,2350000000,6.126238472e-01,6.677366620e-01,-0.8556,47.4648
0.00,0.00,2360000000,8.136726333e-01,3.996540061e-01,-0.8524,26.1590
0.00,0.00,2370000000,9.023701468e-01,7.712421420e-02,-0.8607,4.8851
0.00,0.00,2380000000,8.679408147e-01,-2.547104114e-01,-0.8714,-16.3551
0.00,0.00,2390000000,7.165286855e-01,-5.507850970e-01,-0.8790,-37.5490
0.00,0.00,2400000000,4.692148146e-01,-7.723880318e-01,-0.8791,-58.7219
0.00,0.00,2410000000,1.580180061e-01,-8.905429868e-01,-0.8723,-79.9382
0.00,0.00,2420000000,-1.757159878e-01,-8.879358615e-01,-0.8655,-101.1938
0.00,0.00,2430000000,-4.862242873e-01,-7.636383844e-01,-0.8642,-122.4857
0.00,0.00,2440000000,-7.298045974e-01,-5.344605443e-01,-0.8711,-143.7834
0.00,0.00,2450000000,-8.729027366e-01,-2.335465373e-01,-0.8804,-165.0213
0.00,0.00,2460000000,-8.973256233e-01,9.801758726e-02,-0.8895,173.7661
0.00,0.00,2470000000,-8.009281339e-01,4.156816977e-01,-0.8923,152.5707
0.00,0.00,2480000000,-5.966248455e-01,6.774967307e-01,-0.8886,131.3682
0.00,0.00,2490000000,-3.108063180e-01,8.480510894e-01,-0.8842,110.1276
0.00,0.00,2500000000,1.822321372e-02,9.033213892e-01,-0.8814,88.8443
0.00,0.00,2510000000,3.448001338e-01,8.348726866e-01,-0.8836,67.5595
0.00,0.00,2520000000,6.234279716e-01,6.525661872e-01,-0.8911,46.3082
0.00,0.00,2530000000,8.169329732e-01,3.818417804e-01,-0.8981,25.0518
0.00,0.00,2540000000,8.991723131e-01,6.017672896e-02,-0.9037,3.8288
0.00,0.00,2550000000,8.596961514e-01,-2.693184768e-01,-0.9065,-17.3943
0.00,0.00,2560000000,7.035289121e-01,-5.626979011e-01,-0.9067,-38.6536
0.00,0.00,2570000000,4.519225543e-01,-7.792215610e-01,-0.9075,-59.8877
0.00,0.00,2580000000,1.390820223e-01,-8.898909471e-01,-0.9085,-81.1170
0.00,0.00,2590000000,-1.923019138e-01,-8.796600170e-01,-0.9110,-102.3314
0.00,0.00,2600000000,-4.974258363e-01,-7.501588841e-01,-0.9142,-123.5481
0.00,0.00,2610000000,-7.342623010e-01,-5.198858656e-01,-0.9182,-144.7000
0.00,0.00,2620000000,-8.722542039e-01,-2.189512695e-01,-0.9218,-165.9089
0.00,0.00,2630000000,-8.920443920e-01,1.118381218e-01,-0.9245,172.8540
0.00,0.00,2640000000,-7.906274955e-01,4.270836338e-01,-0.9286,151.6228
0.00,0.00,2650000000,-5.822028564e-01,6.843494966e-01,-0.9297,130.3891
0.00,0.00,2660000000,-2.946457802e-01,8.485252106e-01,-0.9323,109.1493
0.00,0.00,2670000000,3.278743925e-02,8.974835256e-01,-0.9337,87.9078
0.00,0.00,2680000000,3.557167960e-01,8.247008440e-01,-0.9331,66.6681
0.00,0.00,2690000000,6.302259753e-01,6.395158402e-01,-0.9358,45.4192
0.00,0.00,2700000000,8.189398226e-01,3.675802104e-01,-0.9378,24.1729
0.00,0.00,2710000000,8.962024043e-01,4.594485527e-02,-0.9405,2.9348
0.00,0.00,2720000000,8.516496015e-01,-2.816833312e-01,-0.9439,-18.3016
0.00,0.00,2730000000,6.915441755e-01,-5.707855761e-01,-0.9473,-39.5355
0.00,0.00,2740000000,4.379381314e-01,-7.822055155e-01,-0.9494,-60.7566
0.00,0.00,2750000000,1.252046881e-01,-8.876931869e-01,-0.9492,-81.9717
0.00,0.00,2760000000,-2.047279553e-01,-8.729388695e-01,-0.9478,-103.1989
0.00,0.00,2770000000,-5.073297580e-01,-7.399960376e-01,-0.9422,-124.4339
0.00,0.00,2780000000,-7.415490591e-01,-5.057415321e-01,-0.9384,-145.7057
0.00,0.00,2790000000,-8.745114758e-01,-2.017892060e-01,-0.9394,-167.0067
0.00,0.00,2800000000,-8.874020802e-01,1.293900141e-01,-0.9462,171.7043
0.00,0.00,2810000000,-7.790489138e-01,4.416051132e-01,-0.9586,150.4532
0.00,0.00,2820000000,-5.660347764e-01,6.924238119e-01,-0.9699,129.2649
0.00,0.00,2830000000,-2.780074423e-01,8.498298672e-01,-0.9718,108.1146
0.00,0.00,2840000000,4.761317272e-02,8.936380509e-01,-0.9645,86.9502
0.00,0.00,2850000000,3.689706485e-01,8.171190397e-01,-0.9484,65.6984
0.00,0.00,2860000000,6.416575941e-01,6.274737850e-01,-0.9396,44.3597
0.00,0.00,2870000000,8.255908697e-01,3.501892054e-01,-0.9462,22.9851
0.00,0.00,2880000000,8.942273022e-01,2.589085682e-02,-0.9674,1.6584
0.00,0.00,2890000000,8.404794396e-01,-2.982818856e-01,-0.9943,-19.5395
0.00,0.00,2900000000,6.756613625e-01,-5.797514032e-01,-1.0093,-40.6313
0.00,0.00,2910000000,4.222832687e-01,-7.845251137e-01,-1.0029,-61.7079
0.00,0.00,2920000000,1.109168189e-01,-8.865035961e-01,-0.9789,-82.8684
0.00,0.00,2930000000,-2.198946311e-01,-8.683470052e-01,-0.9562,-104.2105
0.00,0.00,2940000000,-5.224667177e-01,-7.280959159e-01,-0.9523,-125.6624
0.00,0.00,2950000000,-7.502240585e-01,-4.856428656e-01,-0.9762,-147.0838
0.00,0.00,2960000000,-8.711462406e-01,-1.796499727e-01,-1.0173,-168.3477
0.00,0.00,2970000000,-8.741618989e-01,1.449893844e-01,-1.0503,170.5826
0.00,0.00,2980000000,-7.637106381e-01,4.478564700e-01,-1.0578,149.6117
0.00,0.00,2990000000,-5.535582162e-01,6.939305640e-01,-1.0349,128.5799
0.00,0.00,3000000000,-2.660230020e-01,8.510962269e-01,-0.9956,107.3574
5.00,5.00,2000000000,2.998469143e-01,8.583148021e-01,-0.8270,70.7435
5.00,5.00,2010000000,5.898394032e-01,6.948443106e-01,-0.8055,49.6727
5.00,5.00,2020000000,8.044300512e-01,4.354693689e-01,-0.7741,28.4284
5.00,5.00,2030000000,9.097988291e-01,1.121808138e-01,-0.7556,7.0293
5.00,5.00,2040000000,8.871376185e-01,-2.279115426e-01,-0.7626,-14.4081
5.00,5.00,2050000000,7.413508099e-01,-5.334223598e-01,-0.7876,-35.7361
5.00,5.00,2060000000,4.969380583e-01,-7.629760887e-01,-0.8140,-56.9232
5.00,5.00,2070000000,1.887465145e-01,-8.895834547e-01,-0.8250,-78.0210
5.00,5.00,2080000000,-1.446452119e-01,-8.986647584e-01,-0.8170,-99.1437
5.00,5.00,2090000000,-4.609274394e-01,-7.869301104e-01,-0.8003,-120.3587
5.00,5.00,2100000000,-7.163392849e-01,-5.663117094e-01,-0.7891,-141.6714
5.00,5.00,2110000000,-8.730958287e-01,-2.666181756e-01,-0.7916,-163.0188
5.00,5.00,2120000000,-9.089616234e-01,6.860713504e-02,-0.8044,175.6836
5.00,5.00,2130000000,-8.210540374e-01,3.924739636e-01,-0.8188,154.4516
5.00,5.00,2140000000,-6.231643022e-01,6.619518291e-01,-0.8275,133.2712
5.00,5.00,2150000000,-3.417552596e-01,8.423317343e-01,-0.8285,112.0836
5.00,5.00,2160000000,-1.369745078e-02,9.091845897e-01,-0.8260,90.8631
5.00,5.00,2170000000,3.168639428e-01,8.524981719e-01,-0.8241,69.6105
5.00,5.00,2180000000,6.042695018e-01,6.794866048e-01,-0.8258,48.3532
5.00,5.00,2190000000,8.089824611e-01,4.141003131e-01,-0.8306,27.1069
5.00,5.00,2200000000,9.036512652e-01,9.294984095e-02,-0.8343,5.8728
5.00,5.00,2210000000,8.756172072e-01,-2.408796009e-01,-0.8369,-15.3814
5.00,5.00,2220000000,7.286168627e-01,-5.414570236e-01,-0.8404,-36.6171
5.00,5.00,2230000000,4.827880473e-01,-7.680433127e-01,-0.8461,-57.8467
5.00,5.00,2240000000,1.718319182e-01,-8.901861208e-01,-0.8515,-79.0746
5.00,5.00,2250000000,-1.614643668e-01,-8.917206096e-01,-0.8553,-100.2634
5.00,5.00,2260000000,-4.731028310e-01,-7.729862269e-01,-0.8548,-121.4685
5.00,5.00,2270000000,-7.212686978e-01,-5.494685721e-01,-0.8505,-142.6995
5.00,5.00,2280000000,-8.717861659e-01,-2.507939938e-01,-0.8465,-163.9506
5.00,5.00,2290000000,-9.030701002e-01,8.283260009e-02,-0.8492,174.7593
5.00,5.00,2300000000,-8.108568349e-01,4.043483560e-01,-0.8566,153.4960
5.00,5.00,2310000000,-6.089083272e-01,6.695745447e-01,-0.8666,132.2833
5.00,5.00,2320000000,-3.255701397e-01,8.436107681e-01,-0.8742,111.1028
5.00,5.00,2330000000,1.022785780e-03,9.045862455e-01,-0.8710,89.9352
5.00,5.00,2340000000,3.284572090e-01,8.437356572e-01,-0.8631,68.7296
5.00,5.00,2350000000,6.126189349e-01,6.677356962e-01,-0.8557,47.4649
5.00,5.00,2360000000,8.136627773e-01,3.996490062e-01,-0.8525,26.1590
5.00,5.00,2370000000,9.023869992e-01,7.708690996e-02,-0.8606,4.8827
5.00,5.00,2380000000,8.679426781e-01,-2.547110510e-01,-0.8714,-16.3551
5.00,5.00,2390000000,7.165288259e-01,-5.508391385e-01,-0.8786,-37.5517
5.00,5.00,2400000000,4.692286660e-01,-7.723809735e-01,-0.8791,-58.7209
5.00,5.00,2410000000,1.580503452e-01,-8.905106093e-01,-0.8725,-79.9358
5.00,5.00,2420000000,-1.757414205e-01,-8.879467886e-01,-0.8654,-101.1952
5.00,5.00,2430000000,-4.862240528e-01,-7.636488525e-01,-0.8641,-122.4854
5.00,5.00,2440000000,-7.298225931e-01,-5.344930102e-01,-0.8707,-143.7824
5.00,5.00,2450000000,-8.729448742e-01,-2.335731165e-01,-0.8800,-165.0203
5.00,5.00,2460000000,-8.973186380e-01,9.803210024e-02,-0.8895,173.7652
5.00,5.00,2470000000,-8.009019903e-01,4.156700237e-01,-0.8926,152.5706
5.00,5.00,2480000000,-5.966378782e-01,6.775321419e-01,-0.8883,131.3673
5.00,5.00,2490000000,-3.108002954e-01,8.480498794e-01,-0.8842,110.1273
5.00,5.00,2500000000,1.819269181e-02,9.033416297e-01,-0.8812,88.8463
5.00,5.00,2510000000,3.447270306e-01,8.348872292e-01,-0.8838,67.5641
5.00,5.00,2520000000,6.233890954e-01,6.525548760e-01,-0.8914,46.3095
5.00,5.00,2530000000,8.169137307e-01,3.818441546e-01,-0.8983,25.0525
5.00,5.00,2540000000,8.991284625e-01,6.018846588e-02,-0.9041,3.8297
5.00,5.00,2550000000,8.596715187e-01,-2.692870867e-01,-0.9068,-17.3929
5.00,5.00,2560000000,7.035473876e-01,-5.626911836e-01,-0.9066,-38.6525
5.00,5.00,2570000000,4.519711662e-01,-7.792516880e-01,-0.9071,-59.8860
5.00,5.00,2580000000,1.390939918e-01,-8.898948650e-01,-0.9084,-81.1163
5.00,5.00,2590000000,-1.922702341e-01,-8.796711333e-01,-0.9109,-102.3293
5.00,5.00,2600000000,-4.973674355e-01,-7.501867114e-01,-0.9143,-123.5440
5.00,5.00,2610000000,-7.342365616e-01,-5.199320251e-01,-0.9182,-144.6967
5.00,5.00,2620000000,-8.722590939e-01,-2.189690415e-01,-0.9217,-165.9079
5.00,5.00,2630000000,-8.920675245e-01,1.118314340e-01,-0.9243,172.8546
5.00,5.00,2640000000,-7.906872258e-01,4.270901782e-01,-0.9281,151.6243
5.00,5.00,2650000000,-5.822106873e-01,6.843330922e-01,-0.9298,130.3902
5.00,5.00,2660000000,-2.947418296e-01,8.485433456e-01,-0.9318,109.1547
5.00,5.00,2670000000,3.275511440e-02,8.974916464e-01,-0.9336,87.9098
5.00,5.00,2680000000,3.556787348e-01,8.247170868e-01,-0.9331,66.6707
5.00,5.00,2690000000,6.302028637e-01,6.395293550e-01,-0.9358,45.4208
5.00,5.00,2700000000,8.189278475e-01,3.675820759e-01,-0.9379,24.1733
5.00,5.00,2710000000,8.961892219e-01,4.589341629e-02,-0.9406,2.9315
5.00,5.00,2720000000,8.516308722e-01,-2.816916996e-01,-0.9441,-18.3025
5.00,5.00,2730000000,6.915615864e-01,-5.707990206e-01,-0.9471,-39.5355
5.00,5.00,2740000000,4.379823839e-01,-7.822466975e-01,-0.9489,-60.7554
5.00,5.00,2750000000,1.251704835e-01,-8.877189643e-01,-0.9490,-81.9741
5.00,5.00,2760000000,-2.047206028e-01,-8.729508256e-01,-0.9477,-103.1982
5.00,5.00,2770000000,-5.073051012e-01,-7.400118703e-01,-0.9422,-124.4321
5.00,5.00,2780000000,-7.415243329e-01,-5.057765471e-01,-0.9384,-145.7030
5.00,5.00,2790000000,-8.744896881e-01,-2.018473237e-01,-0.9395,-167.0028
5.00,5.00,2800000000,-8.874296659e-01,1.293481441e-01,-0.9460,171.7072
5.00,5.00,2810000000,-7.790353106e-01,4.415171204e-01,-0.9592,150.4577
5.00,5.00,2820000000,-5.660672056e-01,6.924067586e-01,-0.9699,129.2672
5.00,5.00,2830000000,-2.780326985e-01,8.498422927e-01,-0.9716,108.1159
5.00,5.00,2840000000,4.761685421e-02,8.936563189e-01,-0.9643,86.9500
5.00,5.00,2850000000,3.689610316e-01,8.170905584e-01,-0.9487,65.6982
5.00,5.00,2860000000,6.416576196e-01,6.275276122e-01,-0.9393,44.3621
5.00,5.00,2870000000,8.255802413e-01,3.502112226e-01,-0.9462,22.9867
5.00,5.00,2880000000,8.942679669e-01,2.595263343e-02,-0.9670,1.6623
5.00,5.00,2890000000,8.405475623e-01,-2.982440452e-01,-0.9938,-19.5358
5.00,5.00,2900000000,6.756651229e-01,-5.797205213e-01,-1.0095,-40.6296
5.00,5.00,2910000000,4.223019260e-01,-7.844666181e-01,-1.0033,-61.7051
5.00,5.00,2920000000,1.109598176e-01,-8.864813337e-01,-0.9791,-82.8655
5.00,5.00,2930000000,-2.198607382e-01,-8.683548733e-01,-0.9562,-104.2083
5.00,5.00,2940000000,-5.224541234e-01,-7.281357120e-01,-0.9521,-125.6603
5.00,5.00,2950000000,-7.502301777e-01,-4.856909246e-01,-0.9759,-147.0814
5.00,5.00,2960000000,-8.711234929e-01,-1.796543629e-01,-1.0175,-168.3471
5.00,5.00,2970000000,-8.741586496e-01,1.449705051e-01,-1.0504,170.5838
5.00,5.00,2980000000,-7.636754485e-01,4.478391368e-01,-1.0582,149.6115
5.00,5.00,2990000000,-5.536327932e-01,6.939167775e-01,-1.0346,128.5842
5.00,5.00,3000000000,-2.660758730e-01,8.510828934e-01,-0.9956,107.3609
10.00,10.00,2000000000,2.998184851e-01,8.583285405e-01,-0.8269,70.7454
10.00,10.00,2010000000,5.898486426e-01,6.948485228e-01,-0.8054,49.6725
10.00,10.00,2020000000,8.044258258e-01,4.354901926e-01,-0.7740,28.4297
10.00,10.00,2030000000,9.097873964e-01,1.121652128e-01,-0.7557,7.0284
10.00,10.00,2040000000,8.871275327e-01,-2.278862755e-01,-0.7628,-14.4067
10.00,10.00,2050000000,7.413487445e-01,-5.334099013e-01,-0.7877,-35.7355
10.00,10.00,2060000000,4.969763892e-01,-7.629716574e-01,-0.8139,-56.9210
10.00,10.00,2070000000,1.887744929e-01,-8.896784966e-01,-0.8241,-78.0205
10.00,10.00,2080000000,-1.446008149e-01,-8.986876068e-01,-0.8168,-99.1407
10.00,10.00,2090000000,-4.609323877e-01,-7.869337890e-01,-0.8002,-120.3589
10.00,10.00,2100000000,-7.163650360e-01,-5.663108097e-01,-0.7889,-141.6724
10.00,10.00,2110000000,-8.731120248e-01,-2.666439257e-01,-0.7913,-163.0176
10.00,10.00,2120000000,-9.089625103e-01,6.862260717e-02,-0.8044,175.6826
10.00,10.00,2130000000,-8.210421370e-01,3.924382453e-01,-0.8191,154.4533
10.00,10.00,2140000000,-6.231416636e-01,6.619124719e-01,-0.8279,133.2719
10.00,10.00,2150000000,-3.417601562e-01,8.423059358e-01,-0.8287,112.0845
10.00,10.00,2160000000,-1.374943158e-02,9.091954082e-01,-0.8259,90.8664
10.00,10.00,2170000000,3.168092320e-01,8.525273497e-01,-0.8240,69.6143
10.00,10.00,2180000000,6.042319536e-01,6.794708952e-01,-0.8261,48.3543
10.00,10.00,2190000000,8.090108080e-01,4.141191157e-01,-0.8302,27.1071
10.00,10.00,2200000000,9.036551431e-01,9.292576556e-02,-0.8343,5.8713
10.00,10.00,2210000000,8.756924650e-01,-2.409225345e-01,-0.8361,-15.3828
10.00,10.00,2220000000,7.286493561e-01,-5.414688506e-01,-0.8401,-36.6165
10.00,10.00,2230000000,4.828172618e-01,-7.680580783e-01,-0.8459,-57.8457
10.00,10.00,2240000000,1.718176645e-01,-8.901914177e-01,-0.8515,-79.0756
10.00,10.00,2250000000,-1.614714589e-01,-8.916994338e-01,-0.8555,-100.2641
10.00,10.00,2260000000,-4.730972724e-01,-7.730246340e-01,-0.8545,-121.4670
10.00,10.00,2270000000,-7.213122209e-01,-5.495073353e-01,-0.8500,-142.6993
10.00,10.00,2280000000,-8.718282278e-01,-2.508410059e-01,-0.8460,-163.9485
10.00,10.00,2290000000,-9.030527087e-01,8.284623894e-02,-0.8493,174.7583
10.00,10.00,2300000000,-8.108447955e-01,4.043409737e-01,-0.8568,153.4961
10.00,10.00,2310000000,-6.088785105e-01,6.695906941e-01,-0.8667,132.2812
10.00,10.00,2320000000,-3.255670806e-01,8.436147620e-01,-0.8742,111.1026
10.00,10.00,2330000000,1.035342968e-03,9.046222335e-01,-0.8706,89.9344
10.00,10.00,2340000000,3.284720339e-01,8.437144082e-01,-0.8632,68.7282
10.00,10.00,2350000000,6.126721846e-01,6.677431157e-01,-0.8553,47.4628
10.00,10.00,2360000000,8.136698814e-01,3.996580094e-01,-0.8524,26.1593
10.00,10.00,2370000000,9.023816653e-01,7.712681126e-02,-0.8606,4.8852
10.00,10.00,2380000000,8.679386140e-01,-2.546970420e-01,-0.8715,-16.3544
10.00,10.00,2390000000,7.165113134e-01,-5.507792901e-01,-0.8791,-37.5493
10.00,10.00,2400000000,4.692405651e-01,-7.723888369e-01,-0.8790,-58.7205
10.00,10.00,2410000000,1.580218707e-01,-8.905456863e-01,-0.8722,-79.9379
10.00,10.00,2420000000,-1.757061336e-01,-8.879485245e-01,-0.8654,-101.1930
10.00,10.00,2430000000,-4.862200417e-01,-7.636599065e-01,-0.8641,-122.4848
10.00,10.00,2440000000,-7.298773128e-01,-5.344957664e-01,-0.8703,-143.7843
10.00,10.00,2450000000,-8.729345650e-01,-2.335785967e-01,-0.8800,-165.0198
10.00,10.00,2460000000,-8.973673618e-01,9.799752030e-02,-0.8891,173.7677
10.00,10.00,2470000000,-8.009568819e-01,4.156879299e-01,-0.8920,152.5712
10.00,10.00,2480000000,-5.966778179e-01,6.775462164e-01,-0.8879,131.3686
10.00,10.00,2490000000,-3.108230143e-01,8.480816450e-01,-0.8839,110.1280
10.00,10.00,2500000000,1.818999433e-02,9.033466065e-01,-0.8812,88.8464
10.00,10.00,2510000000,3.447304730e-01,8.349467819e-01,-0.8832,67.5654
10.00,10.00,2520000000,6.233522981e-01,6.525872208e-01,-0.8914,46.3126
10.00,10.00,2530000000,8.168914331e-01,3.818735096e-01,-0.8984,25.0548
10.00,10.00,2540000000,8.991684352e-01,6.016776884e-02,-0.9038,3.8282
10.00,10.00,2550000000,8.596883498e-01,-2.693414747e-01,-0.9065,-17.3958
10.00,10.00,2560000000,7.035366814e-01,-5.626878446e-01,-0.9067,-38.6528
10.00,10.00,2570000000,4.519183179e-01,-7.792076688e-01,-0.9077,-59.8875
10.00,10.00,2580000000,1.390854415e-01,-8.898726140e-01,-0.9086,-81.1166
10.00,10.00,2590000000,-1.922724576e-01,-8.796862775e-01,-0.9108,-102.3292
10.00,10.00,2600000000,-4.973712078e-01,-7.502007474e-01,-0.9142,-123.5437
10.00,10.00,2610000000,-7.342517665e-01,-5.199390964e-01,-0.9180,-144.6969
10.00,10.00,2620000000,-8.722367080e-01,-2.189633932e-01,-0.9219,-165.9079
10.00,10.00,2630000000,-8.920653723e-01,1.118654883e-01,-0.9243,172.8524
10.00,10.00,2640000000,-7.906709362e-01,4.270658307e-01,-0.9283,151.6251
10.00,10.00,2650000000,-5.821886345e-01,6.843493454e-01,-0.9298,130.3884
10.00,10.00,2660000000,-2.946669466e-01,8.485543530e-01,-0.9319,109.1499
10.00,10.00,2670000000,3.280149108e-02,8.974682794e-01,-0.9338,87.9068
10.00,10.00,2680000000,3.556944038e-01,8.247139037e-01,-0.9330,66.6697
10.00,10.00,2690000000,6.301887435e-01,6.395685039e-01,-0.9356,45.4232
10.00,10.00,2700000000,8.189333190e-01,3.675588404e-01,-0.9380,24.1718
10.00,10.00,2710000000,8.962157249e-01,4.588595841e-02,-0.9404,2.9310
10.00,10.00,2720000000,8.516379057e-01,-2.816640541e-01,-0.9441,-18.3007
10.00,10.00,2730000000,6.915550885e-01,-5.707981686e-01,-0.9471,-39.5357
10.00,10.00,2740000000,4.379399936e-01,-7.822539281e-01,-0.9490,-60.7580
10.00,10.00,2750000000,1.251900602e-01,-8.876829222e-01,-0.9493,-81.9725
10.00,10.00,2760000000,-2.047345664e-01,-8.729667827e-01,-0.9475,-103.1989
10.00,10.00,2770000000,-5.072831762e-01,-7.400199775e-01,-0.9422,-124.4306
10.00,10.00,2780000000,-7.415677460e-01,-5.057761343e-01,-0.9381,-145.7046
10.00,10.00,2790000000,-8.745067319e-01,-2.018484023e-01,-0.9393,-167.0029
10.00,10.00,2800000000,-8.874455260e-01,1.293667414e-01,-0.9458,171.7062
10.00,10.00,2810000000,-7.790553582e-01,4.415015848e-01,-0.9591,150.4592
10.00,10.00,2820000000,-5.660261670e-01,6.924621213e-01,-0.9697,129.2629
10.00,10.00,2830000000,-2.780190105e-01,8.498336394e-01,-0.9718,108.1153
10.00,10.00,2840000000,4.761778293e-02,8.936701522e-01,-0.9641,86.9500
10.00,10.00,2850000000,3.689454666e-01,8.171224090e-01,-0.9485,65.7000
10.00,10.00,2860000000,6.416122565e-01,6.275229105e-01,-0.9396,44.3640
10.00,10.00,2870000000,8.256162110e-01,3.501947860e-01,-0.9459,22.9848
10.00,10.00,2880000000,8.943042336e-01,2.592755795e-02,-0.9666,1.6606
10.00,10.00,2890000000,8.405265391e-01,-2.982656358e-01,-0.9939,-19.5375
10.00,10.00,2900000000,6.756541789e-01,-5.797453092e-01,-1.0094,-40.6313
10.00,10.00,2910000000,4.223123006e-01,-7.844846099e-01,-1.0031,-61.7050
10.00,10.00,2920000000,1.109348990e-01,-8.864717736e-01,-0.9792,-82.8670
10.00,10.00,2930000000,-2.198669134e-01,-8.683542278e-01,-0.9562,-104.2087
10.00,10.00,2940000000,-5.224485000e-01,-7.281076913e-01,-0.9523,-125.6611
10.00,10.00,2950000000,-7.502211585e-01,-4.856961235e-01,-0.9760,-147.0808
10.00,10.00,2960000000,-8.712071660e-01,-1.796641937e-01,-1.0167,-168.3476
10.00,10.00,2970000000,-8.742020286e-01,1.449911389e-01,-1.0499,170.5829
10.00,10.00,2980000000,-7.637392374e-01,4.478675225e-01,-1.0575,149.6120
10.00,10.00,2990000000,-5.536067934e-01,6.939469339e-01,-1.0345,128.5817
10.00,10.00,3000000000,-2.660754236e-01,8.511278182e-01,-0.9952,107.3600
15.00,15.00,2000000000,2.998024436e-01,8.582938532e-01,-0.8273,70.7457
15.00,15.00,2010000000,5.898533547e-01,6.948012608e-01,-0.8057,49.6703
15.00,15.00,2020000000,8.044181579e-01,4.355141641e-01,-0.7740,28.4312
15.00,15.00,2030000000,9.097964539e-01,1.121556747e-01,-0.7556,7.0277
15.00,15.00,2040000000,8.871088107e-01,-2.278627220e-01,-0.7630,-14.4056
15.00,15.00,2050000000,7.413221123e-01,-5.333916982e-01,-0.7880,-35.7355
15.00,15.00,2060000000,4.969887629e-01,-7.629556674e-01,-0.8139,-56.9198
15.00,15.00,2070000000,1.887993558e-01,-8.896591691e-01,-0.8242,-78.0187
15.00,15.00,2080000000,-1.446277888e-01,-8.987113157e-01,-0.8166,-99.1421
15.00,15.00,2090000000,-4.609186913e-01,-7.869214248e-01,-0.8004,-120.3585
15.00,15.00,2100000000,-7.163583788e-01,-5.662678551e-01,-0.7892,-141.6743
15.00,15.00,2110000000,-8.731045908e-01,-2.666287705e-01,-0.7915,-163.0184
15.00,15.00,2120000000,-9.089692261e-01,6.861237309e-02,-0.8043,175.6833
15.00,15.00,2130000000,-8.210608964e-01,3.924059662e-01,-0.8190,154.4557
15.00,15.00,2140000000,-6.231443320e-01,6.618985192e-01,-0.8280,133.2726
15.00,15.00,2150000000,-3.417357358e-01,8.423115869e-01,-0.8288,112.0830
15.00,15.00,2160000000,-1.372948358e-02,9.092515429e-01,-0.8253,90.8651
15.00,15.00,2170000000,3.168210265e-01,8.525437779e-01,-0.8239,69.6140
15.00,15.00,2180000000,6.042340297e-01,6.794428036e-01,-0.8263,48.3530
15.00,15.00,2190000000,8.090048033e-01,4.141210380e-01,-0.8303,27.1074
15.00,15.00,2200000000,9.036466577e-01,9.297627692e-02,-0.8343,5.8745
15.00,15.00,2210000000,8.756550516e-01,-2.408988175e-01,-0.8365,-15.3819
15.00,15.00,2220000000,7.286510902e-01,-5.414398155e-01,-0.8403,-36.6150
15.00,15.00,2230000000,4.828155862e-01,-7.680322092e-01,-0.8461,-57.8449
15.00,15.00,2240000000,1.717973274e-01,-8.901419497e-01,-0.8520,-79.0762
15.00,15.00,2250000000,-1.614582466e-01,-8.916964592e-01,-0.8556,-100.2633
15.00,15.00,2260000000,-4.730893241e-01,-7.730076560e-01,-0.8547,-121.4671
15.00,15.00,2270000000,-7.212811158e-01,-5.494857596e-01,-0.8503,-142.6992
15.00,15.00,2280000000,-8.717989649e-01,-2.508230127e-01,-0.8463,-163.9491
15.00,15.00,2290000000,-9.030494162e-01,8.285367528e-02,-0.8494,174.7579
15.00,15.00,2300000000,-8.108293865e-01,4.042937099e-01,-0.8571,153.4984
15.00,15.00,2310000000,-6.088705475e-01,6.695347154e-01,-0.8672,132.2832
15.00,15.00,2320000000,-3.255531126e-01,8.435765969e-01,-0.8746,111.1026
15.00,15.00,2330000000,1.036472786e-03,9.045466950e-01,-0.8714,89.9343
15.00,15.00,2340000000,3.284746973e-01,8.437218732e-01,-0.8631,68.7282
15.00,15.00,2350000000,6.126283816e-01,6.677276282e-01,-0.8556,47.4642
15.00,15.00,2360000000,8.136833507e-01,3.996450580e-01,-0.8524,26.1582
15.00,15.00,2370000000,9.023430966e-01,7.713522601e-02,-0.8609,4.8860
15.00,15.00,2380000000,8.679251501e-01,-2.546915120e-01,-0.8716,-16.3543
15.00,15.00,2390000000,7.165308727e-01,-5.507970344e-01,-0.8789,-37.5495
15.00,15.00,2400000000,4.692294218e-01,-7.723457954e-01,-0.8794,-58.7197
15.00,15.00,2410000000,1.580549512e-01,-8.904824460e-01,-0.8728,-79.9352
15.00,15.00,2420000000,-1.756891400e-01,-8.879176947e-01,-0.8658,-101.1923
15.00,15.00,2430000000,-4.861930644e-01,-7.636249255e-01,-0.8645,-122.4845
15.00,15.00,2440000000,-7.298090302e-01,-5.344855930e-01,-0.8709,-143.7823
15.00,15.00,2450000000,-8.728887339e-01,-2.335577338e-01,-0.8805,-165.0203
15.00,15.00,2460000000,-8.972927990e-01,9.802062295e-02,-0.8898,173.7657
15.00,15.00,2470000000,-8.009017941e-01,4.156174430e-01,-0.8928,152.5735
15.00,15.00,2480000000,-5.966079366e-01,6.774990530e-01,-0.8887,131.3673
15.00,15.00,2490000000,-3.107989873e-01,8.480470925e-01,-0.8843,110.1273
15.00,15.00,2500000000,1.819304875e-02,9.033331274e-01,-0.8813,88.8462
15.00,15.00,2510000000,3.447097718e-01,8.348700141e-01,-0.8840,67.5647
15.00,15.00,2520000000,6.233741440e-01,6.525564665e-01,-0.8915,46.3102
15.00,15.00,2530000000,8.168836599e-01,3.818575182e-01,-0.8985,25.0540
15.00,15.00,2540000000,8.991331740e-01,6.016626250e-02,-0.9041,3.8283
15.00,15.00,2550000000,8.596555760e-01,-2.692942278e-01,-0.9070,-17.3936
15.00,15.00,2560000000,7.035192012e-01,-5.626456207e-01,-0.9071,-38.6514
15.00,15.00,2570000000,4.519384151e-01,-7.791806694e-01,-0.9078,-59.8855
15.00,15.00,2580000000,1.391203376e-01,-8.898840282e-01,-0.9085,-81.1146
15.00,15.00,2590000000,-1.922792017e-01,-8.796229863e-01,-0.9114,-102.3305
15.00,15.00,2600000000,-4.973630574e-01,-7.501896605e-01,-0.9143,-123.5437
15.00,15.00,2610000000,-7.342081184e-01,-5.199042911e-01,-0.9186,-144.6971
15.00,15.00,2620000000,-8.722391592e-01,-2.189723309e-01,-0.9219,-165.9074
15.00,15.00,2630000000,-8.919900357e-01,1.118291232e-01,-0.9251,172.8541
15.00,15.00,2640000000,-7.906653121e-01,4.270605060e-01,-0.9284,151.6253
15.00,15.00,2650000000,-5.821643903e-01,6.843019428e-01,-0.9303,130.3892
15.00,15.00,2660000000,-2.946826394e-01,8.485655431e-01,-0.9318,109.1507
15.00,15.00,2670000000,3.276633677e-02,8.974189450e-01,-0.9343,87.9090
15.00,15.00,2680000000,3.556450383e-01,8.246828994e-01,-0.9335,66.6718
15.00,15.00,2690000000,6.301706935e-01,6.394953627e-01,-0.9363,45.4208
15.00,15.00,2700000000,8.189077257e-01,3.675511735e-01,-0.9382,24.1720
15.00,15.00,2710000000,8.961550695e-01,4.590930727e-02,-0.9410,2.9327
15.00,15.00,2720000000,8.516402858e-01,-2.816738000e-01,-0.9440,-18.3013
15.00,15.00,2730000000,6.915530623e-01,-5.708020455e-01,-0.9471,-39.5360
15.00,15.00,2740000000,4.379362610e-01,-7.822199652e-01,-0.9493,-60.7571
15.00,15.00,2750000000,1.252311044e-01,-8.876413549e-01,-0.9497,-81.9695
15.00,15.00,2760000000,-2.047039355e-01,-8.729646735e-01,-0.9476,-103.1970
15.00,15.00,2770000000,-5.073056154e-01,-7.400354259e-01,-0.9420,-124.4312
15.00,15.00,2780000000,-7.415022635e-01,-5.057598978e-01,-0.9387,-145.7031
15.00,15.00,2790000000,-8.744600755e-01,-2.018723249e-01,-0.9397,-167.0008
15.00,15.00,2800000000,-8.874260852e-01,1.293606782e-01,-0.9460,171.7064
15.00,15.00,2810000000,-7.790237780e-01,4.414956204e-01,-0.9594,150.4585
15.00,15.00,2820000000,-5.660243254e-01,6.924102892e-01,-0.9701,129.2650
15.00,15.00,2830000000,-2.780124189e-01,8.498052342e-01,-0.9720,108.1154
15.00,15.00,2840000000,4.758692340e-02,8.936143889e-01,-0.9647,86.9518
15.00,15.00,2850000000,3.689510840e-01,8.171263022e-01,-0.9484,65.6997
15.00,15.00,2860000000,6.416158995e-01,6.274621297e-01,-0.9400,44.3610
15.00,15.00,2870000000,8.255671029e-01,3.501930903e-01,-0.9464,22.9859
15.00,15.00,2880000000,8.941858325e-01,2.594465089e-02,-0.9678,1.6620
15.00,15.00,2890000000,8.404767434e-01,-2.982245404e-01,-0.9945,-19.5361
15.00,15.00,2900000000,6.756539990e-01,-5.797145269e-01,-1.0096,-40.6298
15.00,15.00,2910000000,4.223246862e-01,-7.844914103e-01,-1.0030,-61.7046
15.00,15.00,2920000000,1.109172677e-01,-8.864527254e-01,-0.9794,-82.8679
15.00,15.00,2930000000,-2.198621407e-01,-8.683250835e-01,-0.9565,-104.2088
15.00,15.00,2940000000,-5.224414213e-01,-7.280793758e-01,-0.9526,-125.6617
15.00,15.00,2950000000,-7.502249239e-01,-4.856802018e-01,-0.9760,-147.0818
15.00,15.00,2960000000,-8.711551961e-01,-1.796891672e-01,-1.0171,-168.3453
15.00,15.00,2970000000,-8.741854835e-01,1.449817181e-01,-1.0501,170.5833
15.00,15.00,2980000000,-7.637047745e-01,4.478256179e-01,-1.0580,149.6132
15.00,15.00,2990000000,-5.535931485e-01,6.938879285e-01,-1.0350,128.5833
15.00,15.00,3000000000,-2.660384097e-01,8.510775311e-01,-0.9957,107.3587
20.00,20.00,2000000000,2.997743829e-01,8.583154487e-01,-0.8272,70.7478
20.00,20.00,2010000000,5.898065113e-01,6.948079401e-01,-0.8059,49.6728
20.00,20.00,2020000000,8.043788478e-01,4.354759687e-01,-0.7745,28.4303
20.00,20.00,2030000000,9.097707054e-01,1.121511750e-01,-0.7559,7.0276
20.00,20.00,2040000000,8.871291924e-01,-2.278398128e-01,-0.7629,-14.4039
20.00,20.00,2050000000,7.412978770e-01,-5.333717533e-01,-0.7883,-35.7354
20.00,20.00,2060000000,4.969463227e-01,-7.629147142e-01,-0.8145,-56.9206
20.00,20.00,2070000000,1.887766166e-01,-8.896049725e-01,-0.8248,-78.0194
20.00,20.00,2080000000,-1.445899118e-01,-8.986793723e-01,-0.8169,-99.1401
20.00,20.00,2090000000,-4.608895579e-01,-7.869197286e-01,-0.8005,-120.3570
20.00,20.00,2100000000,-7.162901412e-01,-5.662704732e-01,-0.7897,-141.6715
20.00,20.00,2110000000,-8.730687526e-01,-2.666047145e-01,-0.7918,-163.0192
20.00,20.00,2120000000,-9.089641877e-01,6.861723242e-02,-0.8044,175.6830
20.00,20.00,2130000000,-8.210124604e-01,3.924062968e-01,-0.8195,154.4543
20.00,20.00,2140000000,-6.231748475e-01,6.619271157e-01,-0.8276,133.2728
20.00,20.00,2150000000,-3.417556864e-01,8.423287646e-01,-0.8285,112.0837
20.00,20.00,2160000000,-1.372753966e-02,9.092067589e-01,-0.8258,90.8650
20.00,20.00,2170000000,3.168157583e-01,8.525115176e-01,-0.8242,69.6136
20.00,20.00,2180000000,6.042070578e-01,6.794567267e-01,-0.8264,48.3549
20.00,20.00,2190000000,8.089873198e-01,4.140844733e-01,-0.8306,27.1059
20.00,20.00,2200000000,9.036429882e-01,9.297211431e-02,-0.8343,5.8743
20.00,20.00,2210000000,8.756434064e-01,-2.408876689e-01,-0.8366,-15.3815
20.00,20.00,2220000000,7.286292237e-01,-5.414512805e-01,-0.8404,-36.6164
20.00,20.00,2230000000,4.827999758e-01,-7.680509644e-01,-0.8460,-57.8464
20.00,20.00,2240000000,1.718461716e-01,-8.901504583e-01,-0.8518,-79.0733
20.00,20.00,2250000000,-1.614296104e-01,-8.916872244e-01,-0.8557,-100.2616
20.00,20.00,2260000000,-4.730941419e-01,-7.729665070e-01,-0.8550,-121.4687
20.00,20.00,2270000000,-7.212122180e-01,-5.494710952e-01,-0.8509,-142.6973
20.00,20.00,2280000000,-8.717771569e-01,-2.508367960e-01,-0.8465,-163.9479
20.00,20.00,2290000000,-9.030580430e-01,8.280969084e-02,-0.8493,174.7607
20.00,20.00,2300000000,-8.108429816e-01,4.043240688e-01,-0.8569,153.4970
20.00,20.00,2310000000,-6.088870784e-01,6.695313129e-01,-0.8671,132.2841
20.00,20.00,2320000000,-3.255520662e-01,8.435890008e-01,-0.8745,111.1023
20.00,20.00,2330000000,1.035287405e-03,9.045897085e-01,-0.8710,89.9344
20.00,20.00,2340000000,3.284899467e-01,8.437234454e-01,-0.8631,68.7274
20.00,20.00,2350000000,6.126186849e-01,6.677089676e-01,-0.8558,47.4638
20.00,20.00,2360000000,8.136873554e-01,3.996533023e-01,-0.8523,26.1586
20.00,20.00,2370000000,9.023362974e-01,7.717311070e-02,-0.8610,4.8884
20.00,20.00,2380000000,8.678814603e-01,-2.546835103e-01,-0.8720,-16.3546
20.00,20.00,2390000000,7.165266040e-01,-5.507515377e-01,-0.8792,-37.5473
20.00,20.00,2400000000,4.692219233e-01,-7.723750792e-01,-0.8792,-58.7211
20.00,20.00,2410000000,1.580359549e-01,-8.904744476e-01,-0.8729,-79.9363
20.00,20.00,2420000000,-1.756931596e-01,-8.879049233e-01,-0.8659,-101.1928
20.00,20.00,2430000000,-4.862238169e-01,-7.636348597e-01,-0.8642,-122.4858
20.00,20.00,2440000000,-7.298440125e-01,-5.344909258e-01,-0.8706,-143.7833
20.00,20.00,2450000000,-8.728978857e-01,-2.335481007e-01,-0.8805,-165.0211
20.00,20.00,2460000000,-8.973156387e-01,9.799555197e-02,-0.8896,173.7674
20.00,20.00,2470000000,-8.008970367e-01,4.156185085e-01,-0.8928,152.5733
20.00,20.00,2480000000,-5.966344498e-01,6.775094766e-01,-0.8885,131.3681
20.00,20.00,2490000000,-3.107707121e-01,8.480022158e-01,-0.8848,110.1266
20.00,20.00,2500000000,1.818318307e-02,9.032903733e-01,-0.8817,88.8468
20.00,20.00,2510000000,3.447071365e-01,8.348354985e-01,-0.8843,67.5641
20.00,20.00,2520000000,6.233358881e-01,6.525419991e-01,-0.8918,46.3113
20.00,20.00,2530000000,8.168647987e-01,3.818486436e-01,-0.8987,25.0540
20.00,20.00,2540000000,8.990924545e-01,6.021334381e-02,-0.9045,3.8314
20.00,20.00,2550000000,8.596525850e-01,-2.692932250e-01,-0.9070,-17.3936
20.00,20.00,2560000000,7.034771012e-01,-5.626444386e-01,-0.9074,-38.6530
20.00,20.00,2570000000,4.519492436e-01,-7.791769665e-01,-0.9078,-59.8848
20.00,20.00,2580000000,1.391370997e-01,-8.898383347e-01,-0.9089,-81.1131
20.00,20.00,2590000000,-1.922639810e-01,-8.796084239e-01,-0.9115,-102.3297
20.00,20.00,2600000000,-4.973876219e-01,-7.501371285e-01,-0.9146,-123.5469
20.00,20.00,2610000000,-7.341801420e-01,-5.198778274e-01,-0.9189,-144.6974
20.00,20.00,2620000000,-8.722462122e-01,-2.189582280e-01,-0.9218,-165.9083
20.00,20.00,2630000000,-8.920165548e-01,1.118330320e-01,-0.9248,172.8541
20.00,20.00,2640000000,-7.906448300e-01,4.270674635e-01,-0.9285,151.6243
20.00,20.00,2650000000,-5.821747924e-01,6.842999126e-01,-0.9302,130.3898
20.00,20.00,2660000000,-2.946740207e-01,8.485365965e-01,-0.9321,109.1507
20.00,20.00,2670000000,3.277489864e-02,8.974571824e-01,-0.9339,87.9085
20.00,20.00,2680000000,3.556825868e-01,8.246868335e-01,-0.9333,66.6697
20.00,20.00,2690000000,6.301787442e-01,6.394853812e-01,-0.9363,45.4200
20.00,20.00,2700000000,8.188950613e-01,3.675857882e-01,-0.9382,24.1744
20.00,20.00,2710000000,8.962116859e-01,4.590851297e-02,-0.9404,2.9324
20.00,20.00,2720000000,8.516032267e-01,-2.816385814e-01,-0.9445,-18.2999
20.00,20.00,2730000000,6.915227639e-01,-5.707879899e-01,-0.9474,-39.5365
20.00,20.00,2740000000,4.379512729e-01,-7.822259500e-01,-0.9492,-60.7565
20.00,20.00,2750000000,1.252510188e-01,-8.876634684e-01,-0.9494,-81.9685
20.00,20.00,2760000000,-2.046713326e-01,-8.729161858e-01,-0.9481,-103.1957
20.00,20.00,2770000000,-5.072886622e-01,-7.400023954e-01,-0.9423,-124.4315
20.00,20.00,2780000000,-7.414755093e-01,-5.057422970e-01,-0.9390,-145.7031
20.00,20.00,2790000000,-8.744936982e-01,-2.018599672e-01,-0.9394,-167.0020
20.00,20.00,2800000000,-8.873964600e-01,1.293477882e-01,-0.9463,171.7069
20.00,20.00,2810000000,-7.790181721e-01,4.415189637e-01,-0.9593,150.4570
20.00,20.00,2820000000,-5.660591756e-01,6.924017471e-01,-0.9700,129.2670
20.00,20.00,2830000000,-2.780142045e-01,8.498007782e-01,-0.9721,108.1156
20.00,20.00,2840000000,4.759967202e-02,8.936479329e-01,-0.9644,86.9511
20.00,20.00,2850000000,3.689284713e-01,8.171171818e-01,-0.9486,65.7008
20.00,20.00,2860000000,6.416062792e-01,6.275138473e-01,-0.9397,44.3638
20.00,20.00,2870000000,8.255648636e-01,3.502387103e-01,-0.9462,22.9887
20.00,20.00,2880000000,8.942154859e-01,2.594586139e-02,-0.9675,1.6620
20.00,20.00,2890000000,8.404944197e-01,-2.982248090e-01,-0.9943,-19.5357
20.00,20.00,2900000000,6.756267879e-01,-5.797051756e-01,-1.0098,-40.6304
20.00,20.00,2910000000,4.223103343e-01,-7.844612681e-01,-1.0033,-61.7044
20.00,20.00,2920000000,1.109312648e-01,-8.864483405e-01,-0.9794,-82.8670
20.00,20.00,2930000000,-2.198371395e-01,-8.682873379e-01,-0.9569,-104.2079
20.00,20.00,2940000000,-5.224453700e-01,-7.281002385e-01,-0.9524,-125.6612
20.00,20.00,2950000000,-7.502101659e-01,-4.856969759e-01,-0.9761,-147.0804
20.00,20.00,2960000000,-8.711303289e-01,-1.796307475e-01,-1.0175,-168.3487
20.00,20.00,2970000000,-8.741459495e-01,1.449794217e-01,-1.0505,170.5831
20.00,20.00,2980000000,-7.637379097e-01,4.478308634e-01,-1.0577,149.6140
20.00,20.00,2990000000,-5.536319266e-01,6.939170192e-01,-1.0346,128.5841
20.00,20.00,3000000000,-2.660598658e-01,8.510550702e-01,-0.9959,107.3605
25.00,25.00,2000000000,2.998111342e-01,8.583015275e-01,-0.8272,70.7453
25.00,25.00,2010000000,5.898266332e-01,6.947977947e-01,-0.8059,49.6715
25.00,25.00,2020000000,8.043886870e-01,4.354625442e-01,-0.7745,28.4293
25.00,25.00,2030000000,9.097651084e-01,1.121510076e-01,-0.7559,7.0277
25.00,25.00,2040000000,8.871071140e-01,-2.278011933e-01,-0.7631,-14.4019
25.00,25.00,2050000000,7.412978398e-01,-5.333640389e-01,-0.7883,-35.7350
25.00,25.00,2060000000,4.969765587e-01,-7.629459048e-01,-0.8141,-56.9201
25.00,25.00,2070000000,1.888058050e-01,-8.896401301e-01,-0.8244,-78.0181
25.00,25.00,2080000000,-1.446071777e-01,-8.986791650e-01,-0.8169,-99.1412
25.00,25.00,2090000000,-4.609405403e-01,-7.869212827e-01,-0.8003,-120.3597
25.00,25.00,2100000000,-7.163466458e-01,-5.663041789e-01,-0.7891,-141.6720
25.00,25.00,2110000000,-8.730711472e-01,-2.666373917e-01,-0.7917,-163.0172
25.00,25.00,2120000000,-9.089402972e-01,6.862605127e-02,-0.8046,175.6823
25.00,25.00,2130000000,-8.210102782e-01,3.924265498e-01,-0.8194,154.4531
25.00,25.00,2140000000,-6.231340606e-01,6.619260570e-01,-0.8279,133.2709
25.00,25.00,2150000000,-3.417564576e-01,8.423072266e-01,-0.8287,112.0843
25.00,25.00,2160000000,-1.372829914e-02,9.091741054e-01,-0.8261,90.8651
25.00,25.00,2170000000,3.167873899e-01,8.524920858e-01,-0.8244,69.6149
25.00,25.00,2180000000,6.042168535e-01,6.794614937e-01,-0.8263,48.3546
25.00,25.00,2190000000,8.089941581e-01,4.141308224e-01,-0.8303,27.1083
25.00,25.00,2200000000,9.036015626e-01,9.297525031e-02,-0.8347,5.8747
25.00,25.00,2210000000,8.756517727e-01,-2.408583816e-01,-0.8366,-15.3795
25.00,25.00,2220000000,7.286320800e-01,-5.414405113e-01,-0.8404,-36.6157
25.00,25.00,2230000000,4.827851371e-01,-7.680138018e-01,-0.8464,-57.8459
25.00,25.00,2240000000,1.718147288e-01,-8.901469350e-01,-0.8519,-79.0752
25.00,25.00,2250000000,-1.614596517e-01,-8.916855102e-01,-0.8557,-100.2635
25.00,25.00,2260000000,-4.731265510e-01,-7.729736547e-01,-0.8548,-121.4702
25.00,25.00,2270000000,-7.212444011e-01,-5.494702342e-01,-0.8507,-142.6985
25.00,25.00,2280000000,-8.718342916e-01,-2.508438116e-01,-0.8459,-163.9484
25.00,25.00,2290000000,-9.030551867e-01,8.282119288e-02,-0.8493,174.7599
25.00,25.00,2300000000,-8.108076551e-01,4.042906626e-01,-0.8573,153.4979
25.00,25.00,2310000000,-6.088793018e-01,6.695223182e-01,-0.8672,132.2841
25.00,25.00,2320000000,-3.255614505e-01,8.435856571e-01,-0.8744,111.1029
25.00,25.00,2330000000,1.015703317e-03,9.045425763e-01,-0.8714,89.9357
25.00,25.00,2340000000,3.284826130e-01,8.437121024e-01,-0.8632,68.7275
25.00,25.00,2350000000,6.126392499e-01,6.677406833e-01,-0.8555,47.4642
25.00,25.00,2360000000,8.136684032e-01,3.996646569e-01,-0.8524,26.1597
25.00,25.00,2370000000,9.023258356e-01,7.713449745e-02,-0.8611,4.8860
25.00,25.00,2380000000,8.678757485e-01,-2.547270085e-01,-0.8720,-16.3573
25.00,25.00,2390000000,7.164974759e-01,-5.508052288e-01,-0.8791,-37.5512
25.00,25.00,2400000000,4.691812857e-01,-7.723597283e-01,-0.8795,-58.7228
25.00,25.00,2410000000,1.580175018e-01,-8.904787727e-01,-0.8729,-79.9375
25.00,25.00,2420000000,-1.756759016e-01,-8.879554670e-01,-0.8654,-101.1911
25.00,25.00,2430000000,-4.862123966e-01,-7.636251654e-01,-0.8644,-122.4856
25.00,25.00,2440000000,-7.298052933e-01,-5.344741865e-01,-0.8710,-143.7828
25.00,25.00,2450000000,-8.728925305e-01,-2.335385381e-01,-0.8805,-165.0216
25.00,25.00,2460000000,-8.973081250e-01,9.801578639e-02,-0.8897,173.7661
25.00,25.00,2470000000,-8.008751269e-01,4.156226501e-01,-0.8930,152.5725
25.00,25.00,2480000000,-5.965928952e-01,6.774744772e-01,-0.8890,131.3676
25.00,25.00,2490000000,-3.108206696e-01,8.480467061e-01,-0.8842,110.1286
25.00,25.00,2500000000,1.819921293e-02,9.032492915e-01,-0.8821,88.8457
25.00,25.00,2510000000,3.447435294e-01,8.348369000e-01,-0.8842,67.5620
25.00,25.00,2520000000,6.233193253e-01,6.525408472e-01,-0.8920,46.3120
25.00,25.00,2530000000,8.168561413e-01,3.818220439e-01,-0.8989,25.0527
25.00,25.00,2540000000,8.991323096e-01,6.013990604e-02,-0.9041,3.8266
25.00,25.00,2550000000,8.596472452e-01,-2.692999194e-01,-0.9070,-17.3941
25.00,25.00,2560000000,7.035000028e-01,-5.626776536e-01,-0.9070,-38.6537
25.00,25.00,2570000000,4.519164145e-01,-7.791857466e-01,-0.9079,-59.8869
25.00,25.00,2580000000,1.390868653e-01,-8.898233502e-01,-0.9091,-81.1161
25.00,25.00,2590000000,-1.922559909e-01,-8.796132107e-01,-0.9115,-102.3292
25.00,25.00,2600000000,-4.973348022e-01,-7.501530126e-01,-0.9148,-123.5435
25.00,25.00,2610000000,-7.341852028e-01,-5.199244336e-01,-0.9186,-144.6952
25.00,25.00,2620000000,-8.721948666e-01,-2.189627292e-01,-0.9223,-165.9073
25.00,25.00,2630000000,-8.920199389e-01,1.118186865e-01,-0.9248,172.8550
25.00,25.00,2640000000,-7.906280695e-01,4.270332779e-01,-0.9288,151.6257
25.00,25.00,2650000000,-5.821932846e-01,6.843136585e-01,-0.9300,130.3901
25.00,25.00,2660000000,-2.946751005e-01,8.485169902e-01,-0.9323,109.1512
25.00,25.00,2670000000,3.277339754e-02,8.974742378e-01,-0.9338,87.9086
25.00,25.00,2680000000,3.556759016e-01,8.246756412e-01,-0.9334,66.6699
25.00,25.00,2690000000,6.301552470e-01,6.395301475e-01,-0.9361,45.4230
25.00,25.00,2700000000,8.188739569e-01,3.675838246e-01,-0.9384,24.1748
25.00,25.00,2710000000,8.961784688e-01,4.593680226e-02,-0.9407,2.9343
25.00,25.00,2720000000,8.515996288e-01,-2.816507188e-01,-0.9445,-18.3007
25.00,25.00,2730000000,6.915777683e-01,-5.707966756e-01,-0.9470,-39.5347
25.00,25.00,2740000000,4.379360805e-01,-7.822200684e-01,-0.9493,-60.7571
25.00,25.00,2750000000,1.252261007e-01,-8.876406258e-01,-0.9497,-81.9699
25.00,25.00,2760000000,-2.046960429e-01,-8.729175432e-01,-0.9481,-103.1972
25.00,25.00,2770000000,-5.072823127e-01,-7.399883794e-01,-0.9425,-124.4317
25.00,25.00,2780000000,-7.415190567e-01,-5.057502649e-01,-0.9386,-145.7042
25.00,25.00,2790000000,-8.744299231e-01,-2.018055127e-01,-0.9401,-167.0045
25.00,25.00,2800000000,-8.873566401e-01,1.293210413e-01,-0.9468,171.7082
25.00,25.00,2810000000,-7.789709493e-01,4.415058466e-01,-0.9598,150.4563
25.00,25.00,2820000000,-5.660453334e-01,6.923925912e-01,-0.9701,129.2667
25.00,25.00,2830000000,-2.780089531e-01,8.498102829e-01,-0.9720,108.1151
25.00,25.00,2840000000,4.762930329e-02,8.936167757e-01,-0.9647,86.9491
25.00,25.00,2850000000,3.689184831e-01,8.170373667e-01,-0.9493,65.6993
25.00,25.00,2860000000,6.415727598e-01,6.274410209e-01,-0.9404,44.3620
25.00,25.00,2870000000,8.255753459e-01,3.501557125e-01,-0.9464,22.9835
25.00,25.00,2880000000,8.942291866e-01,2.591372988e-02,-0.9674,1.6599
25.00,25.00,2890000000,8.404652021e-01,-2.982180967e-01,-0.9946,-19.5360
25.00,25.00,2900000000,6.756583177e-01,-5.797160759e-01,-1.0095,-40.6297
25.00,25.00,2910000000,4.222897384e-01,-7.844687644e-01,-1.0033,-61.7058
25.00,25.00,2920000000,1.109456371e-01,-8.864269144e-01,-0.9796,-82.8659
25.00,25.00,2930000000,-2.198168096e-01,-8.683200949e-01,-0.9566,-104.2061
25.00,25.00,2940000000,-5.224061129e-01,-7.280866970e-01,-0.9527,-125.6596
25.00,25.00,2950000000,-7.501724404e-01,-4.856846418e-01,-0.9764,-147.0797
25.00,25.00,2960000000,-8.711092555e-01,-1.796467496e-01,-1.0177,-168.3474
25.00,25.00,2970000000,-8.741356551e-01,1.449839146e-01,-1.0506,170.5827
25.00,25.00,2980000000,-7.636927488e-01,4.478184298e-01,-1.0581,149.6133
25.00,25.00,2990000000,-5.536296128e-01,6.938976998e-01,-1.0347,128.5848
25.00,25.00,3000000000,-2.661048019e-01,8.510730397e-01,-0.9956,107.3629
30.00,30.00,2000000000,2.998187948e-01,8.582603432e-01,-0.8276,70.7440
30.00,30.00,2010000000,5.897921965e-01,6.948169449e-01,-0.8059,49.6739
30.00,30.00,2020000000,8.043885424e-01,4.354702881e-01,-0.7744,28.4297
30.00,30.00,2030000000,9.097459074e-01,1.121635610e-01,-0.7561,7.0286
30.00,30.00,2040000000,8.870841593e-01,-2.278631283e-01,-0.7632,-14.4060
30.00,30.00,2050000000,7.412648400e-01,-5.333661885e-01,-0.7886,-35.7363
30.00,30.00,2060000000,4.969361554e-01,-7.629248979e-01,-0.8145,-56.9215
30.00,30.00,2070000000,1.887709307e-01,-8.895770424e-01,-0.8250,-78.0194
30.00,30.00,2080000000,-1.445966536e-01,-8.986404792e-01,-0.8173,-99.1409
30.00,30.00,2090000000,-4.608568594e-01,-7.868940560e-01,-0.8009,-120.3560
30.00,30.00,2100000000,-7.162946398e-01,-5.662695180e-01,-0.7897,-141.6717
30.00,30.00,2110000000,-8.730292980e-01,-2.666400273e-01,-0.7921,-163.0163
30.00,30.00,2120000000,-9.089147412e-01,6.859190609e-02,-0.8049,175.6843
30.00,30.00,2130000000,-8.209851592e-01,3.924062027e-01,-0.8197,154.4536
30.00,30.00,2140000000,-6.231054521e-01,6.619029970e-01,-0.8282,133.2706
30.00,30.00,2150000000,-3.417659670e-01,8.422939199e-01,-0.8288,112.0852
30.00,30.00,2160000000,-1.371289514e-02,9.091412310e-01,-0.8264,90.8641
30.00,30.00,2170000000,3.168080180e-01,8.524855190e-01,-0.8244,69.6135
30.00,30.00,2180000000,6.041943955e-01,6.794390063e-01,-0.8266,48.3548
30.00,30.00,2190000000,8.089630331e-01,4.141005263e-01,-0.8307,27.1075
30.00,30.00,2200000000,9.035317379e-01,9.297541114e-02,-0.8354,5.8752
30.00,30.00,2210000000,8.756164969e-01,-2.408831930e-01,-0.8369,-15.3816
30.00,30.00,2220000000,7.286096438e-01,-5.414101328e-01,-0.8407,-36.6150
30.00,30.00,2230000000,4.827508446e-01,-7.679676880e-01,-0.8469,-57.8462
30.00,30.00,2240000000,1.718081998e-01,-8.901139348e-01,-0.8522,-79.0752
30.00,30.00,2250000000,-1.614407803e-01,-8.916653297e-01,-0.8559,-100.2625
30.00,30.00,2260000000,-4.730756789e-01,-7.729461350e-01,-0.8553,-121.4684
30.00,30.00,2270000000,-7.212504890e-01,-5.494464400e-01,-0.8508,-142.7000
30.00,30.00,2280000000,-8.717749141e-01,-2.508378474e-01,-0.8465,-163.9478
30.00,30.00,2290000000,-9.030251235e-01,8.283051473e-02,-0.8496,174.7592
30.00,30.00,2300000000,-8.108055718e-01,4.043100356e-01,-0.8572,153.4968
30.00,30.00,2310000000,-6.088742333e-01,6.695136334e-01,-0.8673,132.2843
30.00,30.00,2320000000,-3.255578153e-01,8.435802193e-01,-0.8745,111.1028
30.00,30.00,2330000000,1.032584017e-03,9.045305785e-01,-0.8715,89.9346
30.00,30.00,2340000000,3.284621649e-01,8.436597221e-01,-0.8637,68.7275
30.00,30.00,2350000000,6.126105424e-01,6.676783944e-01,-0.8561,47.4629
30.00,30.00,2360000000,8.136669780e-01,3.996376128e-01,-0.8525,26.1583
30.00,30.00,2370000000,9.023412737e-01,7.714179635e-02,-0.8610,4.8864
30.00,30.00,2380000000,8.679108119e-01,-2.546813912e-01,-0.8718,-16.3539
30.00,30.00,2390000000,7.164892605e-01,-5.507671025e-01,-0.8794,-37.5496
30.00,30.00,2400000000,4.691921430e-01,-7.723578219e-01,-0.8795,-58.7221
30.00,30.00,2410000000,1.580516812e-01,-8.905022067e-01,-0.8726,-79.9356
30.00,30.00,2420000000,-1.756742683e-01,-8.878918192e-01,-0.8660,-101.1917
30.00,30.00,2430000000,-4.861913143e-01,-7.635969630e-01,-0.8647,-122.4854
30.00,30.00,2440000000,-7.298272731e-01,-5.344917237e-01,-0.8707,-143.7827
30.00,30.00,2450000000,-8.728741500e-01,-2.335287516e-01,-0.8807,-165.0219
30.00,30.00,2460000000,-8.972787579e-01,9.798449268e-02,-0.8900,173.7679
30.00,30.00,2470000000,-8.008871588e-01,4.156323033e-01,-0.8928,152.5723
30.00,30.00,2480000000,-5.966238490e-01,6.774857513e-01,-0.8887,131.3686
30.00,30.00,2490000000,-3.107602642e-01,8.480379396e-01,-0.8845,110.1252
30.00,30.00,2500000000,1.817258910e-02,9.032877172e-01,-0.8817,88.8475
30.00,30.00,2510000000,3.446899742e-01,8.348443977e-01,-0.8843,67.5653
30.00,30.00,2520000000,6.233345393e-01,6.525731409e-01,-0.8916,46.3128
30.00,30.00,2530000000,8.168555373e-01,3.818583044e-01,-0.8987,25.0548
30.00,30.00,2540000000,8.990969715e-01,6.019938347e-02,-0.9044,3.8305
30.00,30.00,2550000000,8.596378932e-01,-2.693100339e-01,-0.9071,-17.3949
30.00,30.00,2560000000,7.035292985e-01,-5.626765703e-01,-0.9068,-38.6525
30.00,30.00,2570000000,4.519693151e-01,-7.791749972e-01,-0.9077,-59.8836
30.00,30.00,2580000000,1.391311386e-01,-8.898195998e-01,-0.9091,-81.1133
30.00,30.00,2590000000,-1.922554531e-01,-8.796138622e-01,-0.9115,-102.3291
30.00,30.00,2600000000,-4.973748805e-01,-7.501648972e-01,-0.9145,-123.5452
30.00,30.00,2610000000,-7.341855713e-01,-5.199237103e-01,-0.9186,-144.6953
30.00,30.00,2620000000,-8.722350216e-01,-2.189827217e-01,-0.9219,-165.9066
30.00,30.00,2630000000,-8.920061337e-01,1.117923235e-01,-0.9250,172.8565
30.00,30.00,2640000000,-7.906682381e-01,4.270141505e-01,-0.9286,151.6280
30.00,30.00,2650000000,-5.822187914e-01,6.843128376e-01,-0.9299,130.3914
30.00,30.00,2660000000,-2.946939411e-01,8.485241455e-01,-0.9321,109.1522
30.00,30.00,2670000000,3.274358409e-02,8.974606740e-01,-0.9339,87.9105
30.00,30.00,2680000000,3.556596717e-01,8.246996046e-01,-0.9333,66.6714
30.00,30.00,2690000000,6.301554217e-01,6.395178825e-01,-0.9362,45.4225
30.00,30.00,2700000000,8.188894843e-01,3.675795347e-01,-0.9383,24.1741
30.00,30.00,2710000000,8.962200219e-01,4.593964503e-02,-0.9403,2.9344
30.00,30.00,2720000000,8.516544411e-01,-2.816444796e-01,-0.9440,-18.2992
30.00,30.00,2730000000,6.915476958e-01,-5.707504668e-01,-0.9475,-39.5337
30.00,30.00,2740000000,4.379688019e-01,-7.822067449e-01,-0.9493,-60.7549
30.00,30.00,2750000000,1.252481996e-01,-8.876297172e-01,-0.9497,-81.9684
30.00,30.00,2760000000,-2.047024519e-01,-8.729273645e-01,-0.9480,-103.1975
30.00,30.00,2770000000,-5.073127284e-01,-7.400132055e-01,-0.9421,-124.4324
30.00,30.00,2780000000,-7.415272387e-01,-5.057480206e-01,-0.9386,-145.7046
30.00,30.00,2790000000,-8.744100441e-01,-2.018452657e-01,-0.9402,-167.0018
30.00,30.00,2800000000,-8.873912872e-01,1.293377499e-01,-0.9464,171.7075
30.00,30.00,2810000000,-7.789988523e-01,4.414941863e-01,-0.9596,150.4578
30.00,30.00,2820000000,-5.660566717e-01,6.923983090e-01,-0.9700,129.2670
30.00,30.00,2830000000,-2.780330700e-01,8.498175058e-01,-0.9719,108.1164
30.00,30.00,2840000000,4.753557704e-02,8.936239570e-01,-0.9646,86.9551
30.00,30.00,2850000000,3.689358021e-01,8.171142645e-01,-0.9486,65.7003
30.00,30.00,2860000000,6.416140048e-01,6.274951041e-01,-0.9398,44.3626
30.00,30.00,2870000000,8.255501505e-01,3.502041920e-01,-0.9465,22.9870
30.00,30.00,2880000000,8.941789465e-01,2.595010747e-02,-0.9679,1.6623
30.00,30.00,2890000000,8.404798906e-01,-2.982127989e-01,-0.9945,-19.5353
30.00,30.00,2900000000,6.756206954e-01,-5.796627815e-01,-1.0102,-40.6286
30.00,30.00,2910000000,4.223066514e-01,-7.844480075e-01,-1.0034,-61.7043
30.00,30.00,2920000000,1.109870257e-01,-8.864584542e-01,-0.9793,-82.8635
30.00,30.00,2930000000,-2.198536488e-01,-8.683061536e-01,-0.9567,-104.2086
30.00,30.00,2940000000,-5.224255143e-01,-7.281174713e-01,-0.9524,-125.6595
30.00,30.00,2950000000,-7.501725632e-01,-4.856950884e-01,-0.9764,-147.0792
30.00,30.00,2960000000,-8.711282618e-01,-1.796993420e-01,-1.0174,-168.3443
30.00,30.00,2970000000,-8.741592919e-01,1.449853029e-01,-1.0503,170.5828
30.00,30.00,2980000000,-7.637234603e-01,4.478205100e-01,-1.0579,149.6141
30.00,30.00,2990000000,-5.535959982e-01,6.938861982e-01,-1.0350,128.5836
30.00,30.00,3000000000,-2.660506023e-01,8.510505709e-01,-0.9959,107.3600
35.00,35.00,2000000000,2.998094117e-01,8.583300800e-01,-0.8270,70.7460
35.00,35.00,2010000000,5.898331723e-01,6.948491401e-01,-0.8055,49.6732
35.00,35.00,2020000000,8.044272100e-01,4.354989547e-01,-0.7740,28.4301
35.00,35.00,2030000000,9.097417187e-01,1.121724497e-01,-0.7561,7.0292
35.00,35.00,2040000000,8.871404535e-01,-2.278292038e-01,-0.7628,-14.4030
35.00,35.00,2050000000,7.413302677e-01,-5.333592084e-01,-0.7881,-35.7336
35.00,35.00,2060000000,4.970139075e-01,-7.629477885e-01,-0.8139,-56.9182
35.00,35.00,2070000000,1.887773593e-01,-8.896150689e-01,-0.8247,-78.0195
35.00,35.00,2080000000,-1.445763812e-01,-8.986557708e-01,-0.8172,-99.1395
35.00,35.00,2090000000,-4.609258857e-01,-7.868920230e-01,-0.8006,-120.3598
35.00,35.00,2100000000,-7.163372340e-01,-5.662931735e-01,-0.7892,-141.6722
35.00,35.00,2110000000,-8.730736046e-01,-2.666240168e-01,-0.7917,-163.0181
35.00,35.00,2120000000,-9.089758733e-01,6.856802787e-02,-0.8043,175.6861
35.00,35.00,2130000000,-8.210503928e-01,3.923940850e-01,-0.8192,154.4561
35.00,35.00,2140000000,-6.231526591e-01,6.618863079e-01,-0.8280,133.2735
35.00,35.00,2150000000,-3.418142978e-01,8.423233421e-01,-0.8284,112.0873
35.00,35.00,2160000000,-1.376771404e-02,9.092451054e-01,-0.8254,90.8675
35.00,35.00,2170000000,3.168091110e-01,8.525370219e-01,-0.8240,69.6146
35.00,35.00,2180000000,6.041782662e-01,6.794217272e-01,-0.8268,48.3548
35.00,35.00,2190000000,8.089424219e-01,4.141252807e-01,-0.8308,27.1095
35.00,35.00,2200000000,9.035568080e-01,9.297460824e-02,-0.8351,5.8750
35.00,35.00,2210000000,8.756514192e-01,-2.408592084e-01,-0.8366,-15.3796
35.00,35.00,2220000000,7.286366167e-01,-5.414319807e-01,-0.8404,-36.6151
35.00,35.00,2230000000,4.828031510e-01,-7.680076100e-01,-0.8463,-57.8447
35.00,35.00,2240000000,1.718255689e-01,-8.901413585e-01,-0.8519,-79.0745
35.00,35.00,2250000000,-1.614579294e-01,-8.917181047e-01,-0.8554,-100.2630
35.00,35.00,2260000000,-4.730791108e-01,-7.729580409e-01,-0.8552,-121.4682
35.00,35.00,2270000000,-7.212692175e-01,-5.495012409e-01,-0.8503,-142.6979
35.00,35.00,2280000000,-8.718212738e-01,-2.508319752e-01,-0.8461,-163.9489
35.00,35.00,2290000000,-9.030544981e-01,8.280631883e-02,-0.8494,174.7609
35.00,35.00,2300000000,-8.107971647e-01,4.042944355e-01,-0.8574,153.4974
35.00,35.00,2310000000,-6.088554385e-01,6.695038982e-01,-0.8675,132.2838
35.00,35.00,2320000000,-3.255964230e-01,8.435671599e-01,-0.8745,111.1054
35.00,35.00,2330000000,1.020054860e-03,9.045570038e-01,-0.8713,89.9354
35.00,35.00,2340000000,3.284444517e-01,8.436867117e-01,-0.8635,68.7292
35.00,35.00,2350000000,6.125967020e-01,6.677323058e-01,-0.8558,47.4658
35.00,35.00,2360000000,8.136869042e-01,3.996791823e-01,-0.8522,26.1601
35.00,35.00,2370000000,9.023521468e-01,7.716097740e-02,-0.8608,4.8875
35.00,35.00,2380000000,8.679080241e-01,-2.546813044e-01,-0.8718,-16.3539
35.00,35.00,2390000000,7.165066784e-01,-5.507522045e-01,-0.8793,-37.5482
35.00,35.00,2400000000,4.692327513e-01,-7.723254928e-01,-0.8796,-58.7189
35.00,35.00,2410000000,1.580532350e-01,-8.904839403e-01,-0.8728,-79.9353
35.00,35.00,2420000000,-1.756991654e-01,-8.879243129e-01,-0.8657,-101.1929
35.00,35.00,2430000000,-4.862042697e-01,-7.636588430e-01,-0.8641,-122.4840
35.00,35.00,2440000000,-7.298282061e-01,-5.344933427e-01,-0.8707,-143.7826
35.00,35.00,2450000000,-8.728831085e-01,-2.335359436e-01,-0.8806,-165.0216
35.00,35.00,2460000000,-8.972849243e-01,9.800243969e-02,-0.8899,173.7668
35.00,35.00,2470000000,-8.009129968e-01,4.155888455e-01,-0.8928,152.5755
35.00,35.00,2480000000,-5.966123911e-01,6.774947144e-01,-0.8887,131.3676
35.00,35.00,2490000000,-3.107992889e-01,8.480480963e-01,-0.8843,110.1273
35.00,35.00,2500000000,1.819438469e-02,9.032903465e-01,-0.8817,88.8461
35.00,35.00,2510000000,3.447436714e-01,8.348844349e-01,-0.8837,67.5631
35.00,35.00,2520000000,6.233426659e-01,6.526133589e-01,-0.8913,46.3141
35.00,35.00,2530000000,8.169080800e-01,3.818303717e-01,-0.8984,25.0518
35.00,35.00,2540000000,8.991303581e-01,6.019405845e-02,-0.9041,3.8301
35.00,35.00,2550000000,8.596683009e-01,-2.693271052e-01,-0.9068,-17.3954
35.00,35.00,2560000000,7.035390807e-01,-5.626610152e-01,-0.9068,-38.6514
35.00,35.00,2570000000,4.519476859e-01,-7.791890880e-01,-0.9077,-59.8853
35.00,35.00,2580000000,1.391540444e-01,-8.898193907e-01,-0.9090,-81.1118
35.00,35.00,2590000000,-1.922625193e-01,-8.796564987e-01,-0.9111,-102.3290
35.00,35.00,2600000000,-4.973364289e-01,-7.501691030e-01,-0.9146,-123.5430
35.00,35.00,2610000000,-7.341864405e-01,-5.199084931e-01,-0.9187,-144.6961
35.00,35.00,2620000000,-8.722460382e-01,-2.190064509e-01,-0.9217,-165.9054
35.00,35.00,2630000000,-8.920092506e-01,1.118184678e-01,-0.9249,172.8549
35.00,35.00,2640000000,-7.906788243e-01,4.270442747e-01,-0.9284,151.6266
35.00,35.00,2650000000,-5.822595009e-01,6.843087046e-01,-0.9296,130.3935
35.00,35.00,2660000000,-2.947181268e-01,8.485142049e-01,-0.9322,109.1539
35.00,35.00,2670000000,3.273986526e-02,8.974799029e-01,-0.9337,87.9108
35.00,35.00,2680000000,3.556381413e-01,8.247129829e-01,-0.9333,66.6730
35.00,35.00,2690000000,6.301831841e-01,6.395411562e-01,-0.9359,45.4223
35.00,35.00,2700000000,8.189303725e-01,3.675696657e-01,-0.9380,24.1725
35.00,35.00,2710000000,8.962241228e-01,4.594429944e-02,-0.9403,2.9347
35.00,35.00,2720000000,8.516631676e-01,-2.816539511e-01,-0.9439,-18.2996
35.00,35.00,2730000000,6.915363870e-01,-5.707568259e-01,-0.9475,-39.5344
35.00,35.00,2740000000,4.379454791e-01,-7.821881744e-01,-0.9495,-60.7556
35.00,35.00,2750000000,1.252104220e-01,-8.876477410e-01,-0.9496,-81.9709
35.00,35.00,2760000000,-2.046255453e-01,-8.729149498e-01,-0.9482,-103.1929
35.00,35.00,2770000000,-5.072891478e-01,-7.400735514e-01,-0.9418,-124.4290
35.00,35.00,2780000000,-7.415255724e-01,-5.057767223e-01,-0.9384,-145.7030
35.00,35.00,2790000000,-8.744810148e-01,-2.018876950e-01,-0.9395,-167.0001
35.00,35.00,2800000000,-8.874648776e-01,1.293117395e-01,-0.9457,171.7098
35.00,35.00,2810000000,-7.790300145e-01,4.414931138e-01,-0.9593,150.4588
35.00,35.00,2820000000,-5.660568597e-01,6.923462883e-01,-0.9704,129.2692
35.00,35.00,2830000000,-2.780240062e-01,8.498054594e-01,-0.9720,108.1161
35.00,35.00,2840000000,4.756195644e-02,8.936392047e-01,-0.9645,86.9534
35.00,35.00,2850000000,3.688613717e-01,8.170857603e-01,-0.9491,65.7039
35.00,35.00,2860000000,6.415880476e-01,6.275003803e-01,-0.9399,44.3640
35.00,35.00,2870000000,8.255515783e-01,3.502245294e-01,-0.9464,22.9882
35.00,35.00,2880000000,8.942265515e-01,2.594521282e-02,-0.9674,1.6619
35.00,35.00,2890000000,8.405291627e-01,-2.982521436e-01,-0.9939,-19.5366
35.00,35.00,2900000000,6.756558885e-01,-5.796843653e-01,-1.0098,-40.6282
35.00,35.00,2910000000,4.223035980e-01,-7.844748683e-01,-1.0032,-61.7052
35.00,35.00,2920000000,1.109546562e-01,-8.864961824e-01,-0.9790,-82.8659
35.00,35.00,2930000000,-2.198624515e-01,-8.683572009e-01,-0.9562,-104.2083
35.00,35.00,2940000000,-5.224314223e-01,-7.281448819e-01,-0.9521,-125.6588
35.00,35.00,2950000000,-7.501869942e-01,-4.856997343e-01,-0.9762,-147.0794
35.00,35.00,2960000000,-8.711350412e-01,-1.797092619e-01,-1.0173,-168.3438
35.00,35.00,2970000000,-8.741330026e-01,1.449291924e-01,-1.0507,170.5861
35.00,35.00,2980000000,-7.636962868e-01,4.478249023e-01,-1.0581,149.6130
35.00,35.00,2990000000,-5.535903292e-01,6.939095643e-01,-1.0349,128.5823
35.00,35.00,3000000000,-2.660931184e-01,8.510889722e-01,-0.9955,107.3619
40.00,40.00,2000000000,2.997929944e-01,8.583652407e-01,-0.8267,70.7477
40.00,40.00,2010000000,5.898330267e-01,6.948567074e-01,-0.8054,49.6736
40.00,40.00,2020000000,8.044346729e-01,4.354727486e-01,-0.7740,28.4285
40.00,40.00,2030000000,9.097931016e-01,1.121797586e-01,-0.7556,7.0292
40.00,40.00,2040000000,8.871184005e-01,-2.278526974e-01,-0.7629,-14.4048
40.00,40.00,2050000000,7.413262735e-01,-5.333822863e-01,-0.7880,-35.7349
40.00,40.00,2060000000,4.969323364e-01,-7.629442666e-01,-0.8143,-56.9224
40.00,40.00,2070000000,1.888046938e-01,-8.896025071e-01,-0.8247,-78.0176
40.00,40.00,2080000000,-1.445804747e-01,-8.986618804e-01,-0.8171,-99.1397
40.00,40.00,2090000000,-4.608849952e-01,-7.868693020e-01,-0.8010,-120.3584
40.00,40.00,2100000000,-7.163280694e-01,-5.662864704e-01,-0.7893,-141.6722
40.00,40.00,2110000000,-8.730424722e-01,-2.666341638e-01,-0.7920,-163.0169
40.00,40.00,2120000000,-9.089282695e-01,6.862397454e-02,-0.8047,175.6824
40.00,40.00,2130000000,-8.209836600e-01,3.924155853e-01,-0.8197,154.4530
40.00,40.00,2140000000,-6.231469185e-01,6.619210250e-01,-0.8278,133.2717
40.00,40.00,2150000000,-3.417751506e-01,8.422597515e-01,-0.8291,112.0865
40.00,40.00,2160000000,-1.374741857e-02,9.091902468e-01,-0.8259,90.8663
40.00,40.00,2170000000,3.167998476e-01,8.525050670e-01,-0.8243,69.6144
40.00,40.00,2180000000,6.042055749e-01,6.794373547e-01,-0.8265,48.3542
40.00,40.00,2190000000,8.089663155e-01,4.141305101e-01,-0.8306,27.1091
40.00,40.00,2200000000,9.035404170e-01,9.298914987e-02,-0.8353,5.8760
40.00,40.00,2210000000,8.756617065e-01,-2.408424029e-01,-0.8366,-15.3784
40.00,40.00,2220000000,7.286238591e-01,-5.414222037e-01,-0.8406,-36.6151
40.00,40.00,2230000000,4.828074081e-01,-7.680226927e-01,-0.8462,-57.8450
40.00,40.00,2240000000,1.718263000e-01,-8.901301516e-01,-0.8520,-79.0743
40.00,40.00,2250000000,-1.614406849e-01,-8.917027184e-01,-0.8555,-100.2621
40.00,40.00,2260000000,-4.730755605e-01,-7.729972711e-01,-0.8548,-121.4667
40.00,40.00,2270000000,-7.212366288e-01,-5.494730901e-01,-0.8507,-142.6981
40.00,40.00,2280000000,-8.717850518e-01,-2.508171909e-01,-0.8464,-163.9492
40.00,40.00,2290000000,-9.030266337e-01,8.281883755e-02,-0.8496,174.7599
40.00,40.00,2300000000,-8.108162631e-01,4.042537024e-01,-0.8574,153.5002
40.00,40.00,2310000000,-6.088650301e-01,6.695161984e-01,-0.8673,132.2837
40.00,40.00,2320000000,-3.255952991e-01,8.435314723e-01,-0.8748,111.1061
40.00,40.00,2330000000,1.025398341e-03,9.045603026e-01,-0.8712,89.9351
40.00,40.00,2340000000,3.284750764e-01,8.436982754e-01,-0.8633,68.7277
40.00,40.00,2350000000,6.125764182e-01,6.677218151e-01,-0.8560,47.4663
40.00,40.00,2360000000,8.135974729e-01,3.996479067e-01,-0.8531,26.1608
40.00,40.00,2370000000,9.023260656e-01,7.713944494e-02,-0.8611,4.8863
40.00,40.00,2380000000,8.678690520e-01,-2.546915005e-01,-0.8721,-16.3553
40.00,40.00,2390000000,7.164932877e-01,-5.507522372e-01,-0.8794,-37.5487
40.00,40.00,2400000000,4.692133077e-01,-7.723156738e-01,-0.8797,-58.7196
40.00,40.00,2410000000,1.580124863e-01,-8.904589740e-01,-0.8731,-79.9376
40.00,40.00,2420000000,-1.756489146e-01,-8.878787783e-01,-0.8662,-101.1903
40.00,40.00,2430000000,-4.861828047e-01,-7.635930537e-01,-0.8648,-122.4851
40.00,40.00,2440000000,-7.297861517e-01,-5.344739032e-01,-0.8711,-143.7820
40.00,40.00,2450000000,-8.728457867e-01,-2.335223732e-01,-0.8810,-165.0218
40.00,40.00,2460000000,-8.973013321e-01,9.798376293e-02,-0.8898,173.7681
40.00,40.00,2470000000,-8.008638930e-01,4.156127445e-01,-0.8931,152.5727
40.00,40.00,2480000000,-5.966262010e-01,6.774629561e-01,-0.8889,131.3696
40.00,40.00,2490000000,-3.108120947e-01,8.480079136e-01,-0.8846,110.1289
40.00,40.00,2500000000,1.817068847e-02,9.032555248e-01,-0.8820,88.8475
40.00,40.00,2510000000,3.447242836e-01,8.348528429e-01,-0.8841,67.5635
40.00,40.00,2520000000,6.233400996e-01,6.525569539e-01,-0.8917,46.3118
40.00,40.00,2530000000,8.168538314e-01,3.818093399e-01,-0.8989,25.0521
40.00,40.00,2540000000,8.990821672e-01,6.017203533e-02,-0.9046,3.8289
40.00,40.00,2550000000,8.596541454e-01,-2.692725612e-01,-0.9070,-17.3923
40.00,40.00,2560000000,7.035127555e-01,-5.626156519e-01,-0.9073,-38.6501
40.00,40.00,2570000000,4.519413939e-01,-7.791640124e-01,-0.9079,-59.8848
40.00,40.00,2580000000,1.391013604e-01,-8.897867552e-01,-0.9094,-81.1148
40.00,40.00,2590000000,-1.922312580e-01,-8.795882296e-01,-0.9118,-102.3280
40.00,40.00,2600000000,-4.973224422e-01,-7.501699144e-01,-0.9147,-123.5422
40.00,40.00,2610000000,-7.341790045e-01,-5.198836513e-01,-0.9189,-144.6971
40.00,40.00,2620000000,-8.721750187e-01,-2.189658042e-01,-0.9225,-165.9068
40.00,40.00,2630000000,-8.919715812e-01,1.117847831e-01,-0.9253,172.8567
40.00,40.00,2640000000,-7.906340229e-01,4.270338819e-01,-0.9288,151.6258
40.00,40.00,2650000000,-5.821428312e-01,6.842501978e-01,-0.9308,130.3903
40.00,40.00,2660000000,-2.946669315e-01,8.484618047e-01,-0.9328,109.1519
40.00,40.00,2670000000,3.276521170e-02,8.974478618e-01,-0.9340,87.9091
40.00,40.00,2680000000,3.556589712e-01,8.246429199e-01,-0.9338,66.6700
40.00,40.00,2690000000,6.301038471e-01,6.394989691e-01,-0.9367,45.4240
40.00,40.00,2700000000,8.188767672e-01,3.675999540e-01,-0.9383,24.1757
40.00,40.00,2710000000,8.961252584e-01,4.592988211e-02,-0.9412,2.9341
40.00,40.00,2720000000,8.516314514e-01,-2.816270898e-01,-0.9443,-18.2986
40.00,40.00,2730000000,6.915390255e-01,-5.707532124e-01,-0.9475,-39.5341
40.00,40.00,2740000000,4.379371892e-01,-7.821683061e-01,-0.9497,-60.7555
40.00,40.00,2750000000,1.252153584e-01,-8.876396841e-01,-0.9497,-81.9705
40.00,40.00,2760000000,-2.046733788e-01,-8.728985220e-01,-0.9483,-103.1961
40.00,40.00,2770000000,-5.072423917e-01,-7.399964136e-01,-0.9426,-124.4293
40.00,40.00,2780000000,-7.414404324e-01,-5.057422411e-01,-0.9393,-145.7018
40.00,40.00,2790000000,-8.743846961e-01,-2.018914494e-01,-0.9404,-166.9985
40.00,40.00,2800000000,-8.873659224e-01,1.293124944e-01,-0.9467,171.7089
40.00,40.00,2810000000,-7.789625863e-01,4.414308557e-01,-0.9602,150.4602
40.00,40.00,2820000000,-5.660050233e-01,6.923619350e-01,-0.9706,129.2660
40.00,40.00,2830000000,-2.780451994e-01,8.497344546e-01,-0.9726,108.1188
40.00,40.00,2840000000,4.759550322e-02,8.935981184e-01,-0.9649,86.9511
40.00,40.00,2850000000,3.689361513e-01,8.170605268e-01,-0.9491,65.6989
40.00,40.00,2860000000,6.415466474e-01,6.274575192e-01,-0.9405,44.3639
40.00,40.00,2870000000,8.255000873e-01,3.501983085e-01,-0.9470,22.9879
40.00,40.00,2880000000,8.941785560e-01,2.596295603e-02,-0.9679,1.6631
40.00,40.00,2890000000,8.404531064e-01,-2.982162316e-01,-0.9947,-19.5361
40.00,40.00,2900000000,6.756295720e-01,-5.796921373e-01,-1.0099,-40.6297
40.00,40.00,2910000000,4.222983581e-01,-7.844153282e-01,-1.0037,-61.7037
40.00,40.00,2920000000,1.109440001e-01,-8.864229575e-01,-0.9797,-82.8660
40.00,40.00,2930000000,-2.198320391e-01,-8.683113314e-01,-0.9567,-104.2072
40.00,40.00,2940000000,-5.223765469e-01,-7.280349109e-01,-0.9533,-125.6600
40.00,40.00,2950000000,-7.501385287e-01,-4.856809870e-01,-0.9767,-147.0788
40.00,40.00,2960000000,-8.710521507e-01,-1.797032199e-01,-1.0181,-168.3431
40.00,40.00,2970000000,-8.741240989e-01,1.449304109e-01,-1.0508,170.5860
40.00,40.00,2980000000,-7.636988416e-01,4.477773891e-01,-1.0583,149.6157
40.00,40.00,2990000000,-5.536051657e-01,6.938681828e-01,-1.0351,128.5847
40.00,40.00,3000000000,-2.660879739e-01,8.510587125e-01,-0.9958,107.3621
45.00,45.00,2000000000,2.997981338e-01,8.582810398e-01,-0.8274,70.7457
45.00,45.00,2010000000,5.897872359e-01,6.947960415e-01,-0.8061,49.6733
45.00,45.00,2020000000,8.043628339e-01,4.354290713e-01,-0.7748,28.4282
45.00,45.00,2030000000,9.097466881e-01,1.121660725e-01,-0.7561,7.0287
45.00,45.00,2040000000,8.870969244e-01,-2.278403950e-01,-0.7631,-14.4044
45.00,45.00,2050000000,7.412853929e-01,-5.333084291e-01,-0.7887,-35.7327
45.00,45.00,2060000000,4.969353349e-01,-7.628854776e-01,-0.8148,-56.9202
45.00,45.00,2070000000,1.887498727e-01,-8.895719000e-01,-0.8251,-78.0206
45.00,45.00,2080000000,-1.445756256e-01,-8.986085047e-01,-0.8176,-99.1399
45.00,45.00,2090000000,-4.608698091e-01,-7.868703679e-01,-0.8010,-120.3575
45.00,45.00,2100000000,-7.162921716e-01,-5.662826532e-01,-0.7896,-141.6710
45.00,45.00,2110000000,-8.730435484e-01,-2.666366850e-01,-0.7920,-163.0168
45.00,45.00,2120000000,-9.089366110e-01,6.860721206e-02,-0.8047,175.6835
45.00,45.00,2130000000,-8.209883321e-01,3.923975559e-01,-0.8197,154.4542
45.00,45.00,2140000000,-6.231340603e-01,6.618532296e-01,-0.8284,133.2741
45.00,45.00,2150000000,-3.417497743e-01,8.422522334e-01,-0.8292,112.0852
45.00,45.00,2160000000,-1.372252647e-02,9.091501971e-01,-0.8263,90.8647
45.00,45.00,2170000000,3.167937799e-01,8.525145477e-01,-0.8242,69.6150
45.00,45.00,2180000000,6.041786324e-01,6.794284922e-01,-0.8268,48.3551
45.00,45.00,2190000000,8.089223556e-01,4.140622910e-01,-0.8312,27.1065
45.00,45.00,2200000000,9.035555304e-01,9.293311988e-02,-0.8352,5.8724
45.00,45.00,2210000000,8.756253654e-01,-2.408320841e-01,-0.8369,-15.3784
45.00,45.00,2220000000,7.285677122e-01,-5.413931123e-01,-0.8412,-36.6158
45.00,45.00,2230000000,4.827764441e-01,-7.679914119e-01,-0.8466,-57.8456
45.00,45.00,2240000000,1.718258361e-01,-8.901068326e-01,-0.8523,-79.0740
45.00,45.00,2250000000,-1.614530220e-01,-8.916410077e-01,-0.8561,-100.2636
45.00,45.00,2260000000,-4.730962697e-01,-7.729413015e-01,-0.8552,-121.4697
45.00,45.00,2270000000,-7.212421896e-01,-5.494582333e-01,-0.8508,-142.6990
45.00,45.00,2280000000,-8.717608699e-01,-2.507944134e-01,-0.8467,-163.9502
45.00,45.00,2290000000,-9.030221011e-01,8.283149762e-02,-0.8496,174.7591
45.00,45.00,2300000000,-8.107727765e-01,4.042680597e-01,-0.8577,153.4982
45.00,45.00,2310000000,-6.088552874e-01,6.695034661e-01,-0.8675,132.2838
45.00,45.00,2320000000,-3.255686642e-01,8.435115869e-01,-0.8751,111.1050
45.00,45.00,2330000000,1.004863027e-03,9.045090374e-01,-0.8717,89.9363
45.00,45.00,2340000000,3.284234736e-01,8.436477507e-01,-0.8640,68.7295
45.00,45.00,2350000000,6.125992995e-01,6.677393769e-01,-0.8558,47.4660
45.00,45.00,2360000000,8.136360722e-01,3.996635337e-01,-0.8527,26.1606
45.00,45.00,2370000000,9.022850975e-01,7.714897849e-02,-0.8615,4.8871
45.00,45.00,2380000000,8.678608810e-01,-2.546622631e-01,-0.8723,-16.3536
45.00,45.00,2390000000,7.164583419e-01,-5.507419735e-01,-0.8798,-37.5495
45.00,45.00,2400000000,4.692132842e-01,-7.722972865e-01,-0.8799,-58.7190
45.00,45.00,2410000000,1.580669584e-01,-8.904749188e-01,-0.8728,-79.9344
45.00,45.00,2420000000,-1.756647975e-01,-8.878737119e-01,-0.8662,-101.1914
45.00,45.00,2430000000,-4.861892546e-01,-7.635774068e-01,-0.8649,-122.4859
45.00,45.00,2440000000,-7.297697835e-01,-5.344495029e-01,-0.8714,-143.7827
45.00,45.00,2450000000,-8.728533363e-01,-2.335474509e-01,-0.8809,-165.0204
45.00,45.00,2460000000,-8.972369240e-01,9.796333614e-02,-0.8904,173.7689
45.00,45.00,2470000000,-8.008559922e-01,4.155787138e-01,-0.8934,152.5744
45.00,45.00,2480000000,-5.966022794e-01,6.774402615e-01,-0.8892,131.3695
45.00,45.00,2490000000,-3.108123671e-01,8.480007697e-01,-0.8846,110.1291
45.00,45.00,2500000000,1.817311757e-02,9.032494514e-01,-0.8821,88.8474
45.00,45.00,2510000000,3.446819557e-01,8.348020957e-01,-0.8847,67.5647
45.00,45.00,2520000000,6.233015030e-01,6.524943620e-01,-0.8924,46.3108
45.00,45.00,2530000000,8.168253305e-01,3.818215568e-01,-0.8991,25.0535
45.00,45.00,2540000000,8.990333849e-01,6.017632715e-02,-0.9051,3.8294
45.00,45.00,2550000000,8.595852130e-01,-2.692765738e-01,-0.9077,-17.3939
45.00,45.00,2560000000,7.034631018e-01,-5.626378563e-01,-0.9075,-38.6532
45.00,45.00,2570000000,4.519303172e-01,-7.791513394e-01,-0.9081,-59.8850
45.00,45.00,2580000000,1.391092139e-01,-8.898117229e-01,-0.9092,-81.1146
45.00,45.00,2590000000,-1.922284748e-01,-8.795600256e-01,-0.9121,-102.3282
45.00,45.00,2600000000,-4.972866757e-01,-7.501290346e-01,-0.9152,-123.5418
45.00,45.00,2610000000,-7.341296254e-01,-5.198676224e-01,-0.9194,-144.6961
45.00,45.00,2620000000,-8.721893974e-01,-2.189869695e-01,-0.9223,-165.9057
45.00,45.00,2630000000,-8.919648406e-01,1.118124258e-01,-0.9253,172.8549
45.00,45.00,2640000000,-7.906051697e-01,4.270340530e-01,-0.9290,151.6249
45.00,45.00,2650000000,-5.821552386e-01,6.842618285e-01,-0.9306,130.3904
45.00,45.00,2660000000,-2.946514969e-01,8.484657050e-01,-0.9328,109.1509
45.00,45.00,2670000000,3.274618086e-02,8.973812951e-01,-0.9347,87.9102
45.00,45.00,2680000000,3.556531831e-01,8.245990901e-01,-0.9342,66.6693
45.00,45.00,2690000000,6.301156021e-01,6.394662396e-01,-0.9369,45.4220
45.00,45.00,2700000000,8.188481416e-01,3.675374466e-01,-0.9388,24.1728
45.00,45.00,2710000000,8.961217381e-01,4.593610847e-02,-0.9413,2.9345
45.00,45.00,2720000000,8.515899917e-01,-2.816266899e-01,-0.9446,-18.2994
45.00,45.00,2730000000,6.915155517e-01,-5.707060831e-01,-0.9480,-39.5328
45.00,45.00,2740000000,4.379472192e-01,-7.821404158e-01,-0.9499,-60.7540
45.00,45.00,2750000000,1.251752385e-01,-8.876143192e-01,-0.9500,-81.9728
45.00,45.00,2760000000,-2.046803697e-01,-8.728741383e-01,-0.9485,-103.1969
45.00,45.00,2770000000,-5.072436295e-01,-7.399828241e-01,-0.9427,-124.4299
45.00,45.00,2780000000,-7.414518314e-01,-5.057254889e-01,-0.9393,-145.7031
45.00,45.00,2790000000,-8.743987093e-01,-2.018731568e-01,-0.9403,-166.9999
45.00,45.00,2800000000,-8.873286914e-01,1.293311197e-01,-0.9470,171.7073
45.00,45.00,2810000000,-7.789702110e-01,4.414452572e-01,-0.9601,150.4596
45.00,45.00,2820000000,-5.660462664e-01,6.923602158e-01,-0.9703,129.2681
45.00,45.00,2830000000,-2.780089681e-01,8.497678864e-01,-0.9724,108.1160
45.00,45.00,2840000000,4.759035444e-02,8.935360390e-01,-0.9655,86.9513
45.00,45.00,2850000000,3.689076494e-01,8.170850056e-01,-0.9489,65.7012
45.00,45.00,2860000000,6.415427238e-01,6.274682598e-01,-0.9405,44.3646
45.00,45.00,2870000000,8.255295228e-01,3.501989006e-01,-0.9467,22.9872
45.00,45.00,2880000000,8.941499585e-01,2.594491726e-02,-0.9681,1.6620
45.00,45.00,2890000000,8.404788652e-01,-2.982410228e-01,-0.9944,-19.5371
45.00,45.00,2900000000,6.756274632e-01,-5.796573953e-01,-1.0101,-40.6281
45.00,45.00,2910000000,4.222850798e-01,-7.843890942e-01,-1.0040,-61.7037
45.00,45.00,2920000000,1.109292813e-01,-8.863991331e-01,-0.9799,-82.8667
45.00,45.00,2930000000,-2.198148964e-01,-8.682406012e-01,-0.9574,-104.2072
45.00,45.00,2940000000,-5.223749259e-01,-7.280252293e-01,-0.9534,-125.6603
45.00,45.00,2950000000,-7.501605273e-01,-4.856506214e-01,-0.9767,-147.0812
45.00,45.00,2960000000,-8.710658097e-01,-1.797057564e-01,-1.0180,-168.3431
45.00,45.00,2970000000,-8.740614333e-01,1.449470749e-01,-1.0513,170.5842
45.00,45.00,2980000000,-7.636458105e-01,4.477485650e-01,-1.0589,149.6156
45.00,45.00,2990000000,-5.535871799e-01,6.938370445e-01,-1.0355,128.5851
45.00,45.00,3000000000,-2.660593144e-01,8.510302458e-01,-0.9961,107.3609
50.00,50.00,2000000000,2.997303260e-01,8.582278115e-01,-0.8281,70.7486
50.00,50.00,2010000000,5.897360786e-01,6.947437444e-01,-0.8068,49.6736
50.00,50.00,2020000000,8.043225649e-01,4.354601848e-01,-0.7750,28.4311
50.00,50.00,2030000000,9.096412977e-01,1.121926142e-01,-0.7570,7.0312
50.00,50.00,2040000000,8.870567218e-01,-2.277494613e-01,-0.7637,-14.3995
50.00,50.00,2050000000,7.412817229e-01,-5.332705111e-01,-0.7890,-35.7309
50.00,50.00,2060000000,4.969525211e-01,-7.628212232e-01,-0.8152,-56.9171
50.00,50.00,2070000000,1.887950761e-01,-8.895134403e-01,-0.8256,-78.0171
50.00,50.00,2080000000,-1.445459025e-01,-8.985890984e-01,-0.8178,-99.1382
50.00,50.00,2090000000,-4.608531756e-01,-7.868687549e-01,-0.8011,-120.3566
50.00,50.00,2100000000,-7.161956149e-01,-5.662582071e-01,-0.7905,-141.6684
50.00,50.00,2110000000,-8.729571145e-01,-2.666217242e-01,-0.7928,-163.0161
50.00,50.00,2120000000,-9.088576044e-01,6.854625122e-02,-0.8054,175.6869
50.00,50.00,2130000000,-8.209334088e-01,3.923253550e-01,-0.8205,154.4568
50.00,50.00,2140000000,-6.231118652e-01,6.617772268e-01,-0.8291,133.2764
50.00,50.00,2150000000,-3.417825327e-01,8.421914934e-01,-0.8297,112.0886
50.00,50.00,2160000000,-1.378324847e-02,9.091239535e-01,-0.8265,90.8686
50.00,50.00,2170000000,3.167274802e-01,8.524540607e-01,-0.8250,69.6176
50.00,50.00,2180000000,6.041323323e-01,6.794331858e-01,-0.8270,48.3574
50.00,50.00,2190000000,8.088575330e-01,4.140846036e-01,-0.8317,27.1096
50.00,50.00,2200000000,9.035209600e-01,9.301269942e-02,-0.8355,5.8776
50.00,50.00,2210000000,8.756100200e-01,-2.408089266e-01,-0.8371,-15.3772
50.00,50.00,2220000000,7.285902429e-01,-5.413375883e-01,-0.8413,-36.6121
50.00,50.00,2230000000,4.828224404e-01,-7.679575777e-01,-0.8467,-57.8420
50.00,50.00,2240000000,1.718550697e-01,-8.900403069e-01,-0.8528,-79.0714
50.00,50.00,2250000000,-1.614002861e-01,-8.916456163e-01,-0.8561,-100.2602
50.00,50.00,2260000000,-4.730022831e-01,-7.728952633e-01,-0.8560,-121.4661
50.00,50.00,2270000000,-7.211628473e-01,-5.494729442e-01,-0.8513,-142.6953
50.00,50.00,2280000000,-8.717084694e-01,-2.508272265e-01,-0.8471,-163.9472
50.00,50.00,2290000000,-9.029445607e-01,8.271723072e-02,-0.8505,174.7658
50.00,50.00,2300000000,-8.107806950e-01,4.042175269e-01,-0.8579,153.5013
50.00,50.00,2310000000,-6.088404617e-01,6.693982780e-01,-0.8683,132.2876
50.00,50.00,2320000000,-3.256005137e-01,8.434504845e-01,-0.8755,111.1083
50.00,50.00,2330000000,1.011833250e-03,9.044930558e-01,-0.8719,89.9359
50.00,50.00,2340000000,3.283874857e-01,8.435943174e-01,-0.8646,68.7304
50.00,50.00,2350000000,6.125330833e-01,6.677382197e-01,-0.8562,47.4691
50.00,50.00,2360000000,8.135635761e-01,3.996860344e-01,-0.8532,26.1639
50.00,50.00,2370000000,9.022483820e-01,7.720478354e-02,-0.8618,4.8908
50.00,50.00,2380000000,8.678487824e-01,-2.545917665e-01,-0.8726,-16.3496
50.00,50.00,2390000000,7.164806493e-01,-5.506880448e-01,-0.8799,-37.5459
50.00,50.00,2400000000,4.691896235e-01,-7.722404929e-01,-0.8805,-58.7184
50.00,50.00,2410000000,1.580604502e-01,-8.904017528e-01,-0.8735,-79.9339
50.00,50.00,2420000000,-1.756304620e-01,-8.878517870e-01,-0.8665,-101.1895
50.00,50.00,2430000000,-4.861618047e-01,-7.635649608e-01,-0.8651,-122.4849
50.00,50.00,2440000000,-7.297457194e-01,-5.344517812e-01,-0.8716,-143.7817
50.00,50.00,2450000000,-8.727941494e-01,-2.335727146e-01,-0.8814,-165.0179
50.00,50.00,2460000000,-8.972007113e-01,9.791744588e-02,-0.8908,173.7716
50.00,50.00,2470000000,-8.008454981e-01,4.155317885e-01,-0.8936,152.5767
50.00,50.00,2480000000,-5.966182996e-01,6.774391311e-01,-0.8891,131.3703
50.00,50.00,2490000000,-3.108165172e-01,8.479461792e-01,-0.8851,110.1305
50.00,50.00,2500000000,1.812791127e-02,9.032069967e-01,-0.8825,88.8502
50.00,50.00,2510000000,3.446745025e-01,8.348074015e-01,-0.8847,67.5653
50.00,50.00,2520000000,6.232438391e-01,6.525464746e-01,-0.8924,46.3158
50.00,50.00,2530000000,8.167975083e-01,3.818655530e-01,-0.8992,25.0568
50.00,50.00,2540000000,8.990081919e-01,6.021829869e-02,-0.9053,3.8321
50.00,50.00,2550000000,8.595576284e-01,-2.692196757e-01,-0.9081,-17.3909
50.00,50.00,2560000000,7.035095734e-01,-5.625945499e-01,-0.9074,-38.6492
50.00,50.00,2570000000,4.519367905e-01,-7.790781273e-01,-0.9087,-59.8823
50.00,50.00,2580000000,1.391457960e-01,-8.897429733e-01,-0.9098,-81.1116
50.00,50.00,2590000000,-1.922207389e-01,-8.795668175e-01,-0.9120,-102.3276
50.00,50.00,2600000000,-4.972715172e-01,-7.501056122e-01,-0.9155,-123.5418
50.00,50.00,2610000000,-7.340698445e-01,-5.198949799e-01,-0.9197,-144.6925
50.00,50.00,2620000000,-8.720901497e-01,-2.189982628e-01,-0.9232,-165.9034
50.00,50.00,2630000000,-8.919390524e-01,1.117800403e-01,-0.9256,172.8568
50.00,50.00,2640000000,-7.905984201e-01,4.269767626e-01,-0.9294,151.6279
50.00,50.00,2650000000,-5.821678134e-01,6.841975389e-01,-0.9310,130.3937
50.00,50.00,2660000000,-2.946733245e-01,8.484517527e-01,-0.9329,109.1525
50.00,50.00,2670000000,3.271558925e-02,8.973805826e-01,-0.9347,87.9121
50.00,50.00,2680000000,3.556242196e-01,8.246146182e-01,-0.9342,66.6713
50.00,50.00,2690000000,6.300912131e-01,6.394873323e-01,-0.9369,45.4240
50.00,50.00,2700000000,8.188184247e-01,3.675845993e-01,-0.9389,24.1763
50.00,50.00,2710000000,8.961326226e-01,4.598167054e-02,-0.9411,2.9373
50.00,50.00,2720000000,8.516204322e-01,-2.815885469e-01,-0.9445,-18.2965
50.00,50.00,2730000000,6.915121905e-01,-5.706949675e-01,-0.9481,-39.5324
50.00,50.00,2740000000,4.379832462e-01,-7.821258961e-01,-0.9499,-60.7516
50.00,50.00,2750000000,1.252760000e-01,-8.875497289e-01,-0.9505,-81.9659
50.00,50.00,2760000000,-2.046245433e-01,-8.728530859e-01,-0.9488,-103.1937
50.00,50.00,2770000000,-5.072168678e-01,-7.399791427e-01,-0.9429,-124.4286
50.00,50.00,2780000000,-7.413974771e-01,-5.057728335e-01,-0.9395,-145.6986
50.00,50.00,2790000000,-8.743869031e-01,-2.018524911e-01,-0.9404,-167.0010
50.00,50.00,2800000000,-8.873345774e-01,1.292932569e-01,-0.9470,171.7098
50.00,50.00,2810000000,-7.789530405e-01,4.414518166e-01,-0.9602,150.4587
50.00,50.00,2820000000,-5.660581719e-01,6.923191306e-01,-0.9706,129.2703
50.00,50.00,2830000000,-2.780718183e-01,8.497514544e-01,-0.9724,108.1201
50.00,50.00,2840000000,4.756537138e-02,8.935583397e-01,-0.9653,86.9529
50.00,50.00,2850000000,3.688473099e-01,8.170537512e-01,-0.9495,65.7039
50.00,50.00,2860000000,6.414945927e-01,6.274960586e-01,-0.9406,44.3680
50.00,50.00,2870000000,8.254968695e-01,3.502125814e-01,-0.9469,22.9888
50.00,50.00,2880000000,8.941397114e-01,2.599906225e-02,-0.9682,1.6655
50.00,50.00,2890000000,8.404609068e-01,-2.981764769e-01,-0.9948,-19.5335
50.00,50.00,2900000000,6.756397007e-01,-5.796252706e-01,-1.0103,-40.6260
50.00,50.00,2910000000,4.223314835e-01,-7.844253172e-01,-1.0035,-61.7022
50.00,50.00,2920000000,1.109993026e-01,-8.863899987e-01,-0.9799,-82.8622
50.00,50.00,2930000000,-2.198235413e-01,-8.682940705e-01,-0.9569,-104.2069
50.00,50.00,2940000000,-5.223424180e-01,-7.280693755e-01,-0.9532,-125.6570
50.00,50.00,2950000000,-7.500763253e-01,-4.856974467e-01,-0.9772,-147.0757
50.00,50.00,2960000000,-8.710494588e-01,-1.797287040e-01,-1.0181,-168.3414
50.00,50.00,2970000000,-8.741428449e-01,1.449153562e-01,-1.0506,170.5871
50.00,50.00,2980000000,-7.636623890e-01,4.477329027e-01,-1.0588,149.6170
50.00,50.00,2990000000,-5.536050655e-01,6.938293773e-01,-1.0354,128.5863
50.00,50.00,3000000000,-2.660665945e-01,8.510445180e-01,-0.9960,107.3611
55.00,55.00,2000000000,2.997216115e-01,8.582439951e-01,-0.8280,70.7494
55.00,55.00,2010000000,5.897281439e-01,6.947669367e-01,-0.8067,49.6749
55.00,55.00,2020000000,8.043369801e-01,4.354317454e-01,-0.7750,28.4291
55.00,55.00,2030000000,9.096727999e-01,1.122052514e-01,-0.7567,7.0317
55.00,55.00,2040000000,8.870553789e-01,-2.277773414e-01,-0.7637,-14.4012
55.00,55.00,2050000000,7.412897979e-01,-5.332941419e-01,-0.7888,-35.7318
55.00,55.00,2060000000,4.969787606e-01,-7.628423768e-01,-0.8149,-56.9164
55.00,55.00,2070000000,1.888233859e-01,-8.895083883e-01,-0.8256,-78.0153
55.00,55.00,2080000000,-1.445415137e-01,-8.985735811e-01,-0.8180,-99.1381
55.00,55.00,2090000000,-4.608142901e-01,-7.868627672e-01,-0.8014,-120.3547
55.00,55.00,2100000000,-7.162011300e-01,-5.662699540e-01,-0.7904,-141.6681
55.00,55.00,2110000000,-8.729386591e-01,-2.666578960e-01,-0.7929,-163.0136
55.00,55.00,2120000000,-9.088430731e-01,6.853840662e-02,-0.8056,175.6873
55.00,55.00,2130000000,-8.209373727e-01,3.923383284e-01,-0.8204,154.4562
55.00,55.00,2140000000,-6.231093841e-01,6.617990016e-01,-0.8289,133.2753
55.00,55.00,2150000000,-3.418194292e-01,8.421848356e-01,-0.8296,112.0909
55.00,55.00,2160000000,-1.377844066e-02,9.091089567e-01,-0.8267,90.8683
55.00,55.00,2170000000,3.167336152e-01,8.524469844e-01,-0.8250,69.6170
55.00,55.00,2180000000,6.041080807e-01,6.794014613e-01,-0.8274,48.3572
55.00,55.00,2190000000,8.088185145e-01,4.141454637e-01,-0.8318,27.1142
55.00,55.00,2200000000,9.034934981e-01,9.297907637e-02,-0.8357,5.8757
55.00,55.00,2210000000,8.755715830e-01,-2.407639892e-01,-0.8376,-15.3751
55.00,55.00,2220000000,7.285838921e-01,-5.413357840e-01,-0.8414,-36.6122
55.00,55.00,2230000000,4.827976185e-01,-7.679106178e-01,-0.8472,-57.8418
55.00,55.00,2240000000,1.718581490e-01,-8.900308502e-01,-0.8529,-79.0711
55.00,55.00,2250000000,-1.613740042e-01,-8.916207597e-01,-0.8564,-100.2589
55.00,55.00,2260000000,-4.730036441e-01,-7.729095307e-01,-0.8559,-121.4657
55.00,55.00,2270000000,-7.211479165e-01,-5.494629696e-01,-0.8515,-142.6952
55.00,55.00,2280000000,-8.716967528e-01,-2.508435017e-01,-0.8472,-163.9461
55.00,55.00,2290000000,-9.029661875e-01,8.278567379e-02,-0.8502,174.7617
55.00,55.00,2300000000,-8.107638967e-01,4.042076295e-01,-0.8580,153.5014
55.00,55.00,2310000000,-6.088387091e-01,6.693874217e-01,-0.8684,132.2880
55.00,55.00,2320000000,-3.255973104e-01,8.434872937e-01,-0.8752,111.1073
55.00,55.00,2330000000,9.687364341e-04,9.044611230e-01,-0.8722,89.9386
55.00,55.00,2340000000,3.284117295e-01,8.436413287e-01,-0.8641,68.7301
55.00,55.00,2350000000,6.125285016e-01,6.676740424e-01,-0.8567,47.4665
55.00,55.00,2360000000,8.135805573e-01,3.996469999e-01,-0.8532,26.1612
55.00,55.00,2370000000,9.022552366e-01,7.719268420e-02,-0.8617,4.8900
55.00,55.00,2380000000,8.678438099e-01,-2.546015579e-01,-0.8726,-16.3502
55.00,55.00,2390000000,7.164630095e-01,-5.506735898e-01,-0.8801,-37.5459
55.00,55.00,2400000000,4.692256312e-01,-7.722647459e-01,-0.8801,-58.7173
55.00,55.00,2410000000,1.580645045e-01,-8.904100321e-01,-0.8735,-79.9338
55.00,55.00,2420000000,-1.756161963e-01,-8.878591392e-01,-0.8664,-101.1885
55.00,55.00,2430000000,-4.861011117e-01,-7.635925151e-01,-0.8652,-122.4807
55.00,55.00,2440000000,-7.296613924e-01,-5.344594457e-01,-0.8722,-143.7781
55.00,55.00,2450000000,-8.727689155e-01,-2.335953073e-01,-0.8815,-165.0161
55.00,55.00,2460000000,-8.971832061e-01,9.791836259e-02,-0.8910,173.7714
55.00,55.00,2470000000,-8.008386617e-01,4.155321234e-01,-0.8937,152.5765
55.00,55.00,2480000000,-5.966092515e-01,6.773812858e-01,-0.8896,131.3723
55.00,55.00,2490000000,-3.107962975e-01,8.479296338e-01,-0.8853,110.1297
55.00,55.00,2500000000,1.813322202e-02,9.032155126e-01,-0.8824,88.8499
55.00,55.00,2510000000,3.446231617e-01,8.348123766e-01,-0.8848,67.5684
55.00,55.00,2520000000,6.232497496e-01,6.525008710e-01,-0.8927,46.3135
55.00,55.00,2530000000,8.167997529e-01,3.818726345e-01,-0.8992,25.0572
55.00,55.00,2540000000,8.990254548e-01,6.020947969e-02,-0.9051,3.8315
55.00,55.00,2550000000,8.595717528e-01,-2.692191055e-01,-0.9080,-17.3906
55.00,55.00,2560000000,7.034924754e-01,-5.625877416e-01,-0.9076,-38.6496
55.00,55.00,2570000000,4.519590522e-01,-7.791265762e-01,-0.9082,-59.8827
55.00,55.00,2580000000,1.391056586e-01,-8.897545021e-01,-0.9097,-81.1142
55.00,55.00,2590000000,-1.922159690e-01,-8.795416157e-01,-0.9123,-102.3277
55.00,55.00,2600000000,-4.972764564e-01,-7.501311903e-01,-0.9153,-123.5412
55.00,55.00,2610000000,-7.340990330e-01,-5.198732430e-01,-0.9196,-144.6947
55.00,55.00,2620000000,-8.721389112e-01,-2.189816700e-01,-0.9228,-165.9052
55.00,55.00,2630000000,-8.919692165e-01,1.117569257e-01,-0.9254,172.8585
55.00,55.00,2640000000,-7.906402449e-01,4.269857665e-01,-0.9290,151.6287
55.00,55.00,2650000000,-5.821718696e-01,6.842361401e-01,-0.9307,130.3923
55.00,55.00,2660000000,-2.947261641e-01,8.484129221e-01,-0.9331,109.1565
55.00,55.00,2670000000,3.272395602e-02,8.974032970e-01,-0.9345,87.9116
55.00,55.00,2680000000,3.555897974e-01,8.246234508e-01,-0.9342,66.6736
55.00,55.00,2690000000,6.300559374e-01,6.394859049e-01,-0.9371,45.4256
55.00,55.00,2700000000,8.188031579e-01,3.675857323e-01,-0.9390,24.1768
55.00,55.00,2710000000,8.961263070e-01,4.597361357e-02,-0.9412,2.9368
55.00,55.00,2720000000,8.515728152e-01,-2.815758675e-01,-0.9449,-18.2967
55.00,55.00,2730000000,6.914754112e-01,-5.706763817e-01,-0.9485,-39.5329
55.00,55.00,2740000000,4.379802545e-01,-7.820701845e-01,-0.9504,-60.7500
55.00,55.00,2750000000,1.252379684e-01,-8.875454214e-01,-0.9506,-81.9682
55.00,55.00,2760000000,-2.046108951e-01,-8.728534886e-01,-0.9489,-103.1928
55.00,55.00,2770000000,-5.072288397e-01,-7.400024771e-01,-0.9427,-124.4284
55.00,55.00,2780000000,-7.414143608e-01,-5.057769338e-01,-0.9393,-145.6990
55.00,55.00,2790000000,-8.743402203e-01,-2.018765541e-01,-0.9408,-166.9988
55.00,55.00,2800000000,-8.873361501e-01,1.292829183e-01,-0.9470,171.7105
55.00,55.00,2810000000,-7.789428411e-01,4.414188155e-01,-0.9604,150.4602
55.00,55.00,2820000000,-5.660231416e-01,6.923008392e-01,-0.9709,129.2693
55.00,55.00,2830000000,-2.780698329e-01,8.497448561e-01,-0.9724,108.1201
55.00,55.00,2840000000,4.750813229e-02,8.935153651e-01,-0.9657,86.9565
55.00,55.00,2850000000,3.688423672e-01,8.170063308e-01,-0.9499,65.7029
55.00,55.00,2860000000,6.415131036e-01,6.274704347e-01,-0.9406,44.3660
55.00,55.00,2870000000,8.254457427e-01,3.502051650e-01,-0.9474,22.9897
55.00,55.00,2880000000,8.941112940e-01,2.599147761e-02,-0.9685,1.6651
55.00,55.00,2890000000,8.404412216e-01,-2.981552734e-01,-0.9950,-19.5327
55.00,55.00,2900000000,6.756323440e-01,-5.796151070e-01,-1.0104,-40.6258
55.00,55.00,2910000000,4.223413693e-01,-7.843722997e-01,-1.0039,-61.7000
55.00,55.00,2920000000,1.109791939e-01,-8.863781410e-01,-0.9801,-82.8634
55.00,55.00,2930000000,-2.198222879e-01,-8.682594881e-01,-0.9572,-104.2074
55.00,55.00,2940000000,-5.223298695e-01,-7.280561553e-01,-0.9534,-125.6568
55.00,55.00,2950000000,-7.500933377e-01,-4.857013334e-01,-0.9770,-147.0761
55.00,55.00,2960000000,-8.710246455e-01,-1.797111590e-01,-1.0183,-168.3422
55.00,55.00,2970000000,-8.740978240e-01,1.448802813e-01,-1.0511,170.5889
55.00,55.00,2980000000,-7.636943999e-01,4.477525297e-01,-1.0584,149.6170
55.00,55.00,2990000000,-5.536162722e-01,6.937873648e-01,-1.0357,128.5886
55.00,55.00,3000000000,-2.660908216e-01,8.509916470e-01,-0.9964,107.3636
60.00,60.00,2000000000,2.997578439e-01,8.582537086e-01,-0.8278,70.7475
60.00,60.00,2010000000,5.897327834e-01,6.947765830e-01,-0.8066,49.6751
60.00,60.00,2020000000,8.042977425e-01,4.354276964e-01,-0.7754,28.4301
60.00,60.00,2030000000,9.096461181e-01,1.121793833e-01,-0.7570,7.0303
60.00,60.00,2040000000,8.870080920e-01,-2.277725490e-01,-0.7641,-14.4017
60.00,60.00,2050000000,7.412401039e-01,-5.332252174e-01,-0.7896,-35.7301
60.00,60.00,2060000000,4.969541306e-01,-7.628221322e-01,-0.8152,-56.9170
60.00,60.00,2070000000,1.887835709e-01,-8.894980420e-01,-0.8258,-78.0176
60.00,60.00,2080000000,-1.445315810e-01,-8.985696680e-01,-0.8180,-99.1375
60.00,60.00,2090000000,-4.607398698e-01,-7.868063788e-01,-0.8022,-120.3525
60.00,60.00,2100000000,-7.161913239e-01,-5.662757774e-01,-0.7904,-141.6674
60.00,60.00,2110000000,-8.729493469e-01,-2.666606848e-01,-0.7928,-163.0136
60.00,60.00,2120000000,-9.088261355e-01,6.854966210e-02,-0.8057,175.6865
60.00,60.00,2130000000,-8.209289185e-01,3.923232160e-01,-0.8205,154.4568
60.00,60.00,2140000000,-6.230950234e-01,6.617986227e-01,-0.8290,133.2747
60.00,60.00,2150000000,-3.417626880e-01,8.422191900e-01,-0.8295,112.0867
60.00,60.00,2160000000,-1.375327736e-02,9.091162300e-01,-0.8266,90.8667
60.00,60.00,2170000000,3.167039782e-01,8.524365944e-01,-0.8252,69.6186
60.00,60.00,2180000000,6.041297448e-01,6.794203222e-01,-0.8271,48.3570
60.00,60.00,2190000000,8.088091612e-01,4.140959134e-01,-0.8321,27.1116
60.00,60.00,2200000000,9.034668950e-01,9.293267242e-02,-0.8360,5.8729
60.00,60.00,2210000000,8.755413689e-01,-2.408116741e-01,-0.8378,-15.3786
60.00,60.00,2220000000,7.285646025e-01,-5.413326438e-01,-0.8415,-36.6128
60.00,60.00,2230000000,4.828080262e-01,-7.678933691e-01,-0.8472,-57.8406
60.00,60.00,2240000000,1.718474762e-01,-8.900293536e-01,-0.8530,-79.0718
60.00,60.00,2250000000,-1.613804253e-01,-8.915945638e-01,-0.8567,-100.2596
60.00,60.00,2260000000,-4.729831501e-01,-7.729405416e-01,-0.8558,-121.4636
60.00,60.00,2270000000,-7.211718490e-01,-5.494821102e-01,-0.8512,-142.6952
60.00,60.00,2280000000,-8.716972496e-01,-2.508312402e-01,-0.8472,-163.9468
60.00,60.00,2290000000,-9.029300333e-01,8.278854351e-02,-0.8506,174.7613
60.00,60.00,2300000000,-8.107574381e-01,4.041764814e-01,-0.8582,153.5030
60.00,60.00,2310000000,-6.087883735e-01,6.694019343e-01,-0.8686,132.2850
60.00,60.00,2320000000,-3.255799540e-01,8.434471129e-01,-0.8756,111.1071
60.00,60.00,2330000000,9.735272024e-04,9.044801348e-01,-0.8720,89.9383
60.00,60.00,2340000000,3.283890365e-01,8.436122328e-01,-0.8644,68.7308
60.00,60.00,2350000000,6.125258768e-01,6.676729057e-01,-0.8567,47.4666
60.00,60.00,2360000000,8.135273428e-01,3.996280002e-01,-0.8538,26.1616
60.00,60.00,2370000000,9.022455305e-01,7.720388077e-02,-0.8618,4.8908
60.00,60.00,2380000000,8.678122495e-01,-2.546011137e-01,-0.8729,-16.3508
60.00,60.00,2390000000,7.164635746e-01,-5.506465360e-01,-0.8803,-37.5445
60.00,60.00,2400000000,4.692128456e-01,-7.721949018e-01,-0.8807,-58.7157
60.00,60.00,2410000000,1.580552622e-01,-8.903933054e-01,-0.8736,-79.9342
60.00,60.00,2420000000,-1.756558816e-01,-8.878452453e-01,-0.8665,-101.1912
60.00,60.00,2430000000,-4.861013036e-01,-7.635743391e-01,-0.8654,-122.4814
60.00,60.00,2440000000,-7.297071698e-01,-5.344332439e-01,-0.8720,-143.7812
60.00,60.00,2450000000,-8.727522903e-01,-2.335492919e-01,-0.8818,-165.0186
60.00,60.00,2460000000,-8.971980557e-01,9.795915487e-02,-0.8908,173.7689
60.00,60.00,2470000000,-8.008523365e-01,4.155365840e-01,-0.8936,152.5766
60.00,60.00,2480000000,-5.965982186e-01,6.773805358e-01,-0.8896,131.3718
60.00,60.00,2490000000,-3.108137177e-01,8.479513714e-01,-0.8851,110.1302
60.00,60.00,2500000000,1.815561255e-02,9.032213309e-01,-0.8824,88.8485
60.00,60.00,2510000000,3.446682781e-01,8.347904340e-01,-0.8848,67.5652
60.00,60.00,2520000000,6.232668772e-01,6.525588653e-01,-0.8922,46.3152
60.00,60.00,2530000000,8.168115281e-01,3.818599509e-01,-0.8991,25.0561
60.00,60.00,2540000000,8.990226820e-01,6.021771082e-02,-0.9051,3.8320
60.00,60.00,2550000000,8.595964358e-01,-2.691876723e-01,-0.9078,-17.3883
60.00,60.00,2560000000,7.034951016e-01,-5.625583034e-01,-0.9078,-38.6480
60.00,60.00,2570000000,4.519816265e-01,-7.790746301e-01,-0.9085,-59.8798
60.00,60.00,2580000000,1.391172010e-01,-8.897645281e-01,-0.9096,-81.1136
60.00,60.00,2590000000,-1.921917355e-01,-8.795363255e-01,-0.9124,-102.3262
60.00,60.00,2600000000,-4.972582855e-01,-7.501223297e-01,-0.9154,-123.5405
60.00,60.00,2610000000,-7.340704729e-01,-5.198587892e-01,-0.9199,-144.6944
60.00,60.00,2620000000,-8.720980703e-01,-2.190083578e-01,-0.9231,-165.9029
60.00,60.00,2630000000,-8.919263152e-01,1.117379145e-01,-0.9258,172.8594
60.00,60.00,2640000000,-7.905796000e-01,4.269116989e-01,-0.9298,151.6310
60.00,60.00,2650000000,-5.821813069e-01,6.842165222e-01,-0.9308,130.3936
60.00,60.00,2660000000,-2.946976201e-01,8.484569245e-01,-0.9327,109.1538
60.00,60.00,2670000000,3.270994476e-02,8.973766549e-01,-0.9347,87.9125
60.00,60.00,2680000000,3.555828738e-01,8.245941279e-01,-0.9345,66.6732
60.00,60.00,2690000000,6.300597254e-01,6.394989109e-01,-0.9370,45.4260
60.00,60.00,2700000000,8.187949861e-01,3.676117896e-01,-0.9390,24.1785
60.00,60.00,2710000000,8.960712015e-01,4.596205534e-02,-0.9417,2.9363
60.00,60.00,2720000000,8.515481350e-01,-2.815839150e-01,-0.9452,-18.2977
60.00,60.00,2730000000,6.915128207e-01,-5.706728037e-01,-0.9482,-39.5312
60.00,60.00,2740000000,4.379784708e-01,-7.821221463e-01,-0.9499,-60.7517
60.00,60.00,2750000000,1.252470566e-01,-8.875580794e-01,-0.9504,-81.9678
60.00,60.00,2760000000,-2.046378102e-01,-8.728630071e-01,-0.9487,-103.1944
60.00,60.00,2770000000,-5.071721451e-01,-7.400088068e-01,-0.9429,-124.4252
60.00,60.00,2780000000,-7.413919182e-01,-5.057568638e-01,-0.9396,-145.6993
60.00,60.00,2790000000,-8.743641660e-01,-2.019086898e-01,-0.9405,-166.9971
60.00,60.00,2800000000,-8.873496325e-01,1.292595087e-01,-0.9469,171.7121
60.00,60.00,2810000000,-7.789800108e-01,4.413842952e-01,-0.9603,150.4633
60.00,60.00,2820000000,-5.660808229e-01,6.923429564e-01,-0.9703,129.2705
60.00,60.00,2830000000,-2.781007643e-01,8.497006545e-01,-0.9727,108.1229
60.00,60.00,2840000000,4.754842561e-02,8.935392384e-01,-0.9654,86.9540
60.00,60.00,2850000000,3.688681530e-01,8.170366928e-01,-0.9495,65.7022
60.00,60.00,2860000000,6.414900347e-01,6.274564653e-01,-0.9409,44.3664
60.00,60.00,2870000000,8.254414301e-01,3.502521579e-01,-0.9473,22.9925
60.00,60.00,2880000000,8.941522999e-01,2.600074823e-02,-0.9681,1.6656
60.00,60.00,2890000000,8.404764138e-01,-2.981505108e-01,-0.9947,-19.5316
60.00,60.00,2900000000,6.756384789e-01,-5.796384611e-01,-1.0102,-40.6267
60.00,60.00,2910000000,4.223015665e-01,-7.843709427e-01,-1.0041,-61.7022
60.00,60.00,2920000000,1.109756690e-01,-8.863560329e-01,-0.9803,-82.8635
60.00,60.00,2930000000,-2.197745274e-01,-8.682345110e-01,-0.9575,-104.2048
60.00,60.00,2940000000,-5.223272212e-01,-7.280644810e-01,-0.9534,-125.6564
60.00,60.00,2950000000,-7.500958181e-01,-4.857205059e-01,-0.9769,-147.0751
60.00,60.00,2960000000,-8.710425402e-01,-1.797374621e-01,-1.0181,-168.3408
60.00,60.00,2970000000,-8.740973765e-01,1.448668291e-01,-1.0511,170.5897
60.00,60.00,2980000000,-7.636666696e-01,4.477492207e-01,-1.0587,149.6163
60.00,60.00,2990000000,-5.536179861e-01,6.938208609e-01,-1.0354,128.5873
60.00,60.00,3000000000,-2.660926548e-01,8.509815424e-01,-0.9965,107.3639
65.00,65.00,2000000000,2.997228350e-01,8.581912257e-01,-0.8285,70.7483
65.00,65.00,2010000000,5.897464396e-01,6.947352221e-01,-0.8068,49.6728
65.00,65.00,2020000000,8.042980393e-01,4.354567216e-01,-0.7752,28.4317
65.00,65.00,2030000000,9.096655963e-01,1.121623050e-01,-0.7568,7.0291
65.00,65.00,2040000000,8.870299815e-01,-2.277835520e-01,-0.7639,-14.4020
65.00,65.00,2050000000,7.412509196e-01,-5.332573654e-01,-0.7893,-35.7313
65.00,65.00,2060000000,4.969574238e-01,-7.628273127e-01,-0.8151,-56.9171
65.00,65.00,2070000000,1.888040700e-01,-8.895020425e-01,-0.8257,-78.0164
65.00,65.00,2080000000,-1.445542687e-01,-8.985753409e-01,-0.8179,-99.1389
65.00,65.00,2090000000,-4.607971374e-01,-7.868758880e-01,-0.8013,-120.3534
65.00,65.00,2100000000,-7.162124021e-01,-5.662763922e-01,-0.7903,-141.6682
65.00,65.00,2110000000,-8.729739759e-01,-2.666549101e-01,-0.7926,-163.0144
65.00,65.00,2120000000,-9.088464600e-01,6.857281731e-02,-0.8055,175.6852
65.00,65.00,2130000000,-8.209346438e-01,3.923384664e-01,-0.8204,154.4561
65.00,65.00,2140000000,-6.231034743e-01,6.618050729e-01,-0.8289,133.2748
65.00,65.00,2150000000,-3.417479122e-01,8.421933207e-01,-0.8298,112.0865
65.00,65.00,2160000000,-1.377535034e-02,9.091069688e-01,-0.8267,90.8681
65.00,65.00,2170000000,3.167368435e-01,8.524515898e-01,-0.8250,69.6170
65.00,65.00,2180000000,6.041117888e-01,6.794080578e-01,-0.8273,48.3573
65.00,65.00,2190000000,8.088567033e-01,4.140872607e-01,-0.8317,27.1098
65.00,65.00,2200000000,9.034213669e-01,9.301904117e-02,-0.8364,5.8786
65.00,65.00,2210000000,8.755607853e-01,-2.408125882e-01,-0.8376,-15.3783
65.00,65.00,2220000000,7.285812614e-01,-5.413038611e-01,-0.8416,-36.6107
65.00,65.00,2230000000,4.828041365e-01,-7.678716406e-01,-0.8474,-57.8401
65.00,65.00,2240000000,1.719215728e-01,-8.900423430e-01,-0.8527,-79.0673
65.00,65.00,2250000000,-1.613573368e-01,-8.916190974e-01,-0.8565,-100.2579
65.00,65.00,2260000000,-4.729787208e-01,-7.729039030e-01,-0.8561,-121.4646
65.00,65.00,2270000000,-7.211131584e-01,-5.494723719e-01,-0.8517,-142.6934
65.00,65.00,2280000000,-8.717188265e-01,-2.508383659e-01,-0.8470,-163.9467
65.00,65.00,2290000000,-9.029477569e-01,8.274504642e-02,-0.8504,174.7641
65.00,65.00,2300000000,-8.107567402e-01,4.041994845e-01,-0.8581,153.5016
65.00,65.00,2310000000,-6.088236312e-01,6.694242787e-01,-0.8682,132.2857
65.00,65.00,2320000000,-3.255986741e-01,8.434382195e-01,-0.8756,111.1085
65.00,65.00,2330000000,9.786671460e-04,9.044739650e-01,-0.8721,89.9380
65.00,65.00,2340000000,3.283737490e-01,8.436096560e-01,-0.8645,68.7316
65.00,65.00,2350000000,6.125022435e-01,6.676787911e-01,-0.8568,47.4680
65.00,65.00,2360000000,8.135554482e-01,3.996735894e-01,-0.8533,26.1634
65.00,65.00,2370000000,9.022373503e-01,7.716006103e-02,-0.8619,4.8881
65.00,65.00,2380000000,8.677963931e-01,-2.546023685e-01,-0.8730,-16.3511
65.00,65.00,2390000000,7.164566590e-01,-5.506656048e-01,-0.8802,-37.5457
65.00,65.00,2400000000,4.692233823e-01,-7.722115502e-01,-0.8805,-58.7156
65.00,65.00,2410000000,1.580672133e-01,-8.903551963e-01,-0.8740,-79.9330
65.00,65.00,2420000000,-1.756507817e-01,-8.878616827e-01,-0.8664,-101.1906
65.00,65.00,2430000000,-4.861066622e-01,-7.635747319e-01,-0.8653,-122.4816
65.00,65.00,2440000000,-7.296868261e-01,-5.344310205e-01,-0.8722,-143.7805
65.00,65.00,2450000000,-8.727532774e-01,-2.335388132e-01,-0.8818,-165.0193
65.00,65.00,2460000000,-8.972090765e-01,9.790011729e-02,-0.8907,173.7727
65.00,65.00,2470000000,-8.008189135e-01,4.155087027e-01,-0.8940,152.5772
65.00,65.00,2480000000,-5.966056835e-01,6.773875170e-01,-0.8895,131.3718
65.00,65.00,2490000000,-3.108282918e-01,8.479522180e-01,-0.8850,110.1311
65.00,65.00,2500000000,1.814214281e-02,9.032185579e-01,-0.8824,88.8493
65.00,65.00,2510000000,3.446321380e-01,8.347832302e-01,-0.8850,67.5672
65.00,65.00,2520000000,6.232313668e-01,6.525371619e-01,-0.8926,46.3159
65.00,65.00,2530000000,8.167565038e-01,3.818411430e-01,-0.8997,25.0565
65.00,65.00,2540000000,8.989909247e-01,6.022140292e-02,-0.9054,3.8324
65.00,65.00,2550000000,8.595667328e-01,-2.692236243e-01,-0.9080,-17.3910
65.00,65.00,2560000000,7.035307890e-01,-5.625613659e-01,-0.9075,-38.6467
65.00,65.00,2570000000,4.519500578e-01,-7.791086010e-01,-0.9084,-59.8826
65.00,65.00,2580000000,1.391461536e-01,-8.897859755e-01,-0.9094,-81.1120
65.00,65.00,2590000000,-1.921901740e-01,-8.795343341e-01,-0.9124,-102.3262
65.00,65.00,2600000000,-4.972658028e-01,-7.500977894e-01,-0.9156,-123.5418
65.00,65.00,2610000000,-7.340911001e-01,-5.199044672e-01,-0.9195,-144.6928
65.00,65.00,2620000000,-8.721142856e-01,-2.190304726e-01,-0.9229,-165.9018
65.00,65.00,2630000000,-8.919333090e-01,1.117466072e-01,-0.9257,172.8589
65.00,65.00,2640000000,-7.905678441e-01,4.269601987e-01,-0.9297,151.6279
65.00,65.00,2650000000,-5.821767965e-01,6.841835750e-01,-0.9311,130.3947
65.00,65.00,2660000000,-2.946998204e-01,8.484300797e-01,-0.9330,109.1545
65.00,65.00,2670000000,3.270792072e-02,8.973467913e-01,-0.9350,87.9125
65.00,65.00,2680000000,3.555771078e-01,8.245826368e-01,-0.9346,66.6733
65.00,65.00,2690000000,6.300552821e-01,6.394897215e-01,-0.9371,45.4258
65.00,65.00,2700000000,8.187903144e-01,3.675614106e-01,-0.9392,24.1757
65.00,65.00,2710000000,8.960899701e-01,4.596433250e-02,-0.9416,2.9364
65.00,65.00,2720000000,8.515704017e-01,-2.815605419e-01,-0.9450,-18.2958
65.00,65.00,2730000000,6.915105987e-01,-5.706869076e-01,-0.9481,-39.5320
65.00,65.00,2740000000,4.379571930e-01,-7.821004036e-01,-0.9502,-60.7522
65.00,65.00,2750000000,1.252393485e-01,-8.875330300e-01,-0.9507,-81.9681
65.00,65.00,2760000000,-2.046339140e-01,-8.728503555e-01,-0.9488,-103.1943
65.00,65.00,2770000000,-5.071994980e-01,-7.399711248e-01,-0.9431,-124.4280
65.00,65.00,2780000000,-7.414241765e-01,-5.057526788e-01,-0.9394,-145.7007
65.00,65.00,2790000000,-8.743685572e-01,-2.018998146e-01,-0.9405,-166.9978
65.00,65.00,2800000000,-8.873082813e-01,1.292360435e-01,-0.9473,171.7132
65.00,65.00,2810000000,-7.789666243e-01,4.413585717e-01,-0.9605,150.4643
65.00,65.00,2820000000,-5.660354082e-01,6.922919171e-01,-0.9709,129.2703
65.00,65.00,2830000000,-2.780659781e-01,8.497443926e-01,-0.9724,108.1199
65.00,65.00,2840000000,4.753178617e-02,8.935241595e-01,-0.9656,86.9550
65.00,65.00,2850000000,3.688228477e-01,8.170269177e-01,-0.9498,65.7046
65.00,65.00,2860000000,6.414823558e-01,6.274814551e-01,-0.9408,44.3679
65.00,65.00,2870000000,8.254454816e-01,3.502269093e-01,-0.9473,22.9909
65.00,65.00,2880000000,8.941135840e-01,2.603314078e-02,-0.9685,1.6678
65.00,65.00,2890000000,8.404776785e-01,-2.981488882e-01,-0.9947,-19.5315
65.00,65.00,2900000000,6.756170482e-01,-5.795904016e-01,-1.0106,-40.6252
65.00,65.00,2910000000,4.223205944e-01,-7.844033071e-01,-1.0037,-61.7021
65.00,65.00,2920000000,1.109783419e-01,-8.863736376e-01,-0.9801,-82.8634
65.00,65.00,2930000000,-2.197850168e-01,-8.682493043e-01,-0.9574,-104.2052
65.00,65.00,2940000000,-5.223100380e-01,-7.280623198e-01,-0.9535,-125.6556
65.00,65.00,2950000000,-7.500953060e-01,-4.856782849e-01,-0.9771,-147.0774
65.00,65.00,2960000000,-8.710605911e-01,-1.797205347e-01,-1.0180,-168.3421
65.00,65.00,2970000000,-8.740768725e-01,1.448753270e-01,-1.0513,170.5890
65.00,65.00,2980000000,-7.636950651e-01,4.477223802e-01,-1.0586,149.6187
65.00,65.00,2990000000,-5.536012027e-01,6.937970667e-01,-1.0357,128.5874
65.00,65.00,3000000000,-2.661038268e-01,8.509965907e-01,-0.9963,107.3643
70.00,70.00,2000000000,2.997349240e-01,8.582324847e-01,-0.8281,70.7484
70.00,70.00,2010000000,5.897451749e-01,6.947779939e-01,-0.8065,49.6746
70.00,70.00,2020000000,8.042913486e-01,4.354860729e-01,-0.7752,28.4335
70.00,70.00,2030000000,9.096287694e-01,1.121222121e-01,-0.7572,7.0269
70.00,70.00,2040000000,8.870291439e-01,-2.277797346e-01,-0.7639,-14.4018
70.00,70.00,2050000000,7.412261831e-01,-5.332350694e-01,-0.7896,-35.7311
70.00,70.00,2060000000,4.969824535e-01,-7.628265702e-01,-0.8150,-56.9157
70.00,70.00,2070000000,1.888020182e-01,-8.894822940e-01,-0.8259,-78.0162
70.00,70.00,2080000000,-1.445265994e-01,-8.985944937e-01,-0.8178,-99.1370
70.00,70.00,2090000000,-4.608062206e-01,-7.868153286e-01,-0.8018,-120.3558
70.00,70.00,2100000000,-7.161809725e-01,-5.662575166e-01,-0.7906,-141.6679
70.00,70.00,2110000000,-8.729422620e-01,-2.666445142e-01,-0.7929,-163.0145
70.00,70.00,2120000000,-9.088646327e-01,6.854449801e-02,-0.8054,175.6870
70.00,70.00,2130000000,-8.209675463e-01,3.923137684e-01,-0.8202,154.4584
70.00,70.00,2140000000,-6.231222359e-01,6.617860808e-01,-0.8289,133.2764
70.00,70.00,2150000000,-3.418185520e-01,8.421946919e-01,-0.8295,112.0906
70.00,70.00,2160000000,-1.379158584e-02,9.090828052e-01,-0.8269,90.8692
70.00,70.00,2170000000,3.167264126e-01,8.524432813e-01,-0.8251,69.6174
70.00,70.00,2180000000,6.041340674e-01,6.794101871e-01,-0.8272,48.3564
70.00,70.00,2190000000,8.088355592e-01,4.141230234e-01,-0.8317,27.1124
70.00,70.00,2200000000,9.034625394e-01,9.303657838e-02,-0.8360,5.8795
70.00,70.00,2210000000,8.755884654e-01,-2.407882794e-01,-0.8374,-15.3763
70.00,70.00,2220000000,7.285947989e-01,-5.413107016e-01,-0.8414,-36.6106
70.00,70.00,2230000000,4.827951501e-01,-7.678872222e-01,-0.8474,-57.8411
70.00,70.00,2240000000,1.718635038e-01,-8.900614050e-01,-0.8526,-79.0712
70.00,70.00,2250000000,-1.613712115e-01,-8.916232123e-01,-0.8564,-100.2587
70.00,70.00,2260000000,-4.730382220e-01,-7.729280856e-01,-0.8556,-121.4670
70.00,70.00,2270000000,-7.211287786e-01,-5.494544065e-01,-0.8517,-142.6949
70.00,70.00,2280000000,-8.716555000e-01,-2.508561229e-01,-0.8475,-163.9446
70.00,70.00,2290000000,-9.029470557e-01,8.278879444e-02,-0.8504,174.7614
70.00,70.00,2300000000,-8.107583831e-01,4.042121648e-01,-0.8581,153.5010
70.00,70.00,2310000000,-6.088235551e-01,6.693734184e-01,-0.8686,132.2879
70.00,70.00,2320000000,-3.255994041e-01,8.434467091e-01,-0.8756,111.1083
70.00,70.00,2330000000,9.547219612e-04,9.044624102e-01,-0.8722,89.9395
70.00,70.00,2340000000,3.283747197e-01,8.436195275e-01,-0.8644,68.7318
70.00,70.00,2350000000,6.125112144e-01,6.676985238e-01,-0.8566,47.4684
70.00,70.00,2360000000,8.135497270e-01,3.996782404e-01,-0.8534,26.1638
70.00,70.00,2370000000,9.022364162e-01,7.721474894e-02,-0.8619,4.8915
70.00,70.00,2380000000,8.677934575e-01,-2.545959891e-01,-0.8731,-16.3508
70.00,70.00,2390000000,7.164794466e-01,-5.506752203e-01,-0.8800,-37.5453
70.00,70.00,2400000000,4.692255053e-01,-7.722541199e-01,-0.8802,-58.7169
70.00,70.00,2410000000,1.580830578e-01,-8.904018569e-01,-0.8735,-79.9325
70.00,70.00,2420000000,-1.756242331e-01,-8.878541434e-01,-0.8665,-101.1891
70.00,70.00,2430000000,-4.861273582e-01,-7.635638260e-01,-0.8653,-122.4831
70.00,70.00,2440000000,-7.296784725e-01,-5.344490666e-01,-0.8721,-143.7793
70.00,70.00,2450000000,-8.727808478e-01,-2.336077269e-01,-0.8814,-165.0155
70.00,70.00,2460000000,-8.972256170e-01,9.788102034e-02,-0.8906,173.7741
70.00,70.00,2470000000,-8.008376434e-01,4.155105237e-01,-0.8938,152.5777
70.00,70.00,2480000000,-5.966231385e-01,6.773949847e-01,-0.8894,131.3723
70.00,70.00,2490000000,-3.108175243e-01,8.479598129e-01,-0.8850,110.1303
70.00,70.00,2500000000,1.815205460e-02,9.032146970e-01,-0.8824,88.8487
70.00,70.00,2510000000,3.446595924e-01,8.348408563e-01,-0.8844,67.5670
70.00,70.00,2520000000,6.232477012e-01,6.525050329e-01,-0.8927,46.3138
70.00,70.00,2530000000,8.167402631e-01,3.818664763e-01,-0.8997,25.0584
70.00,70.00,2540000000,8.989877586e-01,6.025636993e-02,-0.9055,3.8346
70.00,70.00,2550000000,8.595809431e-01,-2.691954200e-01,-0.9079,-17.3890
70.00,70.00,2560000000,7.035071145e-01,-5.625678088e-01,-0.9076,-38.6480
70.00,70.00,2570000000,4.519523719e-01,-7.791178760e-01,-0.9083,-59.8827
70.00,70.00,2580000000,1.391566660e-01,-8.897764762e-01,-0.9094,-81.1112
70.00,70.00,2590000000,-1.922109990e-01,-8.795697015e-01,-0.9120,-102.3270
70.00,70.00,2600000000,-4.972563601e-01,-7.501327206e-01,-0.9153,-123.5400
70.00,70.00,2610000000,-7.340838777e-01,-5.199062739e-01,-0.9195,-144.6924
70.00,70.00,2620000000,-8.720993362e-01,-2.190128373e-01,-0.9231,-165.9027
70.00,70.00,2630000000,-8.919362243e-01,1.117163814e-01,-0.9257,172.8608
70.00,70.00,2640000000,-7.906180127e-01,4.269360942e-01,-0.9294,151.6308
70.00,70.00,2650000000,-5.821739776e-01,6.841818046e-01,-0.9311,130.3946
70.00,70.00,2660000000,-2.947199182e-01,8.484274824e-01,-0.9329,109.1558
70.00,70.00,2670000000,3.270695347e-02,8.974141644e-01,-0.9344,87.9127
70.00,70.00,2680000000,3.555785389e-01,8.245917414e-01,-0.9346,66.6734
70.00,70.00,2690000000,6.300282561e-01,6.394868600e-01,-0.9373,45.4269
70.00,70.00,2700000000,8.187871052e-01,3.676007907e-01,-0.9391,24.1781
70.00,70.00,2710000000,8.961004855e-01,4.599797033e-02,-0.9414,2.9385
70.00,70.00,2720000000,8.515980339e-01,-2.815620533e-01,-0.9448,-18.2953
70.00,70.00,2730000000,6.915122929e-01,-5.706603534e-01,-0.9483,-39.5307
70.00,70.00,2740000000,4.379812006e-01,-7.820926051e-01,-0.9502,-60.7507
70.00,70.00,2750000000,1.252910575e-01,-8.875777982e-01,-0.9502,-81.9652
70.00,70.00,2760000000,-2.045994794e-01,-8.728552882e-01,-0.9489,-103.1921
70.00,70.00,2770000000,-5.071646358e-01,-7.399819900e-01,-0.9432,-124.4257
70.00,70.00,2780000000,-7.413840261e-01,-5.057588859e-01,-0.9397,-145.6989
70.00,70.00,2790000000,-8.743199744e-01,-2.018955198e-01,-0.9410,-166.9973
70.00,70.00,2800000000,-8.873395832e-01,1.292413179e-01,-0.9470,171.7131
70.00,70.00,2810000000,-7.789779967e-01,4.414040139e-01,-0.9602,150.4622
70.00,70.00,2820000000,-5.660280078e-01,6.923083962e-01,-0.9708,129.2693
70.00,70.00,2830000000,-2.780282767e-01,8.497494264e-01,-0.9725,108.1175
70.00,70.00,2840000000,4.752219564e-02,8.935468823e-01,-0.9654,86.9557
70.00,70.00,2850000000,3.688568421e-01,8.170448199e-01,-0.9495,65.7031
70.00,70.00,2860000000,6.415005859e-01,6.274901767e-01,-0.9406,44.3674
70.00,70.00,2870000000,8.254515457e-01,3.502418434e-01,-0.9472,22.9917
70.00,70.00,2880000000,8.941349305e-01,2.600019848e-02,-0.9683,1.6656
70.00,70.00,2890000000,8.404658785e-01,-2.981379615e-01,-0.9949,-19.5311
70.00,70.00,2900000000,6.756042961e-01,-5.796216025e-01,-1.0105,-40.6273
70.00,70.00,2910000000,4.223098283e-01,-7.843608396e-01,-1.0042,-61.7014
70.00,70.00,2920000000,1.109829797e-01,-8.864277852e-01,-0.9796,-82.8636
70.00,70.00,2930000000,-2.197984993e-01,-8.682890121e-01,-0.9570,-104.2054
70.00,70.00,2940000000,-5.223376582e-01,-7.280563226e-01,-0.9534,-125.6572
70.00,70.00,2950000000,-7.500345629e-01,-4.857306821e-01,-0.9773,-147.0725
70.00,70.00,2960000000,-8.710193185e-01,-1.797441147e-01,-1.0183,-168.3401
70.00,70.00,2970000000,-8.741119299e-01,1.448870389e-01,-1.0509,170.5886
70.00,70.00,2980000000,-7.636949408e-01,4.476903209e-01,-1.0587,149.6205
70.00,70.00,2990000000,-5.536064981e-01,6.938155236e-01,-1.0355,128.5869
70.00,70.00,3000000000,-2.661257741e-01,8.509903389e-01,-0.9963,107.3658
75.00,75.00,2000000000,2.997462735e-01,8.582461362e-01,-0.8279,70.7480
75.00,75.00,2010000000,5.897436929e-01,6.947830800e-01,-0.8065,49.6748
75.00,75.00,2020000000,8.042728707e-01,4.354832277e-01,-0.7753,28.4339
75.00,75.00,2030000000,9.096652505e-01,1.122033369e-01,-0.7568,7.0317
75.00,75.00,2040000000,8.870182733e-01,-2.277667641e-01,-0.7640,-14.4012
75.00,75.00,2050000000,7.412842308e-01,-5.332805785e-01,-0.7889,-35.7313
75.00,75.00,2060000000,4.969720669e-01,-7.628151542e-01,-0.8151,-56.9159
75.00,75.00,2070000000,1.888253350e-01,-8.895838155e-01,-0.8249,-78.0161
75.00,75.00,2080000000,-1.445383228e-01,-8.986116694e-01,-0.8176,-99.1375
75.00,75.00,2090000000,-4.608102819e-01,-7.868911315e-01,-0.8011,-120.3536
75.00,75.00,2100000000,-7.162144694e-01,-5.662873768e-01,-0.7902,-141.6677
75.00,75.00,2110000000,-8.729347647e-01,-2.666514894e-01,-0.7929,-163.0139
75.00,75.00,2120000000,-9.088753749e-01,6.853739346e-02,-0.8053,175.6875
75.00,75.00,2130000000,-8.210029660e-01,3.922922774e-01,-0.8200,154.4606
75.00,75.00,2140000000,-6.231412225e-01,6.617967524e-01,-0.8287,133.2769
75.00,75.00,2150000000,-3.417975562e-01,8.421578931e-01,-0.8299,112.0902
75.00,75.00,2160000000,-1.378792848e-02,9.091005170e-01,-0.8268,90.8689
75.00,75.00,2170000000,3.167465212e-01,8.524589138e-01,-0.8249,69.6165
75.00,75.00,2180000000,6.041226336e-01,6.794020874e-01,-0.8273,48.3566
75.00,75.00,2190000000,8.088520830e-01,4.141156433e-01,-0.8316,27.1115
75.00,75.00,2200000000,9.034887150e-01,9.300808255e-02,-0.8358,5.8775
75.00,75.00,2210000000,8.755744617e-01,-2.408046160e-01,-0.8375,-15.3776
75.00,75.00,2220000000,7.285889859e-01,-5.413342257e-01,-0.8413,-36.6120
75.00,75.00,2230000000,4.828410197e-01,-7.679096014e-01,-0.8469,-57.8394
75.00,75.00,2240000000,1.718697995e-01,-8.900621913e-01,-0.8526,-79.0708
75.00,75.00,2250000000,-1.613643009e-01,-8.916109943e-01,-0.8565,-100.2584
75.00,75.00,2260000000,-4.729762571e-01,-7.729013705e-01,-0.8561,-121.4645
75.00,75.00,2270000000,-7.211389861e-01,-5.494811088e-01,-0.8514,-142.6939
75.00,75.00,2280000000,-8.716916599e-01,-2.508517160e-01,-0.8472,-163.9455
75.00,75.00,2290000000,-9.029410416e-01,8.275821105e-02,-0.8505,174.7632
75.00,75.00,2300000000,-8.107812860e-01,4.041750802e-01,-0.8580,153.5037
75.00,75.00,2310000000,-6.088858361e-01,6.694284808e-01,-0.8678,132.2884
75.00,75.00,2320000000,-3.256461567e-01,8.434927578e-01,-0.8750,111.1100
75.00,75.00,2330000000,9.316963780e-04,9.045178127e-01,-0.8717,89.9410
75.00,75.00,2340000000,3.283779643e-01,8.436575050e-01,-0.8640,68.7325
75.00,75.00,2350000000,6.125315693e-01,6.677620580e-01,-0.8560,47.4701
75.00,75.00,2360000000,8.135747804e-01,3.996590538e-01,-0.8532,26.1620
75.00,75.00,2370000000,9.022416764e-01,7.717952935e-02,-0.8619,4.8893
75.00,75.00,2380000000,8.678328750e-01,-2.546121357e-01,-0.8727,-16.3511
75.00,75.00,2390000000,7.164775606e-01,-5.506732193e-01,-0.8800,-37.5453
75.00,75.00,2400000000,4.692225810e-01,-7.722547359e-01,-0.8802,-58.7171
75.00,75.00,2410000000,1.581205728e-01,-8.903900048e-01,-0.8735,-79.9301
75.00,75.00,2420000000,-1.756404034e-01,-8.878708459e-01,-0.8663,-101.1899
75.00,75.00,2430000000,-4.860823584e-01,-7.635796178e-01,-0.8654,-122.4802
75.00,75.00,2440000000,-7.296923898e-01,-5.344806146e-01,-0.8718,-143.7782
75.00,75.00,2450000000,-8.727770484e-01,-2.336037741e-01,-0.8814,-165.0157
75.00,75.00,2460000000,-8.972526690e-01,9.791853067e-02,-0.8903,173.7719
75.00,75.00,2470000000,-8.008743380e-01,4.155210598e-01,-0.8934,152.5782
75.00,75.00,2480000000,-5.965973409e-01,6.773673116e-01,-0.8897,131.3723
75.00,75.00,2490000000,-3.108438262e-01,8.479510643e-01,-0.8850,110.1320
75.00,75.00,2500000000,1.811686907e-02,9.032619656e-01,-0.8820,88.8510
75.00,75.00,2510000000,3.446149847e-01,8.348156174e-01,-0.8848,67.5690
75.00,75.00,2520000000,6.232778274e-01,6.525634670e-01,-0.8921,46.3149
75.00,75.00,2530000000,8.167868300e-01,3.818798160e-01,-0.8992,25.0579
75.00,75.00,2540000000,8.990492681e-01,6.022646519e-02,-0.9049,3.8325
75.00,75.00,2550000000,8.596136493e-01,-2.692041603e-01,-0.9076,-17.3889
75.00,75.00,2560000000,7.034790732e-01,-5.625778373e-01,-0.9078,-38.6496
75.00,75.00,2570000000,4.519848775e-01,-7.791090988e-01,-0.9082,-59.8807
75.00,75.00,2580000000,1.392034354e-01,-8.897736443e-01,-0.9094,-81.1083
75.00,75.00,2590000000,-1.921716119e-01,-8.795786689e-01,-0.9120,-102.3244
75.00,75.00,2600000000,-4.972378390e-01,-7.501092457e-01,-0.9156,-123.5399
75.00,75.00,2610000000,-7.340528550e-01,-5.199215651e-01,-0.9197,-144.6905
75.00,75.00,2620000000,-8.721365981e-01,-2.190416031e-01,-0.9227,-165.9015
75.00,75.00,2630000000,-8.919552260e-01,1.117252615e-01,-0.9255,172.8604
75.00,75.00,2640000000,-7.906307375e-01,4.269492344e-01,-0.9292,151.6305
75.00,75.00,2650000000,-5.821959484e-01,6.841770518e-01,-0.9310,130.3959
75.00,75.00,2660000000,-2.947209121e-01,8.484343305e-01,-0.9329,109.1557
75.00,75.00,2670000000,3.272695378e-02,8.973815413e-01,-0.9347,87.9114
75.00,75.00,2680000000,3.556202425e-01,8.246576872e-01,-0.9338,66.6727
75.00,75.00,2690000000,6.300701737e-01,6.394733234e-01,-0.9371,45.4244
75.00,75.00,2700000000,8.188118068e-01,3.675972538e-01,-0.9389,24.1772
75.00,75.00,2710000000,8.960904883e-01,4.597992918e-02,-0.9415,2.9374
75.00,75.00,2720000000,8.515821464e-01,-2.815483752e-01,-0.9449,-18.2948
75.00,75.00,2730000000,6.915383229e-01,-5.706508105e-01,-0.9482,-39.5291
75.00,75.00,2740000000,4.379899642e-01,-7.820565688e-01,-0.9504,-60.7490
75.00,75.00,2750000000,1.252987314e-01,-8.875989985e-01,-0.9500,-81.9649
75.00,75.00,2760000000,-2.045659114e-01,-8.728821629e-01,-0.9487,-103.1896
75.00,75.00,2770000000,-5.071686688e-01,-7.399812345e-01,-0.9432,-124.4260
75.00,75.00,2780000000,-7.413796497e-01,-5.057780810e-01,-0.9396,-145.6977
75.00,75.00,2790000000,-8.743626379e-01,-2.019087968e-01,-0.9405,-166.9971
75.00,75.00,2800000000,-8.873107820e-01,1.292398088e-01,-0.9473,171.7130
75.00,75.00,2810000000,-7.789961163e-01,4.413953116e-01,-0.9601,150.4632
75.00,75.00,2820000000,-5.660458097e-01,6.922932118e-01,-0.9708,129.2708
75.00,75.00,2830000000,-2.780566800e-01,8.497135825e-01,-0.9727,108.1199
75.00,75.00,2840000000,4.753092173e-02,8.935493906e-01,-0.9654,86.9551
75.00,75.00,2850000000,3.688340535e-01,8.170585355e-01,-0.9495,65.7048
75.00,75.00,2860000000,6.414799459e-01,6.274670448e-01,-0.9409,44.3673
75.00,75.00,2870000000,8.254617506e-01,3.502344145e-01,-0.9472,22.9910
75.00,75.00,2880000000,8.941428675e-01,2.599378808e-02,-0.9682,1.6652
75.00,75.00,2890000000,8.404885005e-01,-2.981413052e-01,-0.9946,-19.5308
75.00,75.00,2900000000,6.756641114e-01,-5.796247261e-01,-1.0101,-40.6249
75.00,75.00,2910000000,4.223433396e-01,-7.843633589e-01,-1.0040,-61.6996
75.00,75.00,2920000000,1.109715694e-01,-8.864257794e-01,-0.9796,-82.8643
75.00,75.00,2930000000,-2.197973306e-01,-8.682779005e-01,-0.9571,-104.2055
75.00,75.00,2940000000,-5.223265683e-01,-7.280722117e-01,-0.9533,-125.6560
75.00,75.00,2950000000,-7.500902923e-01,-4.857128186e-01,-0.9770,-147.0754
75.00,75.00,2960000000,-8.710485782e-01,-1.797600868e-01,-1.0180,-168.3395
75.00,75.00,2970000000,-8.741081694e-01,1.448618282e-01,-1.0510,170.5902
75.00,75.00,2980000000,-7.637098259e-01,4.477404242e-01,-1.0584,149.6182
75.00,75.00,2990000000,-5.536313161e-01,6.938448939e-01,-1.0351,128.5870
75.00,75.00,3000000000,-2.660929446e-01,8.509892558e-01,-0.9964,107.3638
80.00,80.00,2000000000,2.997713772e-01,8.582707457e-01,-0.8276,70.7470
80.00,80.00,2010000000,5.897360864e-01,6.947615984e-01,-0.8067,49.6743
80.00,80.00,2020000000,8.043107537e-01,4.354375185e-01,-0.7752,28.4302
80.00,80.00,2030000000,9.096641743e-01,1.121844086e-01,-0.7568,7.0305
80.00,80.00,2040000000,8.870454649e-01,-2.277897674e-01,-0.7637,-14.4021
80.00,80.00,2050000000,7.412951126e-01,-5.332546639e-01,-0.7890,-35.7296
80.00,80.00,2060000000,4.969943433e-01,-7.628132757e-01,-0.8150,-56.9146
80.00,80.00,2070000000,1.887954263e-01,-8.895005899e-01,-0.8257,-78.0169
80.00,80.00,2080000000,-1.445474365e-01,-8.986099724e-01,-0.8176,-99.1381
80.00,80.00,2090000000,-4.608067869e-01,-7.868695650e-01,-0.8013,-120.3541
80.00,80.00,2100000000,-7.162538694e-01,-5.662789680e-01,-0.7899,-141.6697
80.00,80.00,2110000000,-8.729736342e-01,-2.666319900e-01,-0.7926,-163.0158
80.00,80.00,2120000000,-9.088987973e-01,6.856163580e-02,-0.8050,175.6861
80.00,80.00,2130000000,-8.209402911e-01,3.923462460e-01,-0.8203,154.4558
80.00,80.00,2140000000,-6.231115603e-01,6.617932880e-01,-0.8289,133.2756
80.00,80.00,2150000000,-3.417975281e-01,8.421986848e-01,-0.8295,112.0893
80.00,80.00,2160000000,-1.376212731e-02,9.091210148e-01,-0.8266,90.8673
80.00,80.00,2170000000,3.167664570e-01,8.524566707e-01,-0.8248,69.6153
80.00,80.00,2180000000,6.041218279e-01,6.794513626e-01,-0.8270,48.3587
80.00,80.00,2190000000,8.088826236e-01,4.141216308e-01,-0.8313,27.1110
80.00,80.00,2200000000,9.035187920e-01,9.303283321e-02,-0.8355,5.8789
80.00,80.00,2210000000,8.756117525e-01,-2.407923013e-01,-0.8372,-15.3762
80.00,80.00,2220000000,7.286191827e-01,-5.413443380e-01,-0.8410,-36.6114
80.00,80.00,2230000000,4.827888665e-01,-7.679311287e-01,-0.8470,-57.8429
80.00,80.00,2240000000,1.718673332e-01,-8.900485288e-01,-0.8527,-79.0708
80.00,80.00,2250000000,-1.613606917e-01,-8.916314092e-01,-0.8563,-100.2579
80.00,80.00,2260000000,-4.729998864e-01,-7.729559268e-01,-0.8556,-121.4640
80.00,80.00,2270000000,-7.211356194e-01,-5.494446488e-01,-0.8517,-142.6957
80.00,80.00,2280000000,-8.716567544e-01,-2.508372996e-01,-0.8476,-163.9457
80.00,80.00,2290000000,-9.029375333e-01,8.276460611e-02,-0.8505,174.7628
80.00,80.00,2300000000,-8.107287771e-01,4.041997828e-01,-0.8584,153.5008
80.00,80.00,2310000000,-6.088686586e-01,6.694063134e-01,-0.8681,132.2886
80.00,80.00,2320000000,-3.256112061e-01,8.434496726e-01,-0.8755,111.1089
80.00,80.00,2330000000,9.753719028e-04,9.044665778e-01,-0.8721,89.9382
80.00,80.00,2340000000,3.283892955e-01,8.436055252e-01,-0.8645,68.7306
80.00,80.00,2350000000,6.125775407e-01,6.676702522e-01,-0.8564,47.4641
80.00,80.00,2360000000,8.135780682e-01,3.996653056e-01,-0.8532,26.1623
80.00,80.00,2370000000,9.022646952e-01,7.716541977e-02,-0.8617,4.8883
80.00,80.00,2380000000,8.678347465e-01,-2.545831052e-01,-0.8727,-16.3493
80.00,80.00,2390000000,7.164549234e-01,-5.506764343e-01,-0.8802,-37.5463
80.00,80.00,2400000000,4.692676969e-01,-7.722654805e-01,-0.8799,-58.7150
80.00,80.00,2410000000,1.580643530e-01,-8.903955011e-01,-0.8736,-79.9336
80.00,80.00,2420000000,-1.756262853e-01,-8.878531904e-01,-0.8665,-101.1892
80.00,80.00,2430000000,-4.861053664e-01,-7.635964031e-01,-0.8652,-122.4808
80.00,80.00,2440000000,-7.297406818e-01,-5.344536359e-01,-0.8716,-143.7814
80.00,80.00,2450000000,-8.727701571e-01,-2.335851894e-01,-0.8816,-165.0167
80.00,80.00,2460000000,-8.971885802e-01,9.790263657e-02,-0.8909,173.7724
80.00,80.00,2470000000,-8.008897389e-01,4.155045766e-01,-0.8934,152.5795
80.00,80.00,2480000000,-5.966198321e-01,6.773655636e-01,-0.8896,131.3734
80.00,80.00,2490000000,-3.108302803e-01,8.479525410e-01,-0.8850,110.1312
80.00,80.00,2500000000,1.814012822e-02,9.032130383e-01,-0.8824,88.8494
80.00,80.00,2510000000,3.446490579e-01,8.348028721e-01,-0.8848,67.5667
80.00,80.00,2520000000,6.232950869e-01,6.525274175e-01,-0.8922,46.3126
80.00,80.00,2530000000,8.167706548e-01,3.818364796e-01,-0.8996,25.0559
80.00,80.00,2540000000,8.990466540e-01,6.023474843e-02,-0.9049,3.8330
80.00,80.00,2550000000,8.595899802e-01,-2.691906466e-01,-0.9079,-17.3886
80.00,80.00,2560000000,7.035201400e-01,-5.625898987e-01,-0.9074,-38.6486
80.00,80.00,2570000000,4.519542404e-01,-7.791018706e-01,-0.9084,-59.8821
80.00,80.00,2580000000,1.391770689e-01,-8.897842181e-01,-0.9093,-81.1100
80.00,80.00,2590000000,-1.922022924e-01,-8.795579344e-01,-0.9121,-102.3266
80.00,80.00,2600000000,-4.972570052e-01,-7.501363049e-01,-0.9153,-123.5400
80.00,80.00,2610000000,-7.340435559e-01,-5.198729457e-01,-0.9200,-144.6927
80.00,80.00,2620000000,-8.720967301e-01,-2.190149158e-01,-0.9231,-165.9025
80.00,80.00,2630000000,-8.919438690e-01,1.117380566e-01,-0.9256,172.8595
80.00,80.00,2640000000,-7.906238133e-01,4.269311627e-01,-0.9293,151.6313
80.00,80.00,2650000000,-5.821936533e-01,6.841826330e-01,-0.9310,130.3956
80.00,80.00,2660000000,-2.946946527e-01,8.483974247e-01,-0.9333,109.1549
80.00,80.00,2670000000,3.273657028e-02,8.973541593e-01,-0.9349,87.9107
80.00,80.00,2680000000,3.555866973e-01,8.246089202e-01,-0.9344,66.6734
80.00,80.00,2690000000,6.300827717e-01,6.394871385e-01,-0.9369,45.4244
80.00,80.00,2700000000,8.187643132e-01,3.675931552e-01,-0.9393,24.1782
80.00,80.00,2710000000,8.960856654e-01,4.599754698e-02,-0.9416,2.9385
80.00,80.00,2720000000,8.515594502e-01,-2.815457567e-01,-0.9452,-18.2951
80.00,80.00,2730000000,6.914975362e-01,-5.706869463e-01,-0.9482,-39.5326
80.00,80.00,2740000000,4.379839929e-01,-7.821073797e-01,-0.9500,-60.7510
80.00,80.00,2750000000,1.252489484e-01,-8.875428321e-01,-0.9506,-81.9675
80.00,80.00,2760000000,-2.046289672e-01,-8.728543363e-01,-0.9488,-103.1940
80.00,80.00,2770000000,-5.071822569e-01,-7.400135941e-01,-0.9428,-124.4255
80.00,80.00,2780000000,-7.414063365e-01,-5.057273983e-01,-0.9396,-145.7014
80.00,80.00,2790000000,-8.743422852e-01,-2.018922938e-01,-0.9408,-166.9979
80.00,80.00,2800000000,-8.873042786e-01,1.292487633e-01,-0.9474,171.7123
80.00,80.00,2810000000,-7.789859164e-01,4.414084897e-01,-0.9601,150.4622
80.00,80.00,2820000000,-5.660717171e-01,6.923017623e-01,-0.9706,129.2717
80.00,80.00,2830000000,-2.780551190e-01,8.497087838e-01,-0.9728,108.1199
80.00,80.00,2840000000,4.753127746e-02,8.935520823e-01,-0.9653,86.9551
80.00,80.00,2850000000,3.688607927e-01,8.170148242e-01,-0.9498,65.7021
80.00,80.00,2860000000,6.414681505e-01,6.274733901e-01,-0.9409,44.3681
80.00,80.00,2870000000,8.254702081e-01,3.502369336e-01,-0.9471,22.9909
80.00,80.00,2880000000,8.941660008e-01,2.599149276e-02,-0.9680,1.6650
80.00,80.00,2890000000,8.404258564e-01,-2.981433914e-01,-0.9952,-19.5323
80.00,80.00,2900000000,6.756254981e-01,-5.796003064e-01,-1.0105,-40.6254
80.00,80.00,2910000000,4.223067415e-01,-7.843295770e-01,-1.0044,-61.7006
80.00,80.00,2920000000,1.109747558e-01,-8.863847343e-01,-0.9800,-82.8637
80.00,80.00,2930000000,-2.197530535e-01,-8.682217013e-01,-0.9577,-104.2037
80.00,80.00,2940000000,-5.223003690e-01,-7.280346596e-01,-0.9538,-125.6561
80.00,80.00,2950000000,-7.500481925e-01,-4.857063753e-01,-0.9773,-147.0742
80.00,80.00,2960000000,-8.709725790e-01,-1.797597009e-01,-1.0187,-168.3385
80.00,80.00,2970000000,-8.740519007e-01,1.448338936e-01,-1.0516,170.5914
80.00,80.00,2980000000,-7.636458413e-01,4.477234635e-01,-1.0590,149.6170
80.00,80.00,2990000000,-5.535491708e-01,6.937821965e-01,-1.0361,128.5854
80.00,80.00,3000000000,-2.660844008e-01,8.509739407e-01,-0.9966,107.3635
85.00,85.00,2000000000,2.997441632e-01,8.582325195e-01,-0.8280,70.7479
85.00,85.00,2010000000,5.897294671e-01,6.947651925e-01,-0.8067,49.6748
85.00,85.00,2020000000,8.042833485e-01,4.354260556e-01,-0.7755,28.4304
85.00,85.00,2030000000,9.096302725e-01,1.121807253e-01,-0.7571,7.0305
85.00,85.00,2040000000,8.870139252e-01,-2.277878203e-01,-0.7640,-14.4025
85.00,85.00,2050000000,7.412831831e-01,-5.332727166e-01,-0.7890,-35.7309
85.00,85.00,2060000000,4.969564854e-01,-7.628283017e-01,-0.8151,-56.9171
85.00,85.00,2070000000,1.887973339e-01,-8.894836032e-01,-0.8259,-78.0165
85.00,85.00,2080000000,-1.445380019e-01,-8.985706998e-01,-0.8180,-99.1379
85.00,85.00,2090000000,-4.608103933e-01,-7.868275239e-01,-0.8017,-120.3556
85.00,85.00,2100000000,-7.161822781e-01,-5.662619040e-01,-0.7906,-141.6677
85.00,85.00,2110000000,-8.729497134e-01,-2.666374564e-01,-0.7928,-163.0150
85.00,85.00,2120000000,-9.088256347e-01,6.853636077e-02,-0.8058,175.6874
85.00,85.00,2130000000,-8.209842740e-01,3.923351021e-01,-0.8200,154.4576
85.00,85.00,2140000000,-6.231028564e-01,6.618341735e-01,-0.8287,133.2735
85.00,85.00,2150000000,-3.417849601e-01,8.421645928e-01,-0.8299,112.0893
85.00,85.00,2160000000,-1.376749379e-02,9.091065018e-01,-0.8267,90.8676
85.00,85.00,2170000000,3.167162443e-01,8.524265588e-01,-0.8253,69.6176
85.00,85.00,2180000000,6.041127786e-01,6.794169801e-01,-0.8273,48.3577
85.00,85.00,2190000000,8.088188157e-01,4.141071018e-01,-0.8319,27.1120
85.00,85.00,2200000000,9.034463214e-01,9.302468650e-02,-0.8362,5.8788
85.00,85.00,2210000000,8.755582148e-01,-2.407789980e-01,-0.8377,-15.3763
85.00,85.00,2220000000,7.285787460e-01,-5.413295473e-01,-0.8414,-36.6121
85.00,85.00,2230000000,4.827993743e-01,-7.679071936e-01,-0.8472,-57.8416
85.00,85.00,2240000000,1.718492247e-01,-8.900165111e-01,-0.8531,-79.0715
85.00,85.00,2250000000,-1.613946613e-01,-8.916085871e-01,-0.8565,-100.2603
85.00,85.00,2260000000,-4.729817871e-01,-7.728962399e-01,-0.8561,-121.4650
85.00,85.00,2270000000,-7.211228231e-01,-5.494845762e-01,-0.8515,-142.6932
85.00,85.00,2280000000,-8.716831389e-01,-2.508328481e-01,-0.8473,-163.9465
85.00,85.00,2290000000,-9.029679057e-01,8.273780838e-02,-0.8502,174.7647
85.00,85.00,2300000000,-8.107491486e-01,4.041869805e-01,-0.8583,153.5021
85.00,85.00,2310000000,-6.088180425e-01,6.694288766e-01,-0.8683,132.2852
85.00,85.00,2320000000,-3.255939465e-01,8.434364794e-01,-0.8757,111.1082
85.00,85.00,2330000000,9.757679172e-04,9.044529009e-01,-0.8723,89.9382
85.00,85.00,2340000000,3.283547959e-01,8.436287857e-01,-0.8644,68.7332
85.00,85.00,2350000000,6.124776327e-01,6.677063209e-01,-0.8568,47.4703
85.00,85.00,2360000000,8.135244462e-01,3.996728720e-01,-0.8536,26.1642
85.00,85.00,2370000000,9.022409643e-01,7.718441106e-02,-0.8619,4.8896
85.00,85.00,2380000000,8.678247407e-01,-2.545921842e-01,-0.8728,-16.3500
85.00,85.00,2390000000,7.164810745e-01,-5.506593429e-01,-0.8801,-37.5445
85.00,85.00,2400000000,4.692353240e-01,-7.722718295e-01,-0.8800,-58.7170
85.00,85.00,2410000000,1.580808859e-01,-8.903634004e-01,-0.8739,-79.9322
85.00,85.00,2420000000,-1.756170476e-01,-8.878608961e-01,-0.8664,-101.1886
85.00,85.00,2430000000,-4.861145545e-01,-7.635841580e-01,-0.8652,-122.4817
85.00,85.00,2440000000,-7.296973489e-01,-5.344557125e-01,-0.8719,-143.7797
85.00,85.00,2450000000,-8.727941087e-01,-2.335801654e-01,-0.8813,-165.0174
85.00,85.00,2460000000,-8.972376649e-01,9.791670343e-02,-0.8904,173.7719
85.00,85.00,2470000000,-8.008350661e-01,4.155212438e-01,-0.8938,152.5770
85.00,85.00,2480000000,-5.966422856e-01,6.773938082e-01,-0.8893,131.3733
85.00,85.00,2490000000,-3.108476748e-01,8.479454489e-01,-0.8850,110.1324
85.00,85.00,2500000000,1.811702717e-02,9.032256647e-01,-0.8823,88.8509
85.00,85.00,2510000000,3.446382612e-01,8.348151087e-01,-0.8847,67.5676
85.00,85.00,2520000000,6.232635728e-01,6.525506285e-01,-0.8923,46.3150
85.00,85.00,2530000000,8.167795766e-01,3.818549633e-01,-0.8994,25.0567
85.00,85.00,2540000000,8.990370940e-01,6.025544429e-02,-0.9050,3.8344
85.00,85.00,2550000000,8.595943566e-01,-2.691945971e-01,-0.9078,-17.3887
85.00,85.00,2560000000,7.034912579e-01,-5.625852703e-01,-0.9076,-38.6495
85.00,85.00,2570000000,4.519706500e-01,-7.790882884e-01,-0.9084,-59.8808
85.00,85.00,2580000000,1.391611775e-01,-8.897391405e-01,-0.9098,-81.1106
85.00,85.00,2590000000,-1.922062499e-01,-8.795569972e-01,-0.9121,-102.3268
85.00,85.00,2600000000,-4.972577789e-01,-7.501424487e-01,-0.9153,-123.5398
85.00,85.00,2610000000,-7.340755200e-01,-5.198673158e-01,-0.9198,-144.6941
85.00,85.00,2620000000,-8.721500814e-01,-2.190236882e-01,-0.9226,-165.9028
85.00,85.00,2630000000,-8.919258864e-01,1.117616630e-01,-0.9258,172.8578
85.00,85.00,2640000000,-7.906067740e-01,4.269032941e-01,-0.9296,151.6323
85.00,85.00,2650000000,-5.821775928e-01,6.841991424e-01,-0.9309,130.3941
85.00,85.00,2660000000,-2.947217655e-01,8.484101177e-01,-0.9331,109.1563
85.00,85.00,2670000000,3.268898787e-02,8.973879466e-01,-0.9346,87.9138
85.00,85.00,2680000000,3.555557361e-01,8.246186693e-01,-0.9344,66.6755
85.00,85.00,2690000000,6.300364631e-01,6.394964454e-01,-0.9372,45.4269
85.00,85.00,2700000000,8.187955856e-01,3.676123248e-01,-0.9390,24.1785
85.00,85.00,2710000000,8.960537289e-01,4.602390478e-02,-0.9419,2.9403
85.00,85.00,2720000000,8.515648896e-01,-2.815659262e-01,-0.9451,-18.2962
85.00,85.00,2730000000,6.915269089e-01,-5.706806576e-01,-0.9481,-39.5311
85.00,85.00,2740000000,4.379603984e-01,-7.820819425e-01,-0.9503,-60.7515
85.00,85.00,2750000000,1.252671949e-01,-8.875970148e-01,-0.9500,-81.9669
85.00,85.00,2760000000,-2.045999801e-01,-8.728784363e-01,-0.9486,-103.1918
85.00,85.00,2770000000,-5.071630758e-01,-7.399903558e-01,-0.9431,-124.4254
85.00,85.00,2780000000,-7.413891181e-01,-5.057744683e-01,-0.9395,-145.6983
85.00,85.00,2790000000,-8.743386380e-01,-2.019207278e-01,-0.9407,-166.9960
85.00,85.00,2800000000,-8.872874822e-01,1.292381109e-01,-0.9475,171.7128
85.00,85.00,2810000000,-7.789908244e-01,4.413894540e-01,-0.9601,150.4634
85.00,85.00,2820000000,-5.660611753e-01,6.923208778e-01,-0.9705,129.2704
85.00,85.00,2830000000,-2.781193436e-01,8.497717394e-01,-0.9720,108.1226
85.00,85.00,2840000000,4.749519092e-02,8.935858406e-01,-0.9650,86.9575
85.00,85.00,2850000000,3.688243421e-01,8.170373180e-01,-0.9497,65.7048
85.00,85.00,2860000000,6.414841187e-01,6.274877754e-01,-0.9407,44.3681
85.00,85.00,2870000000,8.254612245e-01,3.502784178e-01,-0.9470,22.9936
85.00,85.00,2880000000,8.941419974e-01,2.602791438e-02,-0.9682,1.6674
85.00,85.00,2890000000,8.404446973e-01,-2.981042754e-01,-0.9952,-19.5295
85.00,85.00,2900000000,6.756277417e-01,-5.796297321e-01,-1.0103,-40.6267
85.00,85.00,2910000000,4.223486303e-01,-7.843649065e-01,-1.0039,-61.6993
85.00,85.00,2920000000,1.109874506e-01,-8.863740222e-01,-0.9801,-82.8628
85.00,85.00,2930000000,-2.197620012e-01,-8.682612043e-01,-0.9573,-104.2036
85.00,85.00,2940000000,-5.222977222e-01,-7.280462530e-01,-0.9537,-125.6555
85.00,85.00,2950000000,-7.500437045e-01,-4.857120403e-01,-0.9774,-147.0738
85.00,85.00,2960000000,-8.710520529e-01,-1.797711167e-01,-1.0180,-168.3388
85.00,85.00,2970000000,-8.740942021e-01,1.448670156e-01,-1.0512,170.5897
85.00,85.00,2980000000,-7.636775856e-01,4.477154003e-01,-1.0588,149.6185
85.00,85.00,2990000000,-5.536524536e-01,6.937871571e-01,-1.0354,128.5904
85.00,85.00,3000000000,-2.661252265e-01,8.510100390e-01,-0.9961,107.3653
90.00,90.00,2000000000,2.997342661e-01,8.582524164e-01,-0.8279,70.7489
90.00,90.00,2010000000,5.896932206e-01,6.947577394e-01,-0.8070,49.6762
90.00,90.00,2020000000,8.042571484e-01,4.354404445e-01,-0.7757,28.4320
90.00,90.00,2030000000,9.096387732e-01,1.122024251e-01,-0.7570,7.0318
90.00,90.00,2040000000,8.870009003e-01,-2.277999150e-01,-0.7641,-14.4034
90.00,90.00,2050000000,7.412606526e-01,-5.332666760e-01,-0.7892,-35.7314
90.00,90.00,2060000000,4.969774945e-01,-7.627989515e-01,-0.8152,-56.9150
90.00,90.00,2070000000,1.888263313e-01,-8.894852213e-01,-0.8258,-78.0148
90.00,90.00,2080000000,-1.445540916e-01,-8.985932990e-01,-0.8178,-99.1387
90.00,90.00,2090000000,-4.608096763e-01,-7.868215299e-01,-0.8017,-120.3558
90.00,90.00,2100000000,-7.162106394e-01,-5.662352814e-01,-0.7905,-141.6701
90.00,90.00,2110000000,-8.729722779e-01,-2.666151643e-01,-0.7927,-163.0168
90.00,90.00,2120000000,-9.088183142e-01,6.853187346e-02,-0.8058,175.6876
90.00,90.00,2130000000,-8.209253991e-01,3.922952898e-01,-0.8207,154.4583
90.00,90.00,2140000000,-6.230872906e-01,6.617902367e-01,-0.8291,133.2747
90.00,90.00,2150000000,-3.417473698e-01,8.422156207e-01,-0.8296,112.0859
90.00,90.00,2160000000,-1.379151372e-02,9.091132348e-01,-0.8266,90.8691
90.00,90.00,2170000000,3.166999729e-01,8.524038722e-01,-0.8255,69.6181
90.00,90.00,2180000000,6.041011878e-01,6.793779210e-01,-0.8276,48.3566
90.00,90.00,2190000000,8.088275501e-01,4.140987319e-01,-0.8319,27.1113
90.00,90.00,2200000000,9.034763905e-01,9.301475195e-02,-0.8359,5.8780
90.00,90.00,2210000000,8.755444596e-01,-2.408500138e-01,-0.8376,-15.3808
90.00,90.00,2220000000,7.285846195e-01,-5.413261619e-01,-0.8414,-36.6117
90.00,90.00,2230000000,4.828370452e-01,-7.678743260e-01,-0.8473,-57.8384
90.00,90.00,2240000000,1.718763442e-01,-8.900345744e-01,-0.8529,-79.0700
90.00,90.00,2250000000,-1.613370025e-01,-8.916142243e-01,-0.8565,-100.2567
90.00,90.00,2260000000,-4.729898176e-01,-7.729019700e-01,-0.8561,-121.4652
90.00,90.00,2270000000,-7.211355812e-01,-5.494510784e-01,-0.8516,-142.6953
90.00,90.00,2280000000,-8.716576738e-01,-2.508385578e-01,-0.8475,-163.9457
90.00,90.00,2290000000,-9.029334942e-01,8.278603289e-02,-0.8505,174.7614
90.00,90.00,2300000000,-8.107474515e-01,4.041915744e-01,-0.8582,153.5018
90.00,90.00,2310000000,-6.088482066e-01,6.694283648e-01,-0.8681,132.2867
90.00,90.00,2320000000,-3.256002114e-01,8.434541888e-01,-0.8755,111.1082
90.00,90.00,2330000000,9.606151132e-04,9.044668577e-01,-0.8721,89.9391
90.00,90.00,2340000000,3.283802709e-01,8.436404256e-01,-0.8642,68.7319
90.00,90.00,2350000000,6.125241913e-01,6.676688899e-01,-0.8567,47.4665
90.00,90.00,2360000000,8.135333910e-01,3.996706374e-01,-0.8535,26.1638
90.00,90.00,2370000000,9.022260718e-01,7.717415636e-02,-0.8620,4.8890
90.00,90.00,2380000000,8.678380720e-01,-2.545602702e-01,-0.8728,-16.3478
90.00,90.00,2390000000,7.164417127e-01,-5.506781376e-01,-0.8803,-37.5469
90.00,90.00,2400000000,4.692290172e-01,-7.721966158e-01,-0.8806,-58.7148
90.00,90.00,2410000000,1.580860851e-01,-8.903779094e-01,-0.8737,-79.9321
90.00,90.00,2420000000,-1.756276545e-01,-8.878513373e-01,-0.8665,-101.1893
90.00,90.00,2430000000,-4.860969261e-01,-7.635774878e-01,-0.8654,-122.4810
90.00,90.00,2440000000,-7.296854714e-01,-5.344584648e-01,-0.8720,-143.7791
90.00,90.00,2450000000,-8.727364148e-01,-2.335627265e-01,-0.8819,-165.0175
90.00,90.00,2460000000,-8.972078774e-01,9.791326781e-02,-0.8907,173.7719
90.00,90.00,2470000000,-8.008196851e-01,4.155529376e-01,-0.8938,152.5748
90.00,90.00,2480000000,-5.966193551e-01,6.773936786e-01,-0.8894,131.3722
90.00,90.00,2490000000,-3.108388681e-01,8.479400648e-01,-0.8851,110.1320
90.00,90.00,2500000000,1.814367036e-02,9.032095969e-01,-0.8825,88.8492
90.00,90.00,2510000000,3.446422373e-01,8.348060746e-01,-0.8848,67.5672
90.00,90.00,2520000000,6.232664351e-01,6.525189207e-01,-0.8925,46.3135
90.00,90.00,2530000000,8.167800546e-01,3.818688374e-01,-0.8993,25.0575
90.00,90.00,2540000000,8.990138261e-01,6.024864259e-02,-0.9052,3.8340
90.00,90.00,2550000000,8.595591256e-01,-2.692140614e-01,-0.9081,-17.3906
90.00,90.00,2560000000,7.035079388e-01,-5.625748002e-01,-0.9076,-38.6483
90.00,90.00,2570000000,4.519462227e-01,-7.790845766e-01,-0.9086,-59.8820
90.00,90.00,2580000000,1.391686059e-01,-8.897465484e-01,-0.9097,-81.1102
90.00,90.00,2590000000,-1.921521288e-01,-8.795609863e-01,-0.9122,-102.3234
90.00,90.00,2600000000,-4.972654253e-01,-7.501427907e-01,-0.9152,-123.5402
90.00,90.00,2610000000,-7.340674953e-01,-5.199061789e-01,-0.9197,-144.6918
90.00,90.00,2620000000,-8.721365049e-01,-2.190363078e-01,-0.9227,-165.9018
90.00,90.00,2630000000,-8.919203508e-01,1.117274897e-01,-0.9259,172.8600
90.00,90.00,2640000000,-7.905998036e-01,4.269032923e-01,-0.9297,151.6321
90.00,90.00,2650000000,-5.821903276e-01,6.841980601e-01,-0.9309,130.3948
90.00,90.00,2660000000,-2.947226587e-01,8.484298834e-01,-0.9329,109.1559
90.00,90.00,2670000000,3.268829923e-02,8.973839604e-01,-0.9347,87.9139
90.00,90.00,2680000000,3.555886657e-01,8.246288890e-01,-0.9342,66.6738
90.00,90.00,2690000000,6.300744308e-01,6.395042095e-01,-0.9369,45.4256
90.00,90.00,2700000000,8.187773864e-01,3.676284607e-01,-0.9391,24.1799
90.00,90.00,2710000000,8.961250313e-01,4.601778099e-02,-0.9412,2.9397
90.00,90.00,2720000000,8.515848622e-01,-2.815477578e-01,-0.9449,-18.2947
90.00,90.00,2730000000,6.915106419e-01,-5.706806374e-01,-0.9482,-39.5317
90.00,90.00,2740000000,4.379906235e-01,-7.820842929e-01,-0.9502,-60.7499
90.00,90.00,2750000000,1.252930606e-01,-8.875650732e-01,-0.9503,-81.9649
90.00,90.00,2760000000,-2.045962160e-01,-8.728191601e-01,-0.9492,-103.1924
90.00,90.00,2770000000,-5.071764480e-01,-7.399777264e-01,-0.9431,-124.4265
90.00,90.00,2780000000,-7.413600325e-01,-5.057720435e-01,-0.9398,-145.6973
90.00,90.00,2790000000,-8.743686035e-01,-2.019403774e-01,-0.9404,-166.9952
90.00,90.00,2800000000,-8.873079720e-01,1.292190028e-01,-0.9474,171.7142
90.00,90.00,2810000000,-7.790043379e-01,4.413907877e-01,-0.9600,150.4637
90.00,90.00,2820000000,-5.660778600e-01,6.922846216e-01,-0.9707,129.2727
90.00,90.00,2830000000,-2.780711561e-01,8.497196191e-01,-0.9726,108.1207
90.00,90.00,2840000000,4.751189880e-02,8.935324583e-01,-0.9655,86.9563
90.00,90.00,2850000000,3.688572820e-01,8.170713693e-01,-0.9493,65.7038
90.00,90.00,2860000000,6.414862536e-01,6.275263757e-01,-0.9405,44.3697
90.00,90.00,2870000000,8.254356944e-01,3.502646745e-01,-0.9473,22.9934
90.00,90.00,2880000000,8.941261933e-01,2.605757378e-02,-0.9683,1.6693
90.00,90.00,2890000000,8.404927954e-01,-2.981428166e-01,-0.9946,-19.5308
90.00,90.00,2900000000,6.756560221e-01,-5.796046555e-01,-1.0103,-40.6243
90.00,90.00,2910000000,4.223627489e-01,-7.843738932e-01,-1.0038,-61.6988
90.00,90.00,2920000000,1.109850987e-01,-8.864134490e-01,-0.9797,-82.8633
90.00,90.00,2930000000,-2.197741672e-01,-8.682749382e-01,-0.9572,-104.2041
90.00,90.00,2940000000,-5.222888048e-01,-7.281160087e-01,-0.9532,-125.6525
90.00,90.00,2950000000,-7.500571560e-01,-4.857270757e-01,-0.9772,-147.0734
90.00,90.00,2960000000,-8.710023003e-01,-1.797450159e-01,-1.0185,-168.3398
90.00,90.00,2970000000,-8.740737146e-01,1.448599237e-01,-1.0514,170.5899
90.00,90.00,2980000000,-7.636905328e-01,4.476949914e-01,-1.0588,149.6201
90.00,90.00,2990000000,-5.536105191e-01,6.938007933e-01,-1.0356,128.5877
90.00,90.00,3000000000,-2.661432122e-01,8.510216164e-01,-0.9959,107.3662
95.00,95.00,2000000000,2.997343779e-01,8.582558777e-01,-0.8279,70.7489
95.00,95.00,2010000000,5.897424023e-01,6.947758235e-01,-0.8066,49.6746
95.00,95.00,2020000000,8.043045720e-01,4.354843174e-01,-0.7751,28.4330
95.00,95.00,2030000000,9.096986548e-01,1.121576337e-01,-0.7565,7.0286
95.00,95.00,2040000000,8.870493777e-01,-2.278115010e-01,-0.7637,-14.4034
95.00,95.00,2050000000,7.412605098e-01,-5.332858209e-01,-0.7891,-35.7324
95.00,95.00,2060000000,4.969569583e-01,-7.628298864e-01,-0.8151,-56.9172
95.00,95.00,2070000000,1.888080782e-01,-8.895492040e-01,-0.8252,-78.0167
95.00,95.00,2080000000,-1.445526714e-01,-8.985474359e-01,-0.8182,-99.1391
95.00,95.00,2090000000,-4.608063048e-01,-7.868252537e-01,-0.8017,-120.3555
95.00,95.00,2100000000,-7.162010093e-01,-5.662454951e-01,-0.7905,-141.6693
95.00,95.00,2110000000,-8.729612265e-01,-2.666744247e-01,-0.7926,-163.0130
95.00,95.00,2120000000,-9.088756438e-01,6.854301045e-02,-0.8053,175.6872
95.00,95.00,2130000000,-8.209693281e-01,3.923408865e-01,-0.8201,154.4569
95.00,95.00,2140000000,-6.231080019e-01,6.617888203e-01,-0.8290,133.2757
95.00,95.00,2150000000,-3.417953819e-01,8.421839910e-01,-0.8297,112.0895
95.00,95.00,2160000000,-1.379708347e-02,9.091146357e-01,-0.8266,90.8695
95.00,95.00,2170000000,3.167735863e-01,8.524271610e-01,-0.8251,69.6142
95.00,95.00,2180000000,6.041017894e-01,6.794177014e-01,-0.8273,48.3582
95.00,95.00,2190000000,8.088405408e-01,4.141120219e-01,-0.8317,27.1116
95.00,95.00,2200000000,9.035197490e-01,9.299816611e-02,-0.8355,5.8767
95.00,95.00,2210000000,8.755432283e-01,-2.407867113e-01,-0.8378,-15.3770
95.00,95.00,2220000000,7.285734444e-01,-5.413627427e-01,-0.8413,-36.6140
95.00,95.00,2230000000,4.827955808e-01,-7.679254374e-01,-0.8471,-57.8424
95.00,95.00,2240000000,1.718581997e-01,-8.900614811e-01,-0.8526,-79.0715
95.00,95.00,2250000000,-1.613920384e-01,-8.916310792e-01,-0.8563,-100.2599
95.00,95.00,2260000000,-4.729834085e-01,-7.729435715e-01,-0.8557,-121.4635
95.00,95.00,2270000000,-7.211766523e-01,-5.494751642e-01,-0.8512,-142.6957
95.00,95.00,2280000000,-8.717116443e-01,-2.508369787e-01,-0.8471,-163.9467
95.00,95.00,2290000000,-9.029747316e-01,8.280266562e-02,-0.8501,174.7606
95.00,95.00,2300000000,-8.107872323e-01,4.042093545e-01,-0.8578,153.5019
95.00,95.00,2310000000,-6.088352313e-01,6.694317033e-01,-0.8681,132.2859
95.00,95.00,2320000000,-3.256072129e-01,8.435025333e-01,-0.8750,111.1075
95.00,95.00,2330000000,9.719264072e-04,9.044510542e-01,-0.8723,89.9384
95.00,95.00,2340000000,3.283871018e-01,8.436366353e-01,-0.8642,68.7314
95.00,95.00,2350000000,6.125595741e-01,6.676860875e-01,-0.8564,47.4656
95.00,95.00,2360000000,8.135490892e-01,3.996808615e-01,-0.8534,26.1640
95.00,95.00,2370000000,9.022509359e-01,7.716580596e-02,-0.8618,4.8884
95.00,95.00,2380000000,8.678419271e-01,-2.546173097e-01,-0.8726,-16.3512
95.00,95.00,2390000000,7.164588046e-01,-5.506681390e-01,-0.8802,-37.5458
95.00,95.00,2400000000,4.691973467e-01,-7.722350709e-01,-0.8805,-58.7178
95.00,95.00,2410000000,1.581187419e-01,-8.904030940e-01,-0.8734,-79.9303
95.00,95.00,2420000000,-1.756040607e-01,-8.878467022e-01,-0.8666,-101.1879
95.00,95.00,2430000000,-4.861439943e-01,-7.635797505e-01,-0.8651,-122.4835
95.00,95.00,2440000000,-7.297253170e-01,-5.344416389e-01,-0.8718,-143.7814
95.00,95.00,2450000000,-8.727713106e-01,-2.335805966e-01,-0.8816,-165.0170
95.00,95.00,2460000000,-8.972598310e-01,9.794143537e-02,-0.8902,173.7705
95.00,95.00,2470000000,-8.009051785e-01,4.155491873e-01,-0.8931,152.5775
95.00,95.00,2480000000,-5.966223787e-01,6.774128220e-01,-0.8892,131.3716
95.00,95.00,2490000000,-3.108088833e-01,8.478840152e-01,-0.8857,110.1314
95.00,95.00,2500000000,1.814264221e-02,9.032122557e-01,-0.8825,88.8493
95.00,95.00,2510000000,3.446507779e-01,8.348050955e-01,-0.8848,67.5666
95.00,95.00,2520000000,6.232762160e-01,6.525126556e-01,-0.8924,46.3128
95.00,95.00,2530000000,8.168094647e-01,3.818554326e-01,-0.8991,25.0559
95.00,95.00,2540000000,8.990091584e-01,6.024012792e-02,-0.9053,3.8335
95.00,95.00,2550000000,8.596232195e-01,-2.692105957e-01,-0.9075,-17.3891
95.00,95.00,2560000000,7.035284575e-01,-5.625908429e-01,-0.9073,-38.6483
95.00,95.00,2570000000,4.519571162e-01,-7.791041101e-01,-0.9084,-59.8820
95.00,95.00,2580000000,1.391839217e-01,-8.897780520e-01,-0.9094,-81.1095
95.00,95.00,2590000000,-1.921860017e-01,-8.795798008e-01,-0.9120,-102.3253
95.00,95.00,2600000000,-4.972883852e-01,-7.501485403e-01,-0.9151,-123.5412
95.00,95.00,2610000000,-7.340902263e-01,-5.198955296e-01,-0.9195,-144.6932
95.00,95.00,2620000000,-8.721438345e-01,-2.190232579e-01,-0.9226,-165.9027
95.00,95.00,2630000000,-8.919492057e-01,1.117154344e-01,-0.9256,172.8610
95.00,95.00,2640000000,-7.906036332e-01,4.269355118e-01,-0.9295,151.6304
95.00,95.00,2650000000,-5.822025937e-01,6.842165297e-01,-0.9307,130.3946
95.00,95.00,2660000000,-2.947040211e-01,8.484210244e-01,-0.9330,109.1550
95.00,95.00,2670000000,3.270129688e-02,8.973766008e-01,-0.9347,87.9130
95.00,95.00,2680000000,3.555738018e-01,8.246194295e-01,-0.9343,66.6744
95.00,95.00,2690000000,6.300729339e-01,6.394689837e-01,-0.9371,45.4240
95.00,95.00,2700000000,8.188039707e-01,3.675793652e-01,-0.9391,24.1764
95.00,95.00,2710000000,8.960923096e-01,4.597934212e-02,-0.9415,2.9373
95.00,95.00,2720000000,8.515747701e-01,-2.815654868e-01,-0.9450,-18.2960
95.00,95.00,2730000000,6.915221516e-01,-5.706564343e-01,-0.9482,-39.5301
95.00,95.00,2740000000,4.379386083e-01,-7.821271473e-01,-0.9501,-60.7541
95.00,95.00,2750000000,1.252510274e-01,-8.875777982e-01,-0.9502,-81.9677
95.00,95.00,2760000000,-2.046088080e-01,-8.728699961e-01,-0.9487,-103.1925
95.00,95.00,2770000000,-5.071931187e-01,-7.399712744e-01,-0.9431,-124.4276
95.00,95.00,2780000000,-7.413750436e-01,-5.057863173e-01,-0.9396,-145.6971
95.00,95.00,2790000000,-8.743565744e-01,-2.019114536e-01,-0.9406,-166.9969
95.00,95.00,2800000000,-8.873499799e-01,1.292505417e-01,-0.9469,171.7126
95.00,95.00,2810000000,-7.789658798e-01,4.414423613e-01,-0.9601,150.4596
95.00,95.00,2820000000,-5.660430230e-01,6.923178728e-01,-0.9707,129.2696
95.00,95.00,2830000000,-2.780594212e-01,8.497175057e-01,-0.9727,108.1200
95.00,95.00,2840000000,4.753577020e-02,8.935842184e-01,-0.9650,86.9549
95.00,95.00,2850000000,3.688432198e-01,8.170642957e-01,-0.9494,65.7044
95.00,95.00,2860000000,6.415096465e-01,6.275026148e-01,-0.9405,44.3676
95.00,95.00,2870000000,8.254990800e-01,3.502571066e-01,-0.9467,22.9914
95.00,95.00,2880000000,8.941175720e-01,2.598482909e-02,-0.9684,1.6647
95.00,95.00,2890000000,8.404390675e-01,-2.981426056e-01,-0.9951,-19.5319
95.00,95.00,2900000000,6.756190393e-01,-5.796387450e-01,-1.0103,-40.6275
95.00,95.00,2910000000,4.223101227e-01,-7.843927948e-01,-1.0039,-61.7024
95.00,95.00,2920000000,1.110089575e-01,-8.864266818e-01,-0.9796,-82.8619
95.00,95.00,2930000000,-2.197714783e-01,-8.682311021e-01,-0.9576,-104.2047
95.00,95.00,2940000000,-5.223554220e-01,-7.280811352e-01,-0.9531,-125.6572
95.00,95.00,2950000000,-7.501216396e-01,-4.857051272e-01,-0.9768,-147.0769
95.00,95.00,2960000000,-8.710461156e-01,-1.797749173e-01,-1.0180,-168.3385
95.00,95.00,2970000000,-8.741478408e-01,1.448599183e-01,-1.0506,170.5907
95.00,95.00,2980000000,-7.636793986e-01,4.477101324e-01,-1.0588,149.6189
95.00,95.00,2990000000,-5.536174910e-01,6.938344837e-01,-1.0353,128.5867
95.00,95.00,3000000000,-2.661039833e-01,8.509917942e-01,-0.9963,107.3644
100.00,100.00,2000000000,2.997373404e-01,8.582355024e-01,-0.8280,70.7483
100.00,100.00,2010000000,5.897388953e-01,6.948107329e-01,-0.8063,49.6762
100.00,100.00,2020000000,8.043183073e-01,4.354385762e-01,-0.7752,28.4300
100.00,100.00,2030000000,9.096514071e-01,1.121626489e-01,-0.7570,7.0293
100.00,100.00,2040000000,8.870588000e-01,-2.277942477e-01,-0.7636,-14.4022
100.00,100.00,2050000000,7.412926899e-01,-5.332618762e-01,-0.7889,-35.7300
100.00,100.00,2060000000,4.969489594e-01,-7.628106004e-01,-0.8153,-56.9169
100.00,100.00,2070000000,1.887931650e-01,-8.895228841e-01,-0.8255,-78.0173
100.00,100.00,2080000000,-1.445351403e-01,-8.986161699e-01,-0.8176,-99.1373
100.00,100.00,2090000000,-4.608345733e-01,-7.868792666e-01,-0.8011,-120.3553
100.00,100.00,2100000000,-7.162305559e-01,-5.662579801e-01,-0.7902,-141.6698
100.00,100.00,2110000000,-8.729634252e-01,-2.666792161e-01,-0.7926,-163.0128
100.00,100.00,2120000000,-9.088547766e-01,6.859655216e-02,-0.8054,175.6837
100.00,100.00,2130000000,-8.209671411e-01,3.923445234e-01,-0.8201,154.4566
100.00,100.00,2140000000,-6.231121564e-01,6.618217521e-01,-0.8287,133.2744
100.00,100.00,2150000000,-3.417917808e-01,8.421983103e-01,-0.8296,112.0889
100.00,100.00,2160000000,-1.377297576e-02,9.091358658e-01,-0.8264,90.8679
100.00,100.00,2170000000,3.166942840e-01,8.524856869e-01,-0.8248,69.6202
100.00,100.00,2180000000,6.041494708e-01,6.794220330e-01,-0.8270,48.3562
100.00,100.00,2190000000,8.088942290e-01,4.141305269e-01,-0.8312,27.1111
100.00,100.00,2200000000,9.034771794e-01,9.301093712e-02,-0.8359,5.8778
100.00,100.00,2210000000,8.755889327e-01,-2.407805868e-01,-0.8374,-15.3759
100.00,100.00,2220000000,7.286040731e-01,-5.413691062e-01,-0.8410,-36.6132
100.00,100.00,2230000000,4.828137834e-01,-7.679542526e-01,-0.8467,-57.8424
100.00,100.00,2240000000,1.718799764e-01,-8.900701065e-01,-0.8525,-79.0702
100.00,100.00,2250000000,-1.613775575e-01,-8.916498629e-01,-0.8561,-100.2588
100.00,100.00,2260000000,-4.730086332e-01,-7.729415299e-01,-0.8556,-121.4649
100.00,100.00,2270000000,-7.211827602e-01,-5.494894458e-01,-0.8511,-142.6952
100.00,100.00,2280000000,-8.717445273e-01,-2.508576238e-01,-0.8467,-163.9460
100.00,100.00,2290000000,-9.029462615e-01,8.277113727e-02,-0.8504,174.7625
100.00,100.00,2300000000,-8.108000465e-01,4.042137631e-01,-0.8577,153.5021
100.00,100.00,2310000000,-6.088401552e-01,6.694210699e-01,-0.8682,132.2866
100.00,100.00,2320000000,-3.256066500e-01,8.434741154e-01,-0.8753,111.1081
100.00,100.00,2330000000,9.851525366e-04,9.044727592e-01,-0.8721,89.9376
100.00,100.00,2340000000,3.283916200e-01,8.436388902e-01,-0.8642,68.7312
100.00,100.00,2350000000,6.125469343e-01,6.676970653e-01,-0.8564,47.4667
100.00,100.00,2360000000,8.135598761e-01,3.996351206e-01,-0.8535,26.1611
100.00,100.00,2370000000,9.022506431e-01,7.719185379e-02,-0.8618,4.8900
100.00,100.00,2380000000,8.678597109e-01,-2.546326158e-01,-0.8724,-16.3518
100.00,100.00,2390000000,7.164481183e-01,-5.506646048e-01,-0.8803,-37.5460
100.00,100.00,2400000000,4.691954541e-01,-7.722418765e-01,-0.8804,-58.7181
100.00,100.00,2410000000,1.580630141e-01,-8.903994509e-01,-0.8736,-79.9338
100.00,100.00,2420000000,-1.756383343e-01,-8.878553505e-01,-0.8664,-101.1900
100.00,100.00,2430000000,-4.861246637e-01,-7.635615563e-01,-0.8653,-122.4830
100.00,100.00,2440000000,-7.297050061e-01,-5.344374298e-01,-0.8720,-143.7809
100.00,100.00,2450000000,-8.727913752e-01,-2.335536511e-01,-0.8814,-165.0190
100.00,100.00,2460000000,-8.972072406e-01,9.793790170e-02,-0.8907,173.7703
100.00,100.00,2470000000,-8.008678445e-01,4.155564014e-01,-0.8933,152.5760
100.00,100.00,2480000000,-5.966103400e-01,6.773972593e-01,-0.8894,131.3716
100.00,100.00,2490000000,-3.108135313e-01,8.479511679e-01,-0.8851,110.1302
100.00,100.00,2500000000,1.814672411e-02,9.032324899e-01,-0.8823,88.8490
100.00,100.00,2510000000,3.446456076e-01,8.348474055e-01,-0.8844,67.5680
100.00,100.00,2520000000,6.232428610e-01,6.525293619e-01,-0.8925,46.3150
100.00,100.00,2530000000,8.167745703e-01,3.818716198e-01,-0.8994,25.0578
100.00,100.00,2540000000,8.990154584e-01,6.023545242e-02,-0.9052,3.8332
100.00,100.00,2550000000,8.596071855e-01,-2.691961578e-01,-0.9077,-17.3886
100.00,100.00,2560000000,7.035140555e-01,-5.625990048e-01,-0.9074,-38.6493
100.00,100.00,2570000000,4.519439748e-01,-7.791185206e-01,-0.9083,-59.8832
100.00,100.00,2580000000,1.391629475e-01,-8.897778078e-01,-0.9094,-81.1108
100.00,100.00,2590000000,-1.921867074e-01,-8.795511172e-01,-0.9122,-102.3257
100.00,100.00,2600000000,-4.972366907e-01,-7.501348690e-01,-0.9154,-123.5389
100.00,100.00,2610000000,-7.341026161e-01,-5.198912940e-01,-0.9195,-144.6939
100.00,100.00,2620000000,-8.721598477e-01,-2.190121310e-01,-0.9225,-165.9037
100.00,100.00,2630000000,-8.919737090e-01,1.117352419e-01,-0.9253,172.8599
100.00,100.00,2640000000,-7.906201937e-01,4.269561683e-01,-0.9293,151.6298
100.00,100.00,2650000000,-5.821991716e-01,6.842224733e-01,-0.9306,130.3942
100.00,100.00,2660000000,-2.947093812e-01,8.483975728e-01,-0.9332,109.1558
100.00,100.00,2670000000,3.269225884e-02,8.973881231e-01,-0.9346,87.9136
100.00,100.00,2680000000,3.556014976e-01,8.246126530e-01,-0.9343,66.6726
100.00,100.00,2690000000,6.300659734e-01,6.395140477e-01,-0.9369,45.4264
100.00,100.00,2700000000,8.188171208e-01,3.676077606e-01,-0.9388,24.1777
100.00,100.00,2710000000,8.961124670e-01,4.598673640e-02,-0.9413,2.9377
100.00,100.00,2720000000,8.515944141e-01,-2.816114007e-01,-0.9446,-18.2984
100.00,100.00,2730000000,6.915620706e-01,-5.706898742e-01,-0.9477,-39.5301
100.00,100.00,2740000000,4.379598972e-01,-7.821347038e-01,-0.9499,-60.7532
100.00,100.00,2750000000,1.252857517e-01,-8.875627192e-01,-0.9503,-81.9654
100.00,100.00,2760000000,-2.045998615e-01,-8.728606923e-01,-0.9488,-103.1921
100.00,100.00,2770000000,-5.072202651e-01,-7.400311540e-01,-0.9425,-124.4269
100.00,100.00,2780000000,-7.413805368e-01,-5.057475332e-01,-0.9397,-145.6994
100.00,100.00,2790000000,-8.743558550e-01,-2.018863257e-01,-0.9407,-166.9984
100.00,100.00,2800000000,-8.873701330e-01,1.292120189e-01,-0.9468,171.7153
100.00,100.00,2810000000,-7.789829531e-01,4.414098399e-01,-0.9601,150.4620
100.00,100.00,2820000000,-5.660478957e-01,6.923252962e-01,-0.9706,129.2696
100.00,100.00,2830000000,-2.780496602e-01,8.497143756e-01,-0.9728,108.1195
100.00,100.00,2840000000,4.751064049e-02,8.935531601e-01,-0.9653,86.9564
100.00,100.00,2850000000,3.688296855e-01,8.170378042e-01,-0.9497,65.7045
100.00,100.00,2860000000,6.415128642e-01,6.275205861e-01,-0.9403,44.3683
100.00,100.00,2870000000,8.254706409e-01,3.502511412e-01,-0.9470,22.9917
100.00,100.00,2880000000,8.941288585e-01,2.599029208e-02,-0.9683,1.6650
100.00,100.00,2890000000,8.404999938e-01,-2.981647693e-01,-0.9945,-19.5320
100.00,100.00,2900000000,6.756705482e-01,-5.796298848e-01,-1.0100,-40.6249
100.00,100.00,2910000000,4.223669887e-01,-7.844145145e-01,-1.0034,-61.6998
100.00,100.00,2920000000,1.109722552e-01,-8.864237966e-01,-0.9796,-82.8642
100.00,100.00,2930000000,-2.197815415e-01,-8.682959688e-01,-0.9569,-104.2043
100.00,100.00,2940000000,-5.223450302e-01,-7.280895214e-01,-0.9531,-125.6564
100.00,100.00,2950000000,-7.500779456e-01,-4.857348605e-01,-0.9770,-147.0737
100.00,100.00,2960000000,-8.710562829e-01,-1.797864761e-01,-1.0179,-168.3379
100.00,100.00,2970000000,-8.741213151e-01,1.448902305e-01,-1.0509,170.5885
100.00,100.00,2980000000,-7.637013834e-01,4.477227236e-01,-1.0585,149.6189
100.00,100.00,2990000000,-5.536538861e-01,6.938449875e-01,-1.0350,128.5881
100.00,100.00,3000000000,-2.660866395e-01,8.510229186e-01,-0.9961,107.3627
105.00,105.00,2000000000,2.997325519e-01,8.582312214e-01,-0.8281,70.7485
105.00,105.00,2010000000,5.897826557e-01,6.947561854e-01,-0.8064,49.6719
105.00,105.00,2020000000,8.042764775e-01,4.354779370e-01,-0.7753,28.4335
105.00,105.00,2030000000,9.096294311e-01,1.121663782e-01,-0.7572,7.0297
105.00,105.00,2040000000,8.870116430e-01,-2.277893628e-01,-0.7640,-14.4026
105.00,105.00,2050000000,7.412655902e-01,-5.332611394e-01,-0.7892,-35.7310
105.00,105.00,2060000000,4.969691265e-01,-7.628203688e-01,-0.8151,-56.9162
105.00,105.00,2070000000,1.887803255e-01,-8.895224019e-01,-0.8255,-78.0181
105.00,105.00,2080000000,-1.445191921e-01,-8.986205084e-01,-0.8176,-99.1363
105.00,105.00,2090000000,-4.607843287e-01,-7.868793776e-01,-0.8014,-120.3526
105.00,105.00,2100000000,-7.162406826e-01,-5.662916621e-01,-0.7900,-141.6685
105.00,105.00,2110000000,-8.729454732e-01,-2.666701405e-01,-0.7928,-163.0130
105.00,105.00,2120000000,-9.088305716e-01,6.851695861e-02,-0.8057,175.6886
105.00,105.00,2130000000,-8.209479429e-01,3.923057006e-01,-0.8204,154.4583
105.00,105.00,2140000000,-6.231077662e-01,6.617862882e-01,-0.8290,133.2758
105.00,105.00,2150000000,-3.417825919e-01,8.421797050e-01,-0.8298,112.0888
105.00,105.00,2160000000,-1.376770648e-02,9.091124923e-01,-0.8267,90.8676
105.00,105.00,2170000000,3.167358923e-01,8.524331076e-01,-0.8251,69.6166
105.00,105.00,2180000000,6.040908702e-01,6.793734441e-01,-0.8277,48.3569
105.00,105.00,2190000000,8.088740219e-01,4.140855949e-01,-0.8315,27.1092
105.00,105.00,2200000000,9.034725116e-01,9.301361188e-02,-0.8359,5.8780
105.00,105.00,2210000000,8.755828071e-01,-2.407940836e-01,-0.8374,-15.3768
105.00,105.00,2220000000,7.286012747e-01,-5.413239079e-01,-0.8413,-36.6110
105.00,105.00,2230000000,4.828006733e-01,-7.678945619e-01,-0.8473,-57.8411
105.00,105.00,2240000000,1.718739718e-01,-8.900538241e-01,-0.8527,-79.0704
105.00,105.00,2250000000,-1.613793621e-01,-8.916297667e-01,-0.8563,-100.2591
105.00,105.00,2260000000,-4.729987954e-01,-7.729291922e-01,-0.8558,-121.4648
105.00,105.00,2270000000,-7.211786217e-01,-5.494387680e-01,-0.8514,-142.6976
105.00,105.00,2280000000,-8.716849263e-01,-2.508655173e-01,-0.8472,-163.9445
105.00,105.00,2290000000,-9.029701423e-01,8.278120896e-02,-0.8502,174.7620
105.00,105.00,2300000000,-8.107639887e-01,4.042133091e-01,-0.8580,153.5011
105.00,105.00,2310000000,-6.088449899e-01,6.694329044e-01,-0.8680,132.2863
105.00,105.00,2320000000,-3.255855293e-01,8.434706692e-01,-0.8754,111.1069
105.00,105.00,2330000000,9.671036565e-04,9.045002608e-01,-0.8718,89.9387
105.00,105.00,2340000000,3.283718878e-01,8.436510931e-01,-0.8641,68.7327
105.00,105.00,2350000000,6.125432564e-01,6.676998395e-01,-0.8564,47.4669
105.00,105.00,2360000000,8.135612229e-01,3.996658388e-01,-0.8533,26.1628
105.00,105.00,2370000000,9.022493376e-01,7.719719923e-02,-0.8618,4.8904
105.00,105.00,2380000000,8.678482229e-01,-2.545839175e-01,-0.8726,-16.3491
105.00,105.00,2390000000,7.164703401e-01,-5.506534799e-01,-0.8802,-37.5446
105.00,105.00,2400000000,4.692394350e-01,-7.722256000e-01,-0.8803,-58.7152
105.00,105.00,2410000000,1.580918126e-01,-8.903877407e-01,-0.8736,-79.9318
105.00,105.00,2420000000,-1.756563082e-01,-8.878689908e-01,-0.8663,-101.1909
105.00,105.00,2430000000,-4.860855267e-01,-7.635504029e-01,-0.8656,-122.4813
105.00,105.00,2440000000,-7.297031887e-01,-5.344427609e-01,-0.8720,-143.7805
105.00,105.00,2450000000,-8.727332156e-01,-2.336090221e-01,-0.8818,-165.0146
105.00,105.00,2460000000,-8.972034978e-01,9.791560144e-02,-0.8908,173.7717
105.00,105.00,2470000000,-8.008513875e-01,4.155316154e-01,-0.8936,152.5769
105.00,105.00,2480000000,-5.966238004e-01,6.773835391e-01,-0.8894,131.3729
105.00,105.00,2490000000,-3.108383136e-01,8.479261603e-01,-0.8852,110.1323
105.00,105.00,2500000000,1.811923700e-02,9.032003307e-01,-0.8826,88.8507
105.00,105.00,2510000000,3.446362996e-01,8.348175284e-01,-0.8847,67.5678
105.00,105.00,2520000000,6.232668615e-01,6.525122108e-01,-0.8925,46.3132
105.00,105.00,2530000000,8.167679078e-01,3.818770399e-01,-0.8994,25.0583
105.00,105.00,2540000000,8.990320047e-01,6.024377223e-02,-0.9050,3.8336
105.00,105.00,2550000000,8.596129133e-01,-2.691969444e-01,-0.9076,-17.3885
105.00,105.00,2560000000,7.035264305e-01,-5.625851323e-01,-0.9074,-38.6481
105.00,105.00,2570000000,4.519157613e-01,-7.790898655e-01,-0.9087,-59.8839
105.00,105.00,2580000000,1.391557178e-01,-8.897670257e-01,-0.9095,-81.1112
105.00,105.00,2590000000,-1.921910476e-01,-8.795595198e-01,-0.9121,-102.3259
105.00,105.00,2600000000,-4.972439883e-01,-7.501264530e-01,-0.9155,-123.5396
105.00,105.00,2610000000,-7.340515756e-01,-5.198948302e-01,-0.9199,-144.6918
105.00,105.00,2620000000,-8.720927189e-01,-2.190443685e-01,-0.9231,-165.9006
105.00,105.00,2630000000,-8.919429666e-01,1.117128819e-01,-0.9257,172.8611
105.00,105.00,2640000000,-7.906124937e-01,4.269064013e-01,-0.9296,151.6323
105.00,105.00,2650000000,-5.821992416e-01,6.841834853e-01,-0.9309,130.3958
105.00,105.00,2660000000,-2.947336759e-01,8.484259276e-01,-0.9329,109.1567
105.00,105.00,2670000000,3.270768165e-02,8.973969982e-01,-0.9345,87.9126
105.00,105.00,2680000000,3.555645211e-01,8.246353138e-01,-0.9342,66.6754
105.00,105.00,2690000000,6.300374733e-01,6.394504186e-01,-0.9375,45.4248
105.00,105.00,2700000000,8.187921162e-01,3.675981833e-01,-0.9391,24.1778
105.00,105.00,2710000000,8.961025569e-01,4.598099106e-02,-0.9414,2.9374
105.00,105.00,2720000000,8.515698246e-01,-2.815420640e-01,-0.9451,-18.2947
105.00,105.00,2730000000,6.915378894e-01,-5.706691716e-01,-0.9480,-39.5300
105.00,105.00,2740000000,4.379368834e-01,-7.821148690e-01,-0.9502,-60.7538
105.00,105.00,2750000000,1.253039523e-01,-8.875500369e-01,-0.9504,-81.9641
105.00,105.00,2760000000,-2.045943880e-01,-8.728475706e-01,-0.9489,-103.1919
105.00,105.00,2770000000,-5.071847328e-01,-7.399724957e-01,-0.9431,-124.4271
105.00,105.00,2780000000,-7.413680639e-01,-5.057618426e-01,-0.9398,-145.6982
105.00,105.00,2790000000,-8.743237438e-01,-2.019032032e-01,-0.9409,-166.9969
105.00,105.00,2800000000,-8.873204010e-01,1.292427167e-01,-0.9472,171.7129
105.00,105.00,2810000000,-7.789976251e-01,4.413957762e-01,-0.9601,150.4632
105.00,105.00,2820000000,-5.660331861e-01,6.922919315e-01,-0.9709,129.2702
105.00,105.00,2830000000,-2.780770212e-01,8.497470218e-01,-0.9724,108.1205
105.00,105.00,2840000000,4.750078089e-02,8.935627220e-01,-0.9652,86.9571
105.00,105.00,2850000000,3.688593562e-01,8.170175179e-01,-0.9497,65.7022
105.00,105.00,2860000000,6.414785204e-01,6.274553743e-01,-0.9410,44.3668
105.00,105.00,2870000000,8.254814106e-01,3.502804156e-01,-0.9468,22.9932
105.00,105.00,2880000000,8.941613899e-01,2.601466436e-02,-0.9680,1.6665
105.00,105.00,2890000000,8.404662776e-01,-2.981272714e-01,-0.9949,-19.5304
105.00,105.00,2900000000,6.756296942e-01,-5.796085174e-01,-1.0104,-40.6256
105.00,105.00,2910000000,4.223751567e-01,-7.844208643e-01,-1.0033,-61.6995
105.00,105.00,2920000000,1.109766313e-01,-8.863711112e-01,-0.9801,-82.8635
105.00,105.00,2930000000,-2.197450045e-01,-8.682806890e-01,-0.9572,-104.2022
105.00,105.00,2940000000,-5.223181914e-01,-7.280661890e-01,-0.9534,-125.6558
105.00,105.00,2950000000,-7.501160383e-01,-4.857303545e-01,-0.9767,-147.0753
105.00,105.00,2960000000,-8.710561992e-01,-1.797612537e-01,-1.0179,-168.3395
105.00,105.00,2970000000,-8.741352359e-01,1.448782097e-01,-1.0507,170.5894
105.00,105.00,2980000000,-7.637255185e-01,4.476937290e-01,-1.0585,149.6213
105.00,105.00,2990000000,-5.536461824e-01,6.938416752e-01,-1.0351,128.5879
105.00,105.00,3000000000,-2.661771211e-01,8.510141820e-01,-0.9959,107.3684
110.00,110.00,2000000000,2.997720033e-01,8.582692291e-01,-0.8276,70.7470
110.00,110.00,2010000000,5.897083039e-01,6.947922302e-01,-0.8066,49.6769
110.00,110.00,2020000000,8.043006127e-01,4.354310444e-01,-0.7753,28.4302
110.00,110.00,2030000000,9.096680975e-01,1.121875713e-01,-0.7568,7.0307
110.00,110.00,2040000000,8.870392187e-01,-2.277932866e-01,-0.7638,-14.4024
110.00,110.00,2050000000,7.412936860e-01,-5.332320287e-01,-0.7891,-35.7285
110.00,110.00,2060000000,4.969462840e-01,-7.628559370e-01,-0.8150,-56.9186
110.00,110.00,2070000000,1.887997325e-01,-8.895359483e-01,-0.8254,-78.0171
110.00,110.00,2080000000,-1.445477916e-01,-8.986093277e-01,-0.8176,-99.1382
110.00,110.00,2090000000,-4.608173314e-01,-7.869197040e-01,-0.8009,-120.3531
110.00,110.00,2100000000,-7.162256904e-01,-5.662929242e-01,-0.7901,-141.6679
110.00,110.00,2110000000,-8.730233151e-01,-2.666681092e-01,-0.7921,-163.0145
110.00,110.00,2120000000,-9.088800229e-01,6.855818797e-02,-0.8052,175.6863
110.00,110.00,2130000000,-8.210148804e-01,3.923559118e-01,-0.8197,154.4573
110.00,110.00,2140000000,-6.231475167e-01,6.618592002e-01,-0.8283,133.2744
110.00,110.00,2150000000,-3.417847749e-01,8.422396182e-01,-0.8292,112.0875
110.00,110.00,2160000000,-1.377946298e-02,9.091435671e-01,-0.8264,90.8683
110.00,110.00,2170000000,3.167197274e-01,8.524706974e-01,-0.8249,69.6184
110.00,110.00,2180000000,6.041550641e-01,6.794077675e-01,-0.8271,48.3553
110.00,110.00,2190000000,8.088883284e-01,4.141429802e-01,-0.8312,27.1120
110.00,110.00,2200000000,9.035156899e-01,9.299456588e-02,-0.8355,5.8765
110.00,110.00,2210000000,8.755879323e-01,-2.407568600e-01,-0.8375,-15.3744
110.00,110.00,2220000000,7.286291740e-01,-5.413357245e-01,-0.8410,-36.6105
110.00,110.00,2230000000,4.828454208e-01,-7.679644965e-01,-0.8465,-57.8410
110.00,110.00,2240000000,1.718539313e-01,-8.900712841e-01,-0.8525,-79.0719
110.00,110.00,2250000000,-1.613785724e-01,-8.916658645e-01,-0.8560,-100.2587
110.00,110.00,2260000000,-4.729785526e-01,-7.729303859e-01,-0.8559,-121.4637
110.00,110.00,2270000000,-7.211715375e-01,-5.494762154e-01,-0.8512,-142.6954
110.00,110.00,2280000000,-8.717077506e-01,-2.508381467e-01,-0.8471,-163.9466
110.00,110.00,2290000000,-9.029852751e-01,8.276070736e-02,-0.8501,174.7633
110.00,110.00,2300000000,-8.108114520e-01,4.042342890e-01,-0.8575,153.5012
110.00,110.00,2310000000,-6.088539371e-01,6.694055502e-01,-0.8682,132.2879
110.00,110.00,2320000000,-3.256177780e-01,8.434819095e-01,-0.8752,111.1086
110.00,110.00,2330000000,9.305791093e-04,9.045439619e-01,-0.8714,89.9411
110.00,110.00,2340000000,3.283733624e-01,8.436638395e-01,-0.8640,68.7329
110.00,110.00,2350000000,6.125354050e-01,6.677262584e-01,-0.8563,47.4684
110.00,110.00,2360000000,8.135830624e-01,3.996791731e-01,-0.8531,26.1629
110.00,110.00,2370000000,9.022670796e-01,7.720784876e-02,-0.8616,4.8909
110.00,110.00,2380000000,8.678503025e-01,-2.546165377e-01,-0.8725,-16.3510
110.00,110.00,2390000000,7.164966092e-01,-5.506681946e-01,-0.8799,-37.5443
110.00,110.00,2400000000,4.692429421e-01,-7.722577019e-01,-0.8801,-58.7161
110.00,110.00,2410000000,1.580494582e-01,-8.904321217e-01,-0.8733,-79.9350
110.00,110.00,2420000000,-1.756117657e-01,-8.878744742e-01,-0.8663,-101.1881
110.00,110.00,2430000000,-4.860786180e-01,-7.636007111e-01,-0.8653,-122.4793
110.00,110.00,2440000000,-7.296974868e-01,-5.344883832e-01,-0.8717,-143.7780
110.00,110.00,2450000000,-8.727674499e-01,-2.335741008e-01,-0.8816,-165.0173
110.00,110.00,2460000000,-8.972501431e-01,9.793172818e-02,-0.8903,173.7710
110.00,110.00,2470000000,-8.008844532e-01,4.155379852e-01,-0.8933,152.5775
110.00,110.00,2480000000,-5.966497842e-01,6.773941792e-01,-0.8892,131.3736
110.00,110.00,2490000000,-3.108352489e-01,8.479290884e-01,-0.8852,110.1320
110.00,110.00,2500000000,1.811130934e-02,9.032372788e-01,-0.8822,88.8513
110.00,110.00,2510000000,3.446319875e-01,8.348065855e-01,-0.8848,67.5678
110.00,110.00,2520000000,6.232724986e-01,6.525850589e-01,-0.8920,46.3161
110.00,110.00,2530000000,8.167554473e-01,3.818427677e-01,-0.8997,25.0566
110.00,110.00,2540000000,8.989976289e-01,6.024049204e-02,-0.9054,3.8336
110.00,110.00,2550000000,8.596173065e-01,-2.691965707e-01,-0.9076,-17.3884
110.00,110.00,2560000000,7.035135958e-01,-5.625530538e-01,-0.9077,-38.6470
110.00,110.00,2570000000,4.519751056e-01,-7.791116938e-01,-0.9082,-59.8813
110.00,110.00,2580000000,1.391539272e-01,-8.897621365e-01,-0.9096,-81.1113
110.00,110.00,2590000000,-1.921816555e-01,-8.795981529e-01,-0.9118,-102.3248
110.00,110.00,2600000000,-4.972988446e-01,-7.501512810e-01,-0.9150,-123.5416
110.00,110.00,2610000000,-7.340978531e-01,-5.198940830e-01,-0.9195,-144.6936
110.00,110.00,2620000000,-8.721273434e-01,-2.190304820e-01,-0.9228,-165.9020
110.00,110.00,2630000000,-8.919674568e-01,1.117274559e-01,-0.9254,172.8603
110.00,110.00,2640000000,-7.906016444e-01,4.269363023e-01,-0.9295,151.6303
110.00,110.00,2650000000,-5.822478146e-01,6.841936673e-01,-0.9305,130.3977
110.00,110.00,2660000000,-2.947370549e-01,8.484360209e-01,-0.9328,109.1566
110.00,110.00,2670000000,3.269395954e-02,8.974069039e-01,-0.9345,87.9135
110.00,110.00,2680000000,3.556031920e-01,8.246247480e-01,-0.9342,66.6728
110.00,110.00,2690000000,6.300440720e-01,6.395272563e-01,-0.9369,45.4280
110.00,110.00,2700000000,8.188342511e-01,3.675899043e-01,-0.9387,24.1762
110.00,110.00,2710000000,8.961152537e-01,4.599842171e-02,-0.9413,2.9385
110.00,110.00,2720000000,8.515743152e-01,-2.815667461e-01,-0.9450,-18.2961
110.00,110.00,2730000000,6.915382494e-01,-5.707150372e-01,-0.9478,-39.5323
110.00,110.00,2740000000,4.379713064e-01,-7.821194008e-01,-0.9500,-60.7520
110.00,110.00,2750000000,1.252640984e-01,-8.875896572e-01,-0.9501,-81.9670
110.00,110.00,2760000000,-2.045886822e-01,-8.728988978e-01,-0.9485,-103.1908
110.00,110.00,2770000000,-5.071912065e-01,-7.399914557e-01,-0.9430,-124.4268
110.00,110.00,2780000000,-7.414363911e-01,-5.057496029e-01,-0.9393,-145.7013
110.00,110.00,2790000000,-8.743776826e-01,-2.019208758e-01,-0.9404,-166.9966
110.00,110.00,2800000000,-8.873441921e-01,1.292785677e-01,-0.9469,171.7108
110.00,110.00,2810000000,-7.789899569e-01,4.414119116e-01,-0.9600,150.4621
110.00,110.00,2820000000,-5.660538209e-01,6.923467333e-01,-0.9704,129.2690
110.00,110.00,2830000000,-2.780625685e-01,8.497142535e-01,-0.9727,108.1203
110.00,110.00,2840000000,4.750712535e-02,8.935583049e-01,-0.9653,86.9567
110.00,110.00,2850000000,3.688678821e-01,8.170691800e-01,-0.9492,65.7031
110.00,110.00,2860000000,6.415174552e-01,6.274987064e-01,-0.9404,44.3671
110.00,110.00,2870000000,8.254416958e-01,3.502545948e-01,-0.9473,22.9927
110.00,110.00,2880000000,8.941649120e-01,2.601833085e-02,-0.9680,1.6667
110.00,110.00,2890000000,8.404661340e-01,-2.981363188e-01,-0.9949,-19.5310
110.00,110.00,2900000000,6.756383130e-01,-5.796094352e-01,-1.0104,-40.6253
110.00,110.00,2910000000,4.223239989e-01,-7.843639467e-01,-1.0041,-61.7007
110.00,110.00,2920000000,1.110119540e-01,-8.864062568e-01,-0.9798,-82.8615
110.00,110.00,2930000000,-2.198118759e-01,-8.682626289e-01,-0.9572,-104.2067
110.00,110.00,2940000000,-5.223367381e-01,-7.280851219e-01,-0.9531,-125.6561
110.00,110.00,2950000000,-7.500840419e-01,-4.857134518e-01,-0.9770,-147.0751
110.00,110.00,2960000000,-8.710880247e-01,-1.797529351e-01,-1.0177,-168.3404
110.00,110.00,2970000000,-8.741155334e-01,1.448452133e-01,-1.0510,170.5913
110.00,110.00,2980000000,-7.637148312e-01,4.477572502e-01,-1.0582,149.6174
110.00,110.00,2990000000,-5.536319669e-01,6.938478222e-01,-1.0351,128.5869
110.00,110.00,3000000000,-2.660912871e-01,8.509578334e-01,-0.9967,107.3643
115.00,115.00,2000000000,2.997521101e-01,8.582362704e-01,-0.8280,70.7475
115.00,115.00,2010000000,5.897297070e-01,6.947738595e-01,-0.8066,49.6751
115.00,115.00,2020000000,8.042689492e-01,4.354181063e-01,-0.7757,28.4304
115.00,115.00,2030000000,9.096435012e-01,1.122051973e-01,-0.7570,7.0320
115.00,115.00,2040000000,8.870201367e-01,-2.277712441e-01,-0.7640,-14.4014
115.00,115.00,2050000000,7.412508978e-01,-5.332445710e-01,-0.7894,-35.7307
115.00,115.00,2060000000,4.969412382e-01,-7.627710952e-01,-0.8157,-56.9160
115.00,115.00,2070000000,1.888088417e-01,-8.894995253e-01,-0.8257,-78.0160
115.00,115.00,2080000000,-1.445216950e-01,-8.985819831e-01,-0.8179,-99.1368
115.00,115.00,2090000000,-4.608301891e-01,-7.868167605e-01,-0.8017,-120.3571
115.00,115.00,2100000000,-7.162211536e-01,-5.662415384e-01,-0.7904,-141.6702
115.00,115.00,2110000000,-8.729331042e-01,-2.666413095e-01,-0.7930,-163.0145
115.00,115.00,2120000000,-9.088521577e-01,6.853998242e-02,-0.8055,175.6873
115.00,115.00,2130000000,-8.208927498e-01,3.923146289e-01,-0.8209,154.4563
115.00,115.00,2140000000,-6.231222676e-01,6.617609468e-01,-0.8291,133.2775
115.00,115.00,2150000000,-3.417630731e-01,8.421650141e-01,-0.8300,112.0880
115.00,115.00,2160000000,-1.379697628e-02,9.090788148e-01,-0.8270,90.8695
115.00,115.00,2170000000,3.167299689e-01,8.524593089e-01,-0.8249,69.6175
115.00,115.00,2180000000,6.040981701e-01,6.793985799e-01,-0.8275,48.3576
115.00,115.00,2190000000,8.088545248e-01,4.141007521e-01,-0.8316,27.1106
115.00,115.00,2200000000,9.034775662e-01,9.298002061e-02,-0.8359,5.8758
115.00,115.00,2210000000,8.755680125e-01,-2.408101295e-01,-0.8375,-15.3780
115.00,115.00,2220000000,7.285823463e-01,-5.413508058e-01,-0.8413,-36.6131
115.00,115.00,2230000000,4.827718552e-01,-7.679009541e-01,-0.8474,-57.8428
115.00,115.00,2240000000,1.718577483e-01,-8.900003005e-01,-0.8532,-79.0708
115.00,115.00,2250000000,-1.613986367e-01,-8.915857175e-01,-0.8567,-100.2608
115.00,115.00,2260000000,-4.729716155e-01,-7.729083200e-01,-0.8561,-121.4640
115.00,115.00,2270000000,-7.211329824e-01,-5.494621126e-01,-0.8516,-142.6947
115.00,115.00,2280000000,-8.716277454e-01,-2.508519030e-01,-0.8478,-163.9443
115.00,115.00,2290000000,-9.029463080e-01,8.279384464e-02,-0.8504,174.7610
115.00,115.00,2300000000,-8.106948575e-01,4.041981773e-01,-0.8587,153.5000
115.00,115.00,2310000000,-6.088604311e-01,6.693791677e-01,-0.8683,132.2893
115.00,115.00,2320000000,-3.256071273e-01,8.434571990e-01,-0.8754,111.1085
115.00,115.00,2330000000,9.685555618e-04,9.044446209e-01,-0.8724,89.9386
115.00,115.00,2340000000,3.283824001e-01,8.435790753e-01,-0.8647,68.7304
115.00,115.00,2350000000,6.125234062e-01,6.676549751e-01,-0.8568,47.4659
115.00,115.00,2360000000,8.135611162e-01,3.996253541e-01,-0.8535,26.1605
115.00,115.00,2370000000,9.022315912e-01,7.720292287e-02,-0.8620,4.8908
115.00,115.00,2380000000,8.678248498e-01,-2.545912486e-01,-0.8728,-16.3500
115.00,115.00,2390000000,7.164839642e-01,-5.506453031e-01,-0.8801,-37.5437
115.00,115.00,2400000000,4.692231450e-01,-7.722520103e-01,-0.8802,-58.7170
115.00,115.00,2410000000,1.580958112e-01,-8.903866168e-01,-0.8736,-79.9316
115.00,115.00,2420000000,-1.756459203e-01,-8.878443066e-01,-0.8665,-101.1906
115.00,115.00,2430000000,-4.861251655e-01,-7.635923447e-01,-0.8651,-122.4820
115.00,115.00,2440000000,-7.297033638e-01,-5.344714740e-01,-0.8718,-143.7791
115.00,115.00,2450000000,-8.727706991e-01,-2.335314096e-01,-0.8817,-165.0200
115.00,115.00,2460000000,-8.972422813e-01,9.794466744e-02,-0.8904,173.7702
115.00,115.00,2470000000,-8.008616026e-01,4.155408099e-01,-0.8935,152.5767
115.00,115.00,2480000000,-5.965904634e-01,6.773903381e-01,-0.8896,131.3710
115.00,115.00,2490000000,-3.108276701e-01,8.479290415e-01,-0.8852,110.1316
115.00,115.00,2500000000,1.814459198e-02,9.032288057e-01,-0.8823,88.8492
115.00,115.00,2510000000,3.446629733e-01,8.347721879e-01,-0.8850,67.5651
115.00,115.00,2520000000,6.232485710e-01,6.525303042e-01,-0.8925,46.3148
115.00,115.00,2530000000,8.167428523e-01,3.818581591e-01,-0.8997,25.0579
115.00,115.00,2540000000,8.989963757e-01,6.025112299e-02,-0.9054,3.8343
115.00,115.00,2550000000,8.595646902e-01,-2.691865192e-01,-0.9081,-17.3888
115.00,115.00,2560000000,7.034876629e-01,-5.625592078e-01,-0.9078,-38.6483
115.00,115.00,2570000000,4.519614409e-01,-7.791466888e-01,-0.9080,-59.8832
115.00,115.00,2580000000,1.391482816e-01,-8.897577509e-01,-0.9096,-81.1116
115.00,115.00,2590000000,-1.921805050e-01,-8.795507120e-01,-0.9122,-102.3253
115.00,115.00,2600000000,-4.972351917e-01,-7.501486477e-01,-0.9153,-123.5384
115.00,115.00,2610000000,-7.340422904e-01,-5.198743424e-01,-0.9200,-144.6925
115.00,115.00,2620000000,-8.721285329e-01,-2.190261139e-01,-0.9228,-165.9023
115.00,115.00,2630000000,-8.919090605e-01,1.117247125e-01,-0.9260,172.8601
115.00,115.00,2640000000,-7.905975137e-01,4.269417594e-01,-0.9295,151.6299
115.00,115.00,2650000000,-5.821576982e-01,6.841893333e-01,-0.9311,130.3935
115.00,115.00,2660000000,-2.946973359e-01,8.484173141e-01,-0.9331,109.1546
115.00,115.00,2670000000,3.269025483e-02,8.973711890e-01,-0.9348,87.9137
115.00,115.00,2680000000,3.556014242e-01,8.246242726e-01,-0.9342,66.6729
115.00,115.00,2690000000,6.300765227e-01,6.394718274e-01,-0.9371,45.4240
115.00,115.00,2700000000,8.187976819e-01,3.676021573e-01,-0.9390,24.1779
115.00,115.00,2710000000,8.960951727e-01,4.596934729e-02,-0.9415,2.9367
115.00,115.00,2720000000,8.515882808e-01,-2.815494653e-01,-0.9449,-18.2948
115.00,115.00,2730000000,6.915256785e-01,-5.706693972e-01,-0.9481,-39.5306
115.00,115.00,2740000000,4.379646380e-01,-7.820991369e-01,-0.9502,-60.7518
115.00,115.00,2750000000,1.252769734e-01,-8.875532907e-01,-0.9504,-81.9659
115.00,115.00,2760000000,-2.046067516e-01,-8.728486557e-01,-0.9489,-103.1927
115.00,115.00,2770000000,-5.071725005e-01,-7.399952954e-01,-0.9430,-124.4257
115.00,115.00,2780000000,-7.413633180e-01,-5.057707444e-01,-0.9398,-145.6975
115.00,115.00,2790000000,-8.743535929e-01,-2.018790876e-01,-0.9407,-166.9988
115.00,115.00,2800000000,-8.873174173e-01,1.292505912e-01,-0.9472,171.7123
115.00,115.00,2810000000,-7.789424958e-01,4.413759369e-01,-0.9606,150.4626
115.00,115.00,2820000000,-5.660667858e-01,6.922802647e-01,-0.9708,129.2723
115.00,115.00,2830000000,-2.780522768e-01,8.497182048e-01,-0.9727,108.1196
115.00,115.00,2840000000,4.753393416e-02,8.935323275e-01,-0.9655,86.9549
115.00,115.00,2850000000,3.688618147e-01,8.170498133e-01,-0.9494,65.7029
115.00,115.00,2860000000,6.415054275e-01,6.274637181e-01,-0.9407,44.3660
115.00,115.00,2870000000,8.254458333e-01,3.502258583e-01,-0.9473,22.9909
115.00,115.00,2880000000,8.941122573e-01,2.598269484e-02,-0.9685,1.6645
115.00,115.00,2890000000,8.404472726e-01,-2.981419597e-01,-0.9950,-19.5317
115.00,115.00,2900000000,6.756334817e-01,-5.796224563e-01,-1.0103,-40.6261
115.00,115.00,2910000000,4.223100162e-01,-7.843506703e-01,-1.0042,-61.7011
115.00,115.00,2920000000,1.109673486e-01,-8.863930504e-01,-0.9799,-82.8643
115.00,115.00,2930000000,-2.197752938e-01,-8.682319966e-01,-0.9576,-104.2049
115.00,115.00,2940000000,-5.223248665e-01,-7.280308434e-01,-0.9536,-125.6575
115.00,115.00,2950000000,-7.500731879e-01,-4.857058462e-01,-0.9771,-147.0751
115.00,115.00,2960000000,-8.710507845e-01,-1.796981685e-01,-1.0181,-168.3434
115.00,115.00,2970000000,-8.740815256e-01,1.448842195e-01,-1.0512,170.5885
115.00,115.00,2980000000,-7.636525258e-01,4.477211090e-01,-1.0589,149.6174
115.00,115.00,2990000000,-5.535911713e-01,6.937785969e-01,-1.0359,128.5876
115.00,115.00,3000000000,-2.661033146e-01,8.509861893e-01,-0.9964,107.3645
120.00,120.00,2000000000,2.997089593e-01,8.582210665e-01,-0.8283,70.7497
120.00,120.00,2010000000,5.896980914e-01,6.947580474e-01,-0.8070,49.6760
120.00,120.00,2020000000,8.042586841e-01,4.354297000e-01,-0.7757,28.4313
120.00,120.00,2030000000,9.096129681e-01,1.121875060e-01,-0.7573,7.0311
120.00,120.00,2040000000,8.869810055e-01,-2.277441024e-01,-0.7644,-14.4004
120.00,120.00,2050000000,7.412168657e-01,-5.332272311e-01,-0.7897,-35.7310
120.00,120.00,2060000000,4.969209562e-01,-7.627824385e-01,-0.8157,-56.9174
120.00,120.00,2070000000,1.888105529e-01,-8.895022201e-01,-0.8257,-78.0160
120.00,120.00,2080000000,-1.445317265e-01,-8.985510199e-01,-0.8182,-99.1377
120.00,120.00,2090000000,-4.607707583e-01,-7.868191339e-01,-0.8019,-120.3538
120.00,120.00,2100000000,-7.161736405e-01,-5.662183839e-01,-0.7909,-141.6695
120.00,120.00,2110000000,-8.729482965e-01,-2.666125571e-01,-0.7929,-163.0165
120.00,120.00,2120000000,-9.088083615e-01,6.854149056e-02,-0.8059,175.6870
120.00,120.00,2130000000,-8.209450843e-01,3.923118202e-01,-0.8204,154.4579
120.00,120.00,2140000000,-6.230730283e-01,6.617834697e-01,-0.8293,133.2743
120.00,120.00,2150000000,-3.417814818e-01,8.421540240e-01,-0.8300,112.0894
120.00,120.00,2160000000,-1.377676466e-02,9.090660666e-01,-0.8271,90.8682
120.00,120.00,2170000000,3.167200665e-01,8.524737353e-01,-0.8248,69.6184
120.00,120.00,2180000000,6.040798892e-01,6.793947709e-01,-0.8276,48.3583
120.00,120.00,2190000000,8.087826205e-01,4.141006608e-01,-0.8323,27.1127
120.00,120.00,2200000000,9.034237327e-01,9.301074519e-02,-0.8364,5.8781
120.00,120.00,2210000000,8.755498952e-01,-2.408161621e-01,-0.8377,-15.3787
120.00,120.00,2220000000,7.285583290e-01,-5.412909165e-01,-0.8418,-36.6109
120.00,120.00,2230000000,4.827871086e-01,-7.678351576e-01,-0.8478,-57.8398
120.00,120.00,2240000000,1.718765950e-01,-8.900159682e-01,-0.8530,-79.0698
120.00,120.00,2250000000,-1.613834039e-01,-8.915959682e-01,-0.8566,-100.2597
120.00,120.00,2260000000,-4.729928561e-01,-7.728761546e-01,-0.8563,-121.4662
120.00,120.00,2270000000,-7.211338846e-01,-5.494411446e-01,-0.8517,-142.6958
120.00,120.00,2280000000,-8.716659754e-01,-2.508841448e-01,-0.8474,-163.9430
120.00,120.00,2290000000,-9.028831355e-01,8.275107048e-02,-0.8510,174.7634
120.00,120.00,2300000000,-8.107368628e-01,4.041990418e-01,-0.8583,153.5011
120.00,120.00,2310000000,-6.088586509e-01,6.693742820e-01,-0.8684,132.2895
120.00,120.00,2320000000,-3.256023681e-01,8.434632643e-01,-0.8754,111.1081
120.00,120.00,2330000000,9.389209593e-04,9.044444746e-01,-0.8724,89.9405
120.00,120.00,2340000000,3.283802034e-01,8.436004053e-01,-0.8645,68.7310
120.00,120.00,2350000000,6.125172934e-01,6.677046070e-01,-0.8565,47.4684
120.00,120.00,2360000000,8.135474607e-01,3.996233232e-01,-0.8536,26.1608
120.00,120.00,2370000000,9.022330149e-01,7.715969510e-02,-0.8620,4.8881
120.00,120.00,2380000000,8.677918711e-01,-2.545739924e-01,-0.8732,-16.3495
120.00,120.00,2390000000,7.164370014e-01,-5.506529934e-01,-0.8804,-37.5459
120.00,120.00,2400000000,4.692132235e-01,-7.722513934e-01,-0.8803,-58.7175
120.00,120.00,2410000000,1.580582041e-01,-8.904055923e-01,-0.8735,-79.9341
120.00,120.00,2420000000,-1.756613504e-01,-8.877959339e-01,-0.8670,-101.1921
120.00,120.00,2430000000,-4.861165376e-01,-7.635235659e-01,-0.8657,-122.4839
120.00,120.00,2440000000,-7.297250941e-01,-5.344546724e-01,-0.8717,-143.7807
120.00,120.00,2450000000,-8.727338643e-01,-2.335659519e-01,-0.8819,-165.0173
120.00,120.00,2460000000,-8.971893318e-01,9.794949159e-02,-0.8909,173.7695
120.00,120.00,2470000000,-8.008264397e-01,4.155222223e-01,-0.8939,152.5767
120.00,120.00,2480000000,-5.966063915e-01,6.773561604e-01,-0.8898,131.3732
120.00,120.00,2490000000,-3.108306047e-01,8.478927277e-01,-0.8856,110.1325
120.00,120.00,2500000000,1.811703653e-02,9.031794067e-01,-0.8828,88.8508
120.00,120.00,2510000000,3.445957520e-01,8.347625442e-01,-0.8854,67.5688
120.00,120.00,2520000000,6.232105900e-01,6.524890911e-01,-0.8930,46.3148
120.00,120.00,2530000000,8.167344224e-01,3.818267078e-01,-0.8999,25.0563
120.00,120.00,2540000000,8.989705565e-01,6.023725039e-02,-0.9056,3.8335
120.00,120.00,2550000000,8.595768510e-01,-2.691983127e-01,-0.9080,-17.3893
120.00,120.00,2560000000,7.034245767e-01,-5.625404334e-01,-0.9084,-38.6499
120.00,120.00,2570000000,4.519295943e-01,-7.790715498e-01,-0.9088,-59.8825
120.00,120.00,2580000000,1.391654105e-01,-8.897322415e-01,-0.9098,-81.1102
120.00,120.00,2590000000,-1.921844340e-01,-8.795105307e-01,-0.9126,-102.3261
120.00,120.00,2600000000,-4.972400385e-01,-7.501135677e-01,-0.9156,-123.5399
120.00,120.00,2610000000,-7.340181622e-01,-5.198563370e-01,-0.9203,-144.6926
120.00,120.00,2620000000,-8.721178067e-01,-2.190262078e-01,-0.9229,-165.9021
120.00,120.00,2630000000,-8.919156865e-01,1.117601272e-01,-0.9259,172.8579
120.00,120.00,2640000000,-7.905558848e-01,4.269257608e-01,-0.9300,151.6295
120.00,120.00,2650000000,-5.821769655e-01,6.841742981e-01,-0.9311,130.3951
120.00,120.00,2660000000,-2.947439904e-01,8.484450679e-01,-0.9327,109.1569
120.00,120.00,2670000000,3.269856379e-02,8.973251049e-01,-0.9352,87.9131
120.00,120.00,2680000000,3.556209514e-01,8.245499797e-01,-0.9348,66.6699
120.00,120.00,2690000000,6.300578478e-01,6.394571837e-01,-0.9373,45.4242
120.00,120.00,2700000000,8.187500335e-01,3.675875217e-01,-0.9395,24.1783
120.00,120.00,2710000000,8.960604138e-01,4.598409494e-02,-0.9418,2.9377
120.00,120.00,2720000000,8.515203039e-01,-2.815340679e-01,-0.9456,-18.2952
120.00,120.00,2730000000,6.914621136e-01,-5.706590710e-01,-0.9487,-39.5326
120.00,120.00,2740000000,4.379568055e-01,-7.820503680e-01,-0.9506,-60.7507
120.00,120.00,2750000000,1.252816514e-01,-8.875360784e-01,-0.9506,-81.9654
120.00,120.00,2760000000,-2.045964218e-01,-8.728074018e-01,-0.9493,-103.1926
120.00,120.00,2770000000,-5.071692492e-01,-7.399521842e-01,-0.9434,-124.4271
120.00,120.00,2780000000,-7.413435495e-01,-5.057085068e-01,-0.9403,-145.7001
120.00,120.00,2790000000,-8.743047346e-01,-2.018733297e-01,-0.9412,-166.9985
120.00,120.00,2800000000,-8.873062382e-01,1.292493516e-01,-0.9473,171.7123
120.00,120.00,2810000000,-7.789290360e-01,4.413716977e-01,-0.9608,150.4624
120.00,120.00,2820000000,-5.660248178e-01,6.922531394e-01,-0.9713,129.2714
120.00,120.00,2830000000,-2.780454992e-01,8.496892564e-01,-0.9730,108.1198
120.00,120.00,2840000000,4.750347214e-02,8.935126597e-01,-0.9657,86.9567
120.00,120.00,2850000000,3.688120188e-01,8.170144895e-01,-0.9500,65.7049
120.00,120.00,2860000000,6.414652132e-01,6.274486274e-01,-0.9411,44.3671
120.00,120.00,2870000000,8.253948772e-01,3.502306497e-01,-0.9478,22.9924
120.00,120.00,2880000000,8.940940462e-01,2.601958147e-02,-0.9687,1.6669
120.00,120.00,2890000000,8.404127015e-01,-2.980885307e-01,-0.9955,-19.5292
120.00,120.00,2900000000,6.756278443e-01,-5.795460998e-01,-1.0108,-40.6226
120.00,120.00,2910000000,4.223314236e-01,-7.843429898e-01,-1.0042,-61.6996
120.00,120.00,2920000000,1.109760289e-01,-8.863653792e-01,-0.9802,-82.8635
120.00,120.00,2930000000,-2.197288440e-01,-8.682164276e-01,-0.9578,-104.2023
120.00,120.00,2940000000,-5.222927963e-01,-7.280315884e-01,-0.9538,-125.6558
120.00,120.00,2950000000,-7.500393709e-01,-4.856603824e-01,-0.9777,-147.0764
120.00,120.00,2960000000,-8.710277658e-01,-1.797448799e-01,-1.0182,-168.3401
120.00,120.00,2970000000,-8.740627207e-01,1.448656239e-01,-1.0515,170.5894
120.00,120.00,2980000000,-7.636737648e-01,4.477255552e-01,-1.0587,149.6178
120.00,120.00,2990000000,-5.535819925e-01,6.937962277e-01,-1.0358,128.5865
120.00,120.00,3000000000,-2.660836767e-01,8.509786302e-01,-0.9965,107.3634
125.00,125.00,2000000000,2.997235793e-01,8.582248109e-01,-0.8282,70.7489
125.00,125.00,2010000000,5.897037107e-01,6.947723725e-01,-0.8068,49.6763
125.00,125.00,2020000000,8.042973857e-01,4.354065796e-01,-0.7755,28.4289
125.00,125.00,2030000000,9.096508895e-01,1.121938320e-01,-0.7569,7.0312
125.00,125.00,2040000000,8.870279259e-01,-2.277619045e-01,-0.7640,-14.4007
125.00,125.00,2050000000,7.412440094e-01,-5.333094972e-01,-0.7891,-35.7342
125.00,125.00,2060000000,4.969307505e-01,-7.628055016e-01,-0.8154,-56.9177
125.00,125.00,2070000000,1.888063972e-01,-8.895356844e-01,-0.8254,-78.0167
125.00,125.00,2080000000,-1.445664834e-01,-8.985628044e-01,-0.8180,-99.1398
125.00,125.00,2090000000,-4.608539846e-01,-7.868187251e-01,-0.8015,-120.3583
125.00,125.00,2100000000,-7.162043657e-01,-5.662778743e-01,-0.7903,-141.6678
125.00,125.00,2110000000,-8.729994500e-01,-2.666507601e-01,-0.7923,-163.0151
125.00,125.00,2120000000,-9.088531324e-01,6.855828415e-02,-0.8055,175.6861
125.00,125.00,2130000000,-8.209462495e-01,3.922965280e-01,-0.8205,154.4588
125.00,125.00,2140000000,-6.231278117e-01,6.618423767e-01,-0.8285,133.2743
125.00,125.00,2150000000,-3.417417257e-01,8.422474787e-01,-0.8293,112.0848
125.00,125.00,2160000000,-1.376477776e-02,9.091168512e-01,-0.8266,90.8674
125.00,125.00,2170000000,3.167277583e-01,8.524841688e-01,-0.8247,69.6182
125.00,125.00,2180000000,6.041528594e-01,6.793970345e-01,-0.8271,48.3549
125.00,125.00,2190000000,8.088530843e-01,4.141359871e-01,-0.8315,27.1126
125.00,125.00,2200000000,9.035175357e-01,9.299816310e-02,-0.8355,5.8767
125.00,125.00,2210000000,8.755971475e-01,-2.407952058e-01,-0.8373,-15.3766
125.00,125.00,2220000000,7.285858246e-01,-5.413576832e-01,-0.8412,-36.6133
125.00,125.00,2230000000,4.827884296e-01,-7.678964932e-01,-0.8473,-57.8418
125.00,125.00,2240000000,1.718557433e-01,-8.900093717e-01,-0.8531,-79.0710
125.00,125.00,2250000000,-1.613960493e-01,-8.915980161e-01,-0.8566,-100.2605
125.00,125.00,2260000000,-4.730357648e-01,-7.729200076e-01,-0.8557,-121.4671
125.00,125.00,2270000000,-7.211724558e-01,-5.494666005e-01,-0.8513,-142.6960
125.00,125.00,2280000000,-8.717050603e-01,-2.508310137e-01,-0.8471,-163.9470
125.00,125.00,2290000000,-9.029293087e-01,8.275026500e-02,-0.8506,174.7637
125.00,125.00,2300000000,-8.107698270e-01,4.042344373e-01,-0.8579,153.5000
125.00,125.00,2310000000,-6.088357246e-01,6.694485231e-01,-0.8680,132.2852
125.00,125.00,2320000000,-3.256318109e-01,8.434659508e-01,-0.8753,111.1098
125.00,125.00,2330000000,9.974455960e-04,9.044661454e-01,-0.8721,89.9368
125.00,125.00,2340000000,3.284115600e-01,8.436319345e-01,-0.8641,68.7299
125.00,125.00,2350000000,6.125452226e-01,6.677202124e-01,-0.8562,47.4677
125.00,125.00,2360000000,8.135547942e-01,3.996574836e-01,-0.8534,26.1625
125.00,125.00,2370000000,9.022530958e-01,7.715659364e-02,-0.8618,4.8878
125.00,125.00,2380000000,8.678361141e-01,-2.546104183e-01,-0.8726,-16.3509
125.00,125.00,2390000000,7.164554010e-01,-5.506709978e-01,-0.8802,-37.5460
125.00,125.00,2400000000,4.692342362e-01,-7.722587462e-01,-0.8801,-58.7166
125.00,125.00,2410000000,1.580675761e-01,-8.903961227e-01,-0.8736,-79.9334
125.00,125.00,2420000000,-1.756543719e-01,-8.878522277e-01,-0.8664,-101.1910
125.00,125.00,2430000000,-4.861256136e-01,-7.635729237e-01,-0.8652,-122.4827
125.00,125.00,2440000000,-7.297048228e-01,-5.344547290e-01,-0.8719,-143.7800
125.00,125.00,2450000000,-8.727602849e-01,-2.335563582e-01,-0.8817,-165.0183
125.00,125.00,2460000000,-8.972271623e-01,9.793446892e-02,-0.8905,173.7707
125.00,125.00,2470000000,-8.008544939e-01,4.155513720e-01,-0.8935,152.5759
125.00,125.00,2480000000,-5.966068907e-01,6.773750423e-01,-0.8896,131.3724
125.00,125.00,2490000000,-3.108031567e-01,8.479543325e-01,-0.8851,110.1295
125.00,125.00,2500000000,1.814478039e-02,9.032158320e-01,-0.8824,88.8491
125.00,125.00,2510000000,3.446688619e-01,8.347977365e-01,-0.8848,67.5654
125.00,125.00,2520000000,6.232322016e-01,6.525120328e-01,-0.8927,46.3148
125.00,125.00,2530000000,8.168047736e-01,3.818257683e-01,-0.8993,25.0543
125.00,125.00,2540000000,8.990288053e-01,6.020564414e-02,-0.9051,3.8312
125.00,125.00,2550000000,8.596120366e-01,-2.692364608e-01,-0.9075,-17.3909
125.00,125.00,2560000000,7.034685645e-01,-5.625823591e-01,-0.9078,-38.6502
125.00,125.00,2570000000,4.519398946e-01,-7.790912215e-01,-0.9085,-59.8826
125.00,125.00,2580000000,1.391774156e-01,-8.897353945e-01,-0.9098,-81.1095
125.00,125.00,2590000000,-1.922125664e-01,-8.795548388e-01,-0.9121,-102.3273
125.00,125.00,2600000000,-4.972911793e-01,-7.501154794e-01,-0.9153,-123.5425
125.00,125.00,2610000000,-7.341016972e-01,-5.198679192e-01,-0.9196,-144.6951
125.00,125.00,2620000000,-8.720870737e-01,-2.189958065e-01,-0.9232,-165.9035
125.00,125.00,2630000000,-8.919431218e-01,1.117588292e-01,-0.9256,172.8582
125.00,125.00,2640000000,-7.906294541e-01,4.269536097e-01,-0.9292,151.6302
125.00,125.00,2650000000,-5.821650376e-01,6.842117466e-01,-0.9309,130.3930
125.00,125.00,2660000000,-2.947084558e-01,8.484352032e-01,-0.9329,109.1549
125.00,125.00,2670000000,3.272990136e-02,8.973672482e-01,-0.9348,87.9112
125.00,125.00,2680000000,3.556052657e-01,8.246309629e-01,-0.9341,66.6729
125.00,125.00,2690000000,6.300671049e-01,6.394771855e-01,-0.9371,45.4247
125.00,125.00,2700000000,8.188070747e-01,3.675827941e-01,-0.9390,24.1765
125.00,125.00,2710000000,8.960892315e-01,4.598678715e-02,-0.9416,2.9378
125.00,125.00,2720000000,8.515538458e-01,-2.815253645e-01,-0.9453,-18.2940
125.00,125.00,2730000000,6.915239309e-01,-5.706920721e-01,-0.9480,-39.5317
125.00,125.00,2740000000,4.379396295e-01,-7.820998176e-01,-0.9503,-60.7532
125.00,125.00,2750000000,1.252562465e-01,-8.875607111e-01,-0.9504,-81.9672
125.00,125.00,2760000000,-2.045917135e-01,-8.728643805e-01,-0.9488,-103.1915
125.00,125.00,2770000000,-5.072020260e-01,-7.399494567e-01,-0.9432,-124.4289
125.00,125.00,2780000000,-7.413878467e-01,-5.057370103e-01,-0.9397,-145.7002
125.00,125.00,2790000000,-8.743231801e-01,-2.018553479e-01,-0.9410,-166.9999
125.00,125.00,2800000000,-8.873146904e-01,1.292613491e-01,-0.9472,171.7116
125.00,125.00,2810000000,-7.789521164e-01,4.413956928e-01,-0.9604,150.4618
125.00,125.00,2820000000,-5.660230431e-01,6.923027954e-01,-0.9709,129.2692
125.00,125.00,2830000000,-2.780693221e-01,8.497156433e-01,-0.9727,108.1207
125.00,125.00,2840000000,4.752734025e-02,8.935189095e-01,-0.9657,86.9552
125.00,125.00,2850000000,3.688797219e-01,8.170752154e-01,-0.9491,65.7026
125.00,125.00,2860000000,6.415202277e-01,6.274650838e-01,-0.9406,44.3654
125.00,125.00,2870000000,8.254438619e-01,3.502412384e-01,-0.9473,22.9918
125.00,125.00,2880000000,8.941211653e-01,2.600786523e-02,-0.9684,1.6661
125.00,125.00,2890000000,8.404324368e-01,-2.981601555e-01,-0.9951,-19.5332
125.00,125.00,2900000000,6.756221327e-01,-5.796269128e-01,-1.0104,-40.6268
125.00,125.00,2910000000,4.222927657e-01,-7.844012569e-01,-1.0039,-61.7036
125.00,125.00,2920000000,1.109562349e-01,-8.863957461e-01,-0.9799,-82.8650
125.00,125.00,2930000000,-2.197953492e-01,-8.682600358e-01,-0.9573,-104.2057
125.00,125.00,2940000000,-5.223415906e-01,-7.280939059e-01,-0.9531,-125.6560
125.00,125.00,2950000000,-7.500452968e-01,-4.856733232e-01,-0.9775,-147.0759
125.00,125.00,2960000000,-8.709957274e-01,-1.797159193e-01,-1.0186,-168.3416
125.00,125.00,2970000000,-8.741036578e-01,1.448865608e-01,-1.0510,170.5885
125.00,125.00,2980000000,-7.636730611e-01,4.477440011e-01,-1.0587,149.6168
125.00,125.00,2990000000,-5.535905912e-01,6.938822561e-01,-1.0351,128.5834
125.00,125.00,3000000000,-2.660863996e-01,8.510267487e-01,-0.9961,107.3626
130.00,130.00,2000000000,2.997480253e-01,8.582781645e-01,-0.8276,70.7486
130.00,130.00,2010000000,5.897578157e-01,6.947741898e-01,-0.8065,49.6738
130.00,130.00,2020000000,8.043130205e-01,4.354598994e-01,-0.7751,28.4314
130.00,130.00,2030000000,9.096502094e-01,1.121878785e-01,-0.7570,7.0308
130.00,130.00,2040000000,8.870346619e-01,-2.277913072e-01,-0.7638,-14.4024
130.00,130.00,2050000000,7.412612631e-01,-5.332795635e-01,-0.7891,-35.7321
130.00,130.00,2060000000,4.969445378e-01,-7.628328239e-01,-0.8151,-56.9179
130.00,130.00,2070000000,1.888174905e-01,-8.895257613e-01,-0.8254,-78.0158
130.00,130.00,2080000000,-1.445447245e-01,-8.985735503e-01,-0.8180,-99.1383
130.00,130.00,2090000000,-4.608188135e-01,-7.868427076e-01,-0.8015,-120.3556
130.00,130.00,2100000000,-7.162420598e-01,-5.662647022e-01,-0.7901,-141.6699
130.00,130.00,2110000000,-8.729595192e-01,-2.666487366e-01,-0.7927,-163.0145
130.00,130.00,2120000000,-9.089016132e-01,6.855989128e-02,-0.8050,175.6863
130.00,130.00,2130000000,-8.209755444e-01,3.923103343e-01,-0.8202,154.4588
130.00,130.00,2140000000,-6.231131497e-01,6.617904595e-01,-0.8290,133.2758
130.00,130.00,2150000000,-3.417606846e-01,8.421710681e-01,-0.8299,112.0878
130.00,130.00,2160000000,-1.376110252e-02,9.090678736e-01,-0.8271,90.8673
130.00,130.00,2170000000,3.167315749e-01,8.524413659e-01,-0.8251,69.6170
130.00,130.00,2180000000,6.041339488e-01,6.794101583e-01,-0.8272,48.3564
130.00,130.00,2190000000,8.088608476e-01,4.141231333e-01,-0.8315,27.1117
130.00,130.00,2200000000,9.035199179e-01,9.300071800e-02,-0.8355,5.8768
130.00,130.00,2210000000,8.755624956e-01,-2.408031783e-01,-0.8376,-15.3777
130.00,130.00,2220000000,7.285518595e-01,-5.413302918e-01,-0.8416,-36.6132
130.00,130.00,2230000000,4.828018743e-01,-7.678864122e-01,-0.8473,-57.8407
130.00,130.00,2240000000,1.718640959e-01,-8.900322678e-01,-0.8529,-79.0708
130.00,130.00,2250000000,-1.614170784e-01,-8.916070190e-01,-0.8565,-100.2617
130.00,130.00,2260000000,-4.730161672e-01,-7.729178918e-01,-0.8558,-121.4661
130.00,130.00,2270000000,-7.211455170e-01,-5.494499577e-01,-0.8516,-142.6958
130.00,130.00,2280000000,-8.717087578e-01,-2.508507124e-01,-0.8470,-163.9458
130.00,130.00,2290000000,-9.029623730e-01,8.279019131e-02,-0.8503,174.7614
130.00,130.00,2300000000,-8.107630854e-01,4.042293377e-01,-0.8580,153.5001
130.00,130.00,2310000000,-6.088210183e-01,6.694146487e-01,-0.8683,132.2860
130.00,130.00,2320000000,-3.255941601e-01,8.434456198e-01,-0.8756,111.1080
130.00,130.00,2330000000,9.713586784e-04,9.044734811e-01,-0.8721,89.9385
130.00,130.00,2340000000,3.284195151e-01,8.436486603e-01,-0.8640,68.7298
130.00,130.00,2350000000,6.125426611e-01,6.677131758e-01,-0.8563,47.4675
130.00,130.00,2360000000,8.135383347e-01,3.996402033e-01,-0.8536,26.1620
130.00,130.00,2370000000,9.022346679e-01,7.716524470e-02,-0.8620,4.8884
130.00,130.00,2380000000,8.678420023e-01,-2.545973899e-01,-0.8726,-16.3500
130.00,130.00,2390000000,7.164948630e-01,-5.506820669e-01,-0.8798,-37.5451
130.00,130.00,2400000000,4.692504921e-01,-7.722544509e-01,-0.8801,-58.7156
130.00,130.00,2410000000,1.580573737e-01,-8.904138629e-01,-0.8734,-79.9343
130.00,130.00,2420000000,-1.756578097e-01,-8.878653360e-01,-0.8663,-101.1910
130.00,130.00,2430000000,-4.861496272e-01,-7.635716321e-01,-0.8651,-122.4840
130.00,130.00,2440000000,-7.297284771e-01,-5.344572910e-01,-0.8717,-143.7807
130.00,130.00,2450000000,-8.727868200e-01,-2.335738069e-01,-0.8814,-165.0177
130.00,130.00,2460000000,-8.972297082e-01,9.790865592e-02,-0.8905,173.7723
130.00,130.00,2470000000,-8.008366182e-01,4.155603594e-01,-0.8936,152.5748
130.00,130.00,2480000000,-5.966405888e-01,6.774099362e-01,-0.8891,131.3725
130.00,130.00,2490000000,-3.108069630e-01,8.479636826e-01,-0.8850,110.1296
130.00,130.00,2500000000,1.814206858e-02,9.032186399e-01,-0.8824,88.8493
130.00,130.00,2510000000,3.446552867e-01,8.347569567e-01,-0.8852,67.5652
130.00,130.00,2520000000,6.232497681e-01,6.525300163e-01,-0.8925,46.3148
130.00,130.00,2530000000,8.167969147e-01,3.818256010e-01,-0.8994,25.0545
130.00,130.00,2540000000,8.989901906e-01,6.024220641e-02,-0.9054,3.8337
130.00,130.00,2550000000,8.595846749e-01,-2.692249206e-01,-0.9078,-17.3907
130.00,130.00,2560000000,7.035274799e-01,-5.625756522e-01,-0.9074,-38.6476
130.00,130.00,2570000000,4.519439040e-01,-7.791039697e-01,-0.9084,-59.8828
130.00,130.00,2580000000,1.391380698e-01,-8.897713926e-01,-0.9095,-81.1123
130.00,130.00,2590000000,-1.922178793e-01,-8.795770021e-01,-0.9119,-102.3273
130.00,130.00,2600000000,-4.972705739e-01,-7.500993587e-01,-0.9155,-123.5420
130.00,130.00,2610000000,-7.340876765e-01,-5.198929745e-01,-0.9196,-144.6932
130.00,130.00,2620000000,-8.721288417e-01,-2.190302296e-01,-0.9228,-165.9021
130.00,130.00,2630000000,-8.919425538e-01,1.117614827e-01,-0.9256,172.8580
130.00,130.00,2640000000,-7.905885449e-01,4.269315713e-01,-0.9296,151.6302
130.00,130.00,2650000000,-5.821758440e-01,6.842058758e-01,-0.9309,130.3937
130.00,130.00,2660000000,-2.946655218e-01,8.483940857e-01,-0.9334,109.1532
130.00,130.00,2670000000,3.271645580e-02,8.973797492e-01,-0.9347,87.9120
130.00,130.00,2680000000,3.556342160e-01,8.246103943e-01,-0.9342,66.6706
130.00,130.00,2690000000,6.300396237e-01,6.394584638e-01,-0.9374,45.4251
130.00,130.00,2700000000,8.188013097e-01,3.675859062e-01,-0.9390,24.1768
130.00,130.00,2710000000,8.961001995e-01,4.599697238e-02,-0.9414,2.9384
130.00,130.00,2720000000,8.515884196e-01,-2.815395428e-01,-0.9449,-18.2942
130.00,130.00,2730000000,6.915209158e-01,-5.706783929e-01,-0.9481,-39.5312
130.00,130.00,2740000000,4.379772332e-01,-7.821286218e-01,-0.9499,-60.7520
130.00,130.00,2750000000,1.252872310e-01,-8.875644719e-01,-0.9503,-81.9653
130.00,130.00,2760000000,-2.046442666e-01,-8.728761372e-01,-0.9486,-103.1946
130.00,130.00,2770000000,-5.071661778e-01,-7.399962783e-01,-0.9431,-124.4253
130.00,130.00,2780000000,-7.414220349e-01,-5.057281168e-01,-0.9395,-145.7019
130.00,130.00,2790000000,-8.743975261e-01,-2.018887876e-01,-0.9403,-166.9989
130.00,130.00,2800000000,-8.873313645e-01,1.292828944e-01,-0.9471,171.7104
130.00,130.00,2810000000,-7.789466448e-01,4.413677501e-01,-0.9606,150.4632
130.00,130.00,2820000000,-5.660399656e-01,6.922986880e-01,-0.9708,129.2703
130.00,130.00,2830000000,-2.780509734e-01,8.497396279e-01,-0.9725,108.1191
130.00,130.00,2840000000,4.753194052e-02,8.935023731e-01,-0.9658,86.9549
130.00,130.00,2850000000,3.688600155e-01,8.170069334e-01,-0.9498,65.7019
130.00,130.00,2860000000,6.415078471e-01,6.274370109e-01,-0.9409,44.3647
130.00,130.00,2870000000,8.254408089e-01,3.502235336e-01,-0.9474,22.9909
130.00,130.00,2880000000,8.941591566e-01,2.601699064e-02,-0.9680,1.6666
130.00,130.00,2890000000,8.404321640e-01,-2.981279151e-01,-0.9952,-19.5312
130.00,130.00,2900000000,6.756029694e-01,-5.796024077e-01,-1.0107,-40.6264
130.00,130.00,2910000000,4.222714630e-01,-7.843520131e-01,-1.0044,-61.7033
130.00,130.00,2920000000,1.109813897e-01,-8.863470085e-01,-0.9804,-82.8630
130.00,130.00,2930000000,-2.197923494e-01,-8.682565299e-01,-0.9573,-104.2056
130.00,130.00,2940000000,-5.223139915e-01,-7.280650387e-01,-0.9534,-125.6557
130.00,130.00,2950000000,-7.500397255e-01,-4.856998116e-01,-0.9774,-147.0743
130.00,130.00,2960000000,-8.710189879e-01,-1.797561400e-01,-1.0183,-168.3393
130.00,130.00,2970000000,-8.740663724e-01,1.448928103e-01,-1.0514,170.5877
130.00,130.00,2980000000,-7.636951044e-01,4.477038570e-01,-1.0587,149.6197
130.00,130.00,2990000000,-5.535896207e-01,6.938053950e-01,-1.0357,128.5865
130.00,130.00,3000000000,-2.660978011e-01,8.509873984e-01,-0.9964,107.3641
135.00,135.00,2000000000,2.997829546e-01,8.582419226e-01,-0.8278,70.7457
135.00,135.00,2010000000,5.897423301e-01,6.947761938e-01,-0.8066,49.6746
135.00,135.00,2020000000,8.043184849e-01,4.354615953e-01,-0.7751,28.4313
135.00,135.00,2030000000,9.096709463e-01,1.121751076e-01,-0.7568,7.0299
135.00,135.00,2040000000,8.870079139e-01,-2.277871862e-01,-0.7641,-14.4026
135.00,135.00,2050000000,7.412659357e-01,-5.332661764e-01,-0.7891,-35.7312
135.00,135.00,2060000000,4.969851671e-01,-7.628262605e-01,-0.8150,-56.9156
135.00,135.00,2070000000,1.888123266e-01,-8.895244541e-01,-0.8254,-78.0161
135.00,135.00,2080000000,-1.445676766e-01,-8.986289044e-01,-0.8174,-99.1392
135.00,135.00,2090000000,-4.608618206e-01,-7.868433569e-01,-0.8013,-120.3579
135.00,135.00,2100000000,-7.162265781e-01,-5.662175855e-01,-0.7905,-141.6716
135.00,135.00,2110000000,-8.729782927e-01,-2.666089192e-01,-0.7927,-163.0172
135.00,135.00,2120000000,-9.088844288e-01,6.856643261e-02,-0.8052,175.6858
135.00,135.00,2130000000,-8.209616914e-01,3.923758262e-01,-0.8200,154.4547
135.00,135.00,2140000000,-6.231177949e-01,6.618196742e-01,-0.8287,133.2748
135.00,135.00,2150000000,-3.417654999e-01,8.422030616e-01,-0.8296,112.0873
135.00,135.00,2160000000,-1.377164536e-02,9.090833633e-01,-0.8269,90.8679
135.00,135.00,2170000000,3.167504248e-01,8.524778674e-01,-0.8247,69.6167
135.00,135.00,2180000000,6.041466426e-01,6.794213090e-01,-0.8270,48.3563
135.00,135.00,2190000000,8.088977086e-01,4.140944709e-01,-0.8313,27.1090
135.00,135.00,2200000000,9.034863427e-01,9.300401367e-02,-0.8358,5.8773
135.00,135.00,2210000000,8.755833663e-01,-2.408614325e-01,-0.8372,-15.3809
135.00,135.00,2220000000,7.285827008e-01,-5.413877716e-01,-0.8411,-36.6149
135.00,135.00,2230000000,4.828260557e-01,-7.679130747e-01,-0.8470,-57.8403
135.00,135.00,2240000000,1.718545856e-01,-8.900684726e-01,-0.8526,-79.0718
135.00,135.00,2250000000,-1.613991886e-01,-8.916244842e-01,-0.8563,-100.2604
135.00,135.00,2260000000,-4.730275341e-01,-7.729046535e-01,-0.8558,-121.4672
135.00,135.00,2270000000,-7.211550069e-01,-5.494625034e-01,-0.8514,-142.6955
135.00,135.00,2280000000,-8.717017306e-01,-2.508381987e-01,-0.8471,-163.9465
135.00,135.00,2290000000,-9.029445837e-01,8.281002057e-02,-0.8504,174.7600
135.00,135.00,2300000000,-8.107437710e-01,4.042070923e-01,-0.8582,153.5008
135.00,135.00,2310000000,-6.087956194e-01,6.694334885e-01,-0.8684,132.2840
135.00,135.00,2320000000,-3.255878078e-01,8.434502804e-01,-0.8756,111.1075
135.00,135.00,2330000000,9.928283859e-04,9.044650404e-01,-0.8722,89.9371
135.00,135.00,2340000000,3.284211378e-01,8.436318209e-01,-0.8641,68.7293
135.00,135.00,2350000000,6.125498853e-01,6.676679535e-01,-0.8566,47.4653
135.00,135.00,2360000000,8.135712027e-01,3.996236511e-01,-0.8534,26.1601
135.00,135.00,2370000000,9.022652298e-01,7.719142097e-02,-0.8616,4.8899
135.00,135.00,2380000000,8.678650927e-01,-2.546187515e-01,-0.8724,-16.3509
135.00,135.00,2390000000,7.164901437e-01,-5.506720184e-01,-0.8799,-37.5448
135.00,135.00,2400000000,4.692488630e-01,-7.722393576e-01,-0.8802,-58.7152
135.00,135.00,2410000000,1.580633315e-01,-8.903847969e-01,-0.8737,-79.9336
135.00,135.00,2420000000,-1.756898125e-01,-8.878669485e-01,-0.8662,-101.1930
135.00,135.00,2430000000,-4.861209338e-01,-7.635819070e-01,-0.8652,-122.4821
135.00,135.00,2440000000,-7.297446616e-01,-5.344464487e-01,-0.8716,-143.7819
135.00,135.00,2450000000,-8.727949059e-01,-2.335664519e-01,-0.8814,-165.0183
135.00,135.00,2460000000,-8.972080328e-01,9.792690283e-02,-0.8907,173.7710
135.00,135.00,2470000000,-8.008704099e-01,4.155753000e-01,-0.8932,152.5750
135.00,135.00,2480000000,-5.966248765e-01,6.774268626e-01,-0.8891,131.3711
135.00,135.00,2490000000,-3.107767336e-01,8.479746979e-01,-0.8850,110.1275
135.00,135.00,2500000000,1.814207389e-02,9.032172793e-01,-0.8824,88.8493
135.00,135.00,2510000000,3.446607897e-01,8.348005033e-01,-0.8848,67.5659
135.00,135.00,2520000000,6.232363625e-01,6.525204112e-01,-0.8927,46.3150
135.00,135.00,2530000000,8.167975885e-01,3.818185371e-01,-0.8994,25.0541
135.00,135.00,2540000000,8.990340527e-01,6.020097053e-02,-0.9050,3.8309
135.00,135.00,2550000000,8.596140164e-01,-2.692495978e-01,-0.9075,-17.3917
135.00,135.00,2560000000,7.034989479e-01,-5.625913846e-01,-0.9075,-38.6495
135.00,135.00,2570000000,4.519408479e-01,-7.790921641e-01,-0.9085,-59.8826
135.00,135.00,2580000000,1.391416269e-01,-8.897495432e-01,-0.9097,-81.1119
135.00,135.00,2590000000,-1.922072371e-01,-8.795661483e-01,-0.9120,-102.3268
135.00,135.00,2600000000,-4.973181573e-01,-7.501477407e-01,-0.9149,-123.5428
135.00,135.00,2610000000,-7.340579349e-01,-5.198838920e-01,-0.9199,-144.6926
135.00,135.00,2620000000,-8.721703601e-01,-2.190235187e-01,-0.9224,-165.9031
135.00,135.00,2630000000,-8.919538739e-01,1.117224276e-01,-0.9255,172.8606
135.00,135.00,2640000000,-7.906286437e-01,4.269584558e-01,-0.9292,151.6299
135.00,135.00,2650000000,-5.822179760e-01,6.842354549e-01,-0.9304,130.3946
135.00,135.00,2660000000,-2.946850948e-01,8.484182405e-01,-0.9331,109.1539
135.00,135.00,2670000000,3.266430837e-02,8.973963915e-01,-0.9346,87.9154
135.00,135.00,2680000000,3.556172841e-01,8.246421213e-01,-0.9340,66.6724
135.00,135.00,2690000000,6.300384833e-01,6.394861935e-01,-0.9372,45.4264
135.00,135.00,2700000000,8.188326249e-01,3.676352920e-01,-0.9386,24.1789
135.00,135.00,2710000000,8.961161038e-01,4.595586490e-02,-0.9413,2.9357
135.00,135.00,2720000000,8.515626569e-01,-2.815790224e-01,-0.9450,-18.2971
135.00,135.00,2730000000,6.915090702e-01,-5.706876521e-01,-0.9481,-39.5321
135.00,135.00,2740000000,4.379738059e-01,-7.821156855e-01,-0.9500,-60.7518
135.00,135.00,2750000000,1.252699974e-01,-8.875563111e-01,-0.9504,-81.9663
135.00,135.00,2760000000,-2.046372124e-01,-8.728526499e-01,-0.9488,-103.1945
135.00,135.00,2770000000,-5.071938930e-01,-7.399968481e-01,-0.9429,-124.4267
135.00,135.00,2780000000,-7.413988589e-01,-5.057185416e-01,-0.9398,-145.7016
135.00,135.00,2790000000,-8.743637432e-01,-2.018760881e-01,-0.9406,-166.9992
135.00,135.00,2800000000,-8.873018466e-01,1.292751738e-01,-0.9473,171.7106
135.00,135.00,2810000000,-7.789247415e-01,4.414246408e-01,-0.9605,150.4593
135.00,135.00,2820000000,-5.660260571e-01,6.922998008e-01,-0.9709,129.2695
135.00,135.00,2830000000,-2.780532819e-01,8.497302687e-01,-0.9726,108.1194
135.00,135.00,2840000000,4.752134954e-02,8.935732114e-01,-0.9651,86.9558
135.00,135.00,2850000000,3.688495909e-01,8.170026198e-01,-0.9499,65.7024
135.00,135.00,2860000000,6.415519994e-01,6.274929677e-01,-0.9402,44.3653
135.00,135.00,2870000000,8.254640520e-01,3.502373209e-01,-0.9471,22.9911
135.00,135.00,2880000000,8.941192285e-01,2.598766559e-02,-0.9684,1.6648
135.00,135.00,2890000000,8.404802816e-01,-2.981649053e-01,-0.9946,-19.5324
135.00,135.00,2900000000,6.756309642e-01,-5.796947664e-01,-1.0099,-40.6298
135.00,135.00,2910000000,4.223480922e-01,-7.843749289e-01,-1.0039,-61.6997
135.00,135.00,2920000000,1.110020208e-01,-8.864081035e-01,-0.9797,-82.8622
135.00,135.00,2930000000,-2.197921078e-01,-8.682505582e-01,-0.9573,-104.2056
135.00,135.00,2940000000,-5.223661965e-01,-7.281055225e-01,-0.9528,-125.6569
135.00,135.00,2950000000,-7.500902069e-01,-4.857267858e-01,-0.9769,-147.0746
135.00,135.00,2960000000,-8.710413559e-01,-1.797387285e-01,-1.0181,-168.3407
135.00,135.00,2970000000,-8.741168917e-01,1.448776780e-01,-1.0509,170.5892
135.00,135.00,2980000000,-7.636854227e-01,4.477337069e-01,-1.0586,149.6177
135.00,135.00,2990000000,-5.536233939e-01,6.938085082e-01,-1.0355,128.5881
135.00,135.00,3000000000,-2.660763473e-01,8.509912565e-01,-0.9964,107.3627
140.00,140.00,2000000000,2.997620373e-01,8.583055426e-01,-0.8273,70.7483
140.00,140.00,2010000000,5.897996674e-01,6.948411525e-01,-0.8057,49.6745
140.00,140.00,2020000000,8.043597715e-01,4.355122122e-01,-0.7745,28.4329
140.00,140.00,2030000000,9.097370052e-01,1.121845138e-01,-0.7561,7.0300
140.00,140.00,2040000000,8.871116528e-01,-2.278072019e-01,-0.7631,-14.4022
140.00,140.00,2050000000,7.413215404e-01,-5.333379612e-01,-0.7883,-35.7328
140.00,140.00,2060000000,4.969588502e-01,-7.628782564e-01,-0.8147,-56.9187
140.00,140.00,2070000000,1.887787857e-01,-8.895903664e-01,-0.8249,-78.0191
140.00,140.00,2080000000,-1.445299262e-01,-8.986611160e-01,-0.8172,-99.1365
140.00,140.00,2090000000,-4.608433434e-01,-7.868982746e-01,-0.8009,-120.3552
140.00,140.00,2100000000,-7.163277078e-01,-5.662859809e-01,-0.7894,-141.6722
140.00,140.00,2110000000,-8.730389017e-01,-2.666725516e-01,-0.7919,-163.0145
140.00,140.00,2120000000,-9.089497854e-01,6.854692845e-02,-0.8046,175.6873
140.00,140.00,2130000000,-8.210414575e-01,3.923836532e-01,-0.8193,154.4564
140.00,140.00,2140000000,-6.231647361e-01,6.618620445e-01,-0.8281,133.2751
140.00,140.00,2150000000,-3.417693051e-01,8.422806934e-01,-0.8289,112.0857
140.00,140.00,2160000000,-1.377689801e-02,9.091705850e-01,-0.8261,90.8682
140.00,140.00,2170000000,3.167636840e-01,8.524988158e-01,-0.8245,69.6164
140.00,140.00,2180000000,6.041607424e-01,6.794705615e-01,-0.8266,48.3577
140.00,140.00,2190000000,8.089518688e-01,4.141209468e-01,-0.8307,27.1089
140.00,140.00,2200000000,9.035364355e-01,9.298000006e-02,-0.8353,5.8754
140.00,140.00,2210000000,8.756367605e-01,-2.408136412e-01,-0.8369,-15.3771
140.00,140.00,2220000000,7.286386697e-01,-5.413653895e-01,-0.8408,-36.6117
140.00,140.00,2230000000,4.828392321e-01,-7.679720582e-01,-0.8465,-57.8416
140.00,140.00,2240000000,1.718800243e-01,-8.901137425e-01,-0.8521,-79.0708
140.00,140.00,2250000000,-1.613851711e-01,-8.916501249e-01,-0.8561,-100.2592
140.00,140.00,2260000000,-4.730414926e-01,-7.730165928e-01,-0.8549,-121.4642
140.00,140.00,2270000000,-7.212254509e-01,-5.494931180e-01,-0.8507,-142.6967
140.00,140.00,2280000000,-8.717535592e-01,-2.508779221e-01,-0.8466,-163.9450
140.00,140.00,2290000000,-9.030172593e-01,8.277109644e-02,-0.8497,174.7629
140.00,140.00,2300000000,-8.107817825e-01,4.042678452e-01,-0.8576,153.4985
140.00,140.00,2310000000,-6.088931362e-01,6.694848008e-01,-0.8674,132.2864
140.00,140.00,2320000000,-3.255942873e-01,8.435383643e-01,-0.8748,111.1059
140.00,140.00,2330000000,9.717642391e-04,9.045394878e-01,-0.8714,89.9384
140.00,140.00,2340000000,3.283964241e-01,8.437122127e-01,-0.8635,68.7326
140.00,140.00,2350000000,6.125576803e-01,6.677167541e-01,-0.8562,47.4670
140.00,140.00,2360000000,8.136033148e-01,3.996687750e-01,-0.8529,26.1618
140.00,140.00,2370000000,9.022768853e-01,7.722418809e-02,-0.8615,4.8919
140.00,140.00,2380000000,8.678910510e-01,-2.546366770e-01,-0.8721,-16.3515
140.00,140.00,2390000000,7.164719185e-01,-5.507037044e-01,-0.8799,-37.5471
140.00,140.00,2400000000,4.692482216e-01,-7.722674721e-01,-0.8800,-58.7161
140.00,140.00,2410000000,1.580629477e-01,-8.905199366e-01,-0.8724,-79.9351
140.00,140.00,2420000000,-1.756558739e-01,-8.879263685e-01,-0.8657,-101.1902
140.00,140.00,2430000000,-4.861470656e-01,-7.636355710e-01,-0.8646,-122.4817
140.00,140.00,2440000000,-7.297562848e-01,-5.344804560e-01,-0.8713,-143.7806
140.00,140.00,2450000000,-8.728435816e-01,-2.335959550e-01,-0.8808,-165.0173
140.00,140.00,2460000000,-8.972890805e-01,9.791420095e-02,-0.8899,173.7724
140.00,140.00,2470000000,-8.008784000e-01,4.155872508e-01,-0.8931,152.5746
140.00,140.00,2480000000,-5.966712966e-01,6.774523709e-01,-0.8886,131.3722
140.00,140.00,2490000000,-3.108312945e-01,8.479957480e-01,-0.8846,110.1303
140.00,140.00,2500000000,1.817438164e-02,9.032745212e-01,-0.8818,88.8473
140.00,140.00,2510000000,3.446649355e-01,8.348650675e-01,-0.8842,67.5673
140.00,140.00,2520000000,6.232859790e-01,6.525787709e-01,-0.8919,46.3152
140.00,140.00,2530000000,8.168459077e-01,3.818679841e-01,-0.8988,25.0557
140.00,140.00,2540000000,8.991195983e-01,6.021441397e-02,-0.9042,3.8314
140.00,140.00,2550000000,8.596401022e-01,-2.692198136e-01,-0.9073,-17.3894
140.00,140.00,2560000000,7.034948575e-01,-5.626405698e-01,-0.9073,-38.6521
140.00,140.00,2570000000,4.519710716e-01,-7.791423087e-01,-0.9080,-59.8825
140.00,140.00,2580000000,1.391612794e-01,-8.898247563e-01,-0.9090,-81.1114
140.00,140.00,2590000000,-1.922280311e-01,-8.796424634e-01,-0.9113,-102.3270
140.00,140.00,2600000000,-4.972826506e-01,-7.501700558e-01,-0.9149,-123.5401
140.00,140.00,2610000000,-7.341325146e-01,-5.199375048e-01,-0.9190,-144.6926
140.00,140.00,2620000000,-8.721963271e-01,-2.190268955e-01,-0.9221,-165.9033
140.00,140.00,2630000000,-8.920221156e-01,1.117703581e-01,-0.9248,172.8581
140.00,140.00,2640000000,-7.906588434e-01,4.269816869e-01,-0.9288,151.6295
140.00,140.00,2650000000,-5.822441136e-01,6.842623651e-01,-0.9301,130.3947
140.00,140.00,2660000000,-2.947615191e-01,8.484809222e-01,-0.9323,109.1572
140.00,140.00,2670000000,3.271577730e-02,8.974326679e-01,-0.9342,87.9122
140.00,140.00,2680000000,3.556316497e-01,8.246602344e-01,-0.9337,66.6721
140.00,140.00,2690000000,6.301165011e-01,6.395312028e-01,-0.9364,45.4249
140.00,140.00,2700000000,8.188701954e-01,3.676181314e-01,-0.9383,24.1769
140.00,140.00,2710000000,8.961754403e-01,4.596350123e-02,-0.9407,2.9360
140.00,140.00,2720000000,8.516476943e-01,-2.815828298e-01,-0.9442,-18.2956
140.00,140.00,2730000000,6.915777037e-01,-5.707475735e-01,-0.9473,-39.5323
140.00,140.00,2740000000,4.379915538e-01,-7.821614095e-01,-0.9495,-60.7522
140.00,140.00,2750000000,1.252599367e-01,-8.876628964e-01,-0.9494,-81.9679
140.00,140.00,2760000000,-2.046351738e-01,-8.729370779e-01,-0.9480,-103.1931
140.00,140.00,2770000000,-5.072315472e-01,-7.400703613e-01,-0.9421,-124.4261
140.00,140.00,2780000000,-7.414541489e-01,-5.058231598e-01,-0.9387,-145.6980
140.00,140.00,2790000000,-8.744212812e-01,-2.019175704e-01,-0.9400,-166.9974
140.00,140.00,2800000000,-8.874217451e-01,1.293096744e-01,-0.9462,171.7096
140.00,140.00,2810000000,-7.790409027e-01,4.414486141e-01,-0.9594,150.4617
140.00,140.00,2820000000,-5.660795050e-01,6.923851749e-01,-0.9700,129.2687
140.00,140.00,2830000000,-2.780134758e-01,8.497652673e-01,-0.9724,108.1163
140.00,140.00,2840000000,4.755304112e-02,8.936381796e-01,-0.9645,86.9540
140.00,140.00,2850000000,3.688819547e-01,8.171163901e-01,-0.9488,65.7035
140.00,140.00,2860000000,6.415758382e-01,6.275506385e-01,-0.9397,44.3668
140.00,140.00,2870000000,8.255663940e-01,3.502675775e-01,-0.9461,22.9903
140.00,140.00,2880000000,8.942414133e-01,2.598132672e-02,-0.9672,1.6642
140.00,140.00,2890000000,8.405759900e-01,-2.982050610e-01,-0.9936,-19.5328
140.00,140.00,2900000000,6.757049944e-01,-5.796901411e-01,-1.0094,-40.6264
140.00,140.00,2910000000,4.223848798e-01,-7.844580075e-01,-1.0030,-61.7001
140.00,140.00,2920000000,1.109893160e-01,-8.864588626e-01,-0.9793,-82.8634
140.00,140.00,2930000000,-2.197763543e-01,-8.683643804e-01,-0.9563,-104.2029
140.00,140.00,2940000000,-5.223947688e-01,-7.281267500e-01,-0.9525,-125.6576
140.00,140.00,2950000000,-7.501557142e-01,-4.857707085e-01,-0.9761,-147.0745
140.00,140.00,2960000000,-8.711147396e-01,-1.797499160e-01,-1.0174,-168.3410
140.00,140.00,2970000000,-8.742032562e-01,1.448975074e-01,-1.0500,170.5889
140.00,140.00,2980000000,-7.637627047e-01,4.477792482e-01,-1.0577,149.6177
140.00,140.00,2990000000,-5.536621695e-01,6.939212931e-01,-1.0344,128.5855
140.00,140.00,3000000000,-2.661352981e-01,8.510874423e-01,-0.9954,107.3645
145.00,145.00,2000000000,2.997477487e-01,8.582982906e-01,-0.8274,70.7490
145.00,145.00,2010000000,5.897872339e-01,6.948205553e-01,-0.8060,49.6743
145.00,145.00,2020000000,8.043395792e-01,4.354723693e-01,-0.7748,28.4313
145.00,145.00,2030000000,9.097070896e-01,1.121643915e-01,-0.7564,7.0289
145.00,145.00,2040000000,8.870556367e-01,-2.277886002e-01,-0.7636,-14.4019
145.00,145.00,2050000000,7.413095325e-01,-5.332996006e-01,-0.7886,-35.7313
145.00,145.00,2060000000,4.969528633e-01,-7.628924304e-01,-0.8146,-56.9195
145.00,145.00,2070000000,1.887820046e-01,-8.895211530e-01,-0.8255,-78.0180
145.00,145.00,2080000000,-1.445568939e-01,-8.986173982e-01,-0.8175,-99.1386
145.00,145.00,2090000000,-4.608638361e-01,-7.868885431e-01,-0.8009,-120.3566
145.00,145.00,2100000000,-7.162704211e-01,-5.662893953e-01,-0.7898,-141.6698
145.00,145.00,2110000000,-8.730301325e-01,-2.666604796e-01,-0.7920,-163.0151
145.00,145.00,2120000000,-9.089024864e-01,6.855085993e-02,-0.8050,175.6868
145.00,145.00,2130000000,-8.210087892e-01,3.923672940e-01,-0.8197,154.4565
145.00,145.00,2140000000,-6.231426131e-01,6.618560135e-01,-0.8283,133.2744
145.00,145.00,2150000000,-3.418293942e-01,8.422565351e-01,-0.8289,112.0897
145.00,145.00,2160000000,-1.378219729e-02,9.091708522e-01,-0.8261,90.8685
145.00,145.00,2170000000,3.167542407e-01,8.525178666e-01,-0.8243,69.6174
145.00,145.00,2180000000,6.041373088e-01,6.794869985e-01,-0.8266,48.3594
145.00,145.00,2190000000,8.089305698e-01,4.141424038e-01,-0.8308,27.1108
145.00,145.00,2200000000,9.035413046e-01,9.300806782e-02,-0.8353,5.8772
145.00,145.00,2210000000,8.756246091e-01,-2.408115046e-01,-0.8370,-15.3771
145.00,145.00,2220000000,7.286061639e-01,-5.413694321e-01,-0.8410,-36.6131
145.00,145.00,2230000000,4.828250474e-01,-7.679257046e-01,-0.8469,-57.8408
145.00,145.00,2240000000,1.718630684e-01,-8.900904877e-01,-0.8523,-79.0715
145.00,145.00,2250000000,-1.613992868e-01,-8.916716886e-01,-0.8559,-100.2599
145.00,145.00,2260000000,-4.730542475e-01,-7.729569200e-01,-0.8553,-121.4669
145.00,145.00,2270000000,-7.211913419e-01,-5.495187266e-01,-0.8508,-142.6941
145.00,145.00,2280000000,-8.717728911e-01,-2.508726666e-01,-0.8464,-163.9456
145.00,145.00,2290000000,-9.030351173e-01,8.277643897e-02,-0.8496,174.7626
145.00,145.00,2300000000,-8.108172362e-01,4.042255239e-01,-0.8575,153.5019
145.00,145.00,2310000000,-6.088875424e-01,6.694372200e-01,-0.8677,132.2881
145.00,145.00,2320000000,-3.255963948e-01,8.435013632e-01,-0.8751,111.1069
145.00,145.00,2330000000,9.789127137e-04,9.045037780e-01,-0.8718,89.9380
145.00,145.00,2340000000,3.284091751e-01,8.436502858e-01,-0.8640,68.7304
145.00,145.00,2350000000,6.125798660e-01,6.677196314e-01,-0.8560,47.4661
145.00,145.00,2360000000,8.136243324e-01,3.996734870e-01,-0.8527,26.1615
145.00,145.00,2370000000,9.023066211e-01,7.719957836e-02,-0.8612,4.8902
145.00,145.00,2380000000,8.678783128e-01,-2.546260962e-01,-0.8722,-16.3511
145.00,145.00,2390000000,7.165156195e-01,-5.507420285e-01,-0.8793,-37.5473
145.00,145.00,2400000000,4.692113721e-01,-7.722776024e-01,-0.8801,-58.7185
145.00,145.00,2410000000,1.580480420e-01,-8.904549970e-01,-0.8731,-79.9353
145.00,145.00,2420000000,-1.756416970e-01,-8.879046032e-01,-0.8660,-101.1896
145.00,145.00,2430000000,-4.861210429e-01,-7.636139502e-01,-0.8649,-122.4811
145.00,145.00,2440000000,-7.297544437e-01,-5.345025077e-01,-0.8712,-143.7794
145.00,145.00,2450000000,-8.728836319e-01,-2.335691972e-01,-0.8805,-165.0196
145.00,145.00,2460000000,-8.972915821e-01,9.796150885e-02,-0.8899,173.7694
145.00,145.00,2470000000,-8.008843066e-01,4.155574522e-01,-0.8932,152.5764
145.00,145.00,2480000000,-5.966780325e-01,6.774648879e-01,-0.8885,131.3720
145.00,145.00,2490000000,-3.108539433e-01,8.480181841e-01,-0.8843,110.1312
145.00,145.00,2500000000,1.812360630e-02,9.032688703e-01,-0.8819,88.8505
145.00,145.00,2510000000,3.446700198e-01,8.348753314e-01,-0.8841,67.5672
145.00,145.00,2520000000,6.232937036e-01,6.525579913e-01,-0.8920,46.3140
145.00,145.00,2530000000,8.168498296e-01,3.818766279e-01,-0.8987,25.0561
145.00,145.00,2540000000,8.991073457e-01,6.025361038e-02,-0.9043,3.8339
145.00,145.00,2550000000,8.596658119e-01,-2.692216541e-01,-0.9071,-17.3890
145.00,145.00,2560000000,7.035353559e-01,-5.626214454e-01,-0.9071,-38.6495
145.00,145.00,2570000000,4.519867693e-01,-7.791759536e-01,-0.9076,-59.8827
145.00,145.00,2580000000,1.391270507e-01,-8.898255304e-01,-0.9090,-81.1136
145.00,145.00,2590000000,-1.922145468e-01,-8.796265507e-01,-0.9115,-102.3264
145.00,145.00,2600000000,-4.973293908e-01,-7.501990028e-01,-0.9144,-123.5416
145.00,145.00,2610000000,-7.341465317e-01,-5.199270812e-01,-0.9189,-144.6936
145.00,145.00,2620000000,-8.722008590e-01,-2.190356578e-01,-0.9221,-165.9028
145.00,145.00,2630000000,-8.920239975e-01,1.117888670e-01,-0.9248,172.8569
145.00,145.00,2640000000,-7.906846857e-01,4.269955855e-01,-0.9285,151.6295
145.00,145.00,2650000000,-5.821921873e-01,6.842451244e-01,-0.9305,130.3929
145.00,145.00,2660000000,-2.947326436e-01,8.484971414e-01,-0.9323,109.1551
145.00,145.00,2670000000,3.272259013e-02,8.974647182e-01,-0.9339,87.9119
145.00,145.00,2680000000,3.556448803e-01,8.246855670e-01,-0.9335,66.6719
145.00,145.00,2690000000,6.301216892e-01,6.395162503e-01,-0.9365,45.4239
145.00,145.00,2700000000,8.188856354e-01,3.676335175e-01,-0.9381,24.1774
145.00,145.00,2710000000,8.961864851e-01,4.596419370e-02,-0.9406,2.9361
145.00,145.00,2720000000,8.516214564e-01,-2.816008729e-01,-0.9444,-18.2972
145.00,145.00,2730000000,6.915737190e-01,-5.707213015e-01,-0.9475,-39.5312
145.00,145.00,2740000000,4.379910005e-01,-7.821885237e-01,-0.9493,-60.7531
145.00,145.00,2750000000,1.252594749e-01,-8.876519756e-01,-0.9495,-81.9678
145.00,145.00,2760000000,-2.046189066e-01,-8.729200516e-01,-0.9482,-103.1924
145.00,145.00,2770000000,-5.072522064e-01,-7.400500283e-01,-0.9422,-124.4279
145.00,145.00,2780000000,-7.414622361e-01,-5.057948666e-01,-0.9388,-145.6998
145.00,145.00,2790000000,-8.744346255e-01,-2.018823964e-01,-0.9399,-166.9998
145.00,145.00,2800000000,-8.874092700e-01,1.292831760e-01,-0.9463,171.7111
145.00,145.00,2810000000,-7.790128891e-01,4.414685599e-01,-0.9596,150.4597
145.00,145.00,2820000000,-5.660692309e-01,6.923774857e-01,-0.9701,129.2685
145.00,145.00,2830000000,-2.780510616e-01,8.497947521e-01,-0.9720,108.1180
145.00,145.00,2840000000,4.751114344e-02,8.936108714e-01,-0.9648,86.9566
145.00,145.00,2850000000,3.689100852e-01,8.170889603e-01,-0.9489,65.7011
145.00,145.00,2860000000,6.415575422e-01,6.275542173e-01,-0.9398,44.3678
145.00,145.00,2870000000,8.255606910e-01,3.502328559e-01,-0.9463,22.9884
145.00,145.00,2880000000,8.942190128e-01,2.598059387e-02,-0.9675,1.6642
145.00,145.00,2890000000,8.404834914e-01,-2.982105388e-01,-0.9945,-19.5351
145.00,145.00,2900000000,6.756639577e-01,-5.796693405e-01,-1.0098,-40.6271
145.00,145.00,2910000000,4.223331481e-01,-7.844519093e-01,-1.0033,-61.7029
145.00,145.00,2920000000,1.109767509e-01,-8.864339003e-01,-0.9795,-82.8640
145.00,145.00,2930000000,-2.198151362e-01,-8.683370035e-01,-0.9565,-104.2057
145.00,145.00,2940000000,-5.223691014e-01,-7.281135534e-01,-0.9527,-125.6567
145.00,145.00,2950000000,-7.501562927e-01,-4.856984790e-01,-0.9765,-147.0784
145.00,145.00,2960000000,-8.711168122e-01,-1.797044461e-01,-1.0175,-168.3439
145.00,145.00,2970000000,-8.741954727e-01,1.449131183e-01,-1.0501,170.5878
145.00,145.00,2980000000,-7.637313027e-01,4.477456373e-01,-1.0582,149.6186
145.00,145.00,2990000000,-5.536220119e-01,6.938759928e-01,-1.0350,128.5853
145.00,145.00,3000000000,-2.660982524e-01,8.510682181e-01,-0.9956,107.3626
150.00,150.00,2000000000,2.997713455e-01,8.583467560e-01,-0.8269,70.7486
150.00,150.00,2010000000,5.897925366e-01,6.948325574e-01,-0.8058,49.6745
150.00,150.00,2020000000,8.043428612e-01,4.354760072e-01,-0.7748,28.4314
150.00,150.00,2030000000,9.097215215e-01,1.122192352e-01,-0.7562,7.0322
150.00,150.00,2040000000,8.870953786e-01,-2.278493034e-01,-0.7631,-14.4050
150.00,150.00,2050000000,7.412915392e-01,-5.332994498e-01,-0.7887,-35.7320
150.00,150.00,2060000000,4.969900783e-01,-7.628504120e-01,-0.8148,-56.9161
150.00,150.00,2070000000,1.888000257e-01,-8.895619045e-01,-0.8251,-78.0174
150.00,150.00,2080000000,-1.445792548e-01,-8.986497880e-01,-0.8172,-99.1397
150.00,150.00,2090000000,-4.608538682e-01,-7.868960454e-01,-0.8009,-120.3558
150.00,150.00,2100000000,-7.162616650e-01,-5.663182410e-01,-0.7897,-141.6680
150.00,150.00,2110000000,-8.730280060e-01,-2.666681556e-01,-0.7920,-163.0146
150.00,150.00,2120000000,-9.089450401e-01,6.854490516e-02,-0.8046,175.6874
150.00,150.00,2130000000,-8.210435593e-01,3.923341814e-01,-0.8195,154.4593
150.00,150.00,2140000000,-6.231111414e-01,6.618419361e-01,-0.8286,133.2735
150.00,150.00,2150000000,-3.417982925e-01,8.422361936e-01,-0.8292,112.0884
150.00,150.00,2160000000,-1.375481812e-02,9.091371620e-01,-0.8264,90.8668
150.00,150.00,2170000000,3.167292859e-01,8.524919435e-01,-0.8246,69.6183
150.00,150.00,2180000000,6.041553224e-01,6.794533221e-01,-0.8267,48.3572
150.00,150.00,2190000000,8.089110583e-01,4.141355526e-01,-0.8310,27.1109
150.00,150.00,2200000000,9.035129978e-01,9.299703121e-02,-0.8355,5.8767
150.00,150.00,2210000000,8.756052046e-01,-2.408182411e-01,-0.8372,-15.3779
150.00,150.00,2220000000,7.286058146e-01,-5.413775861e-01,-0.8410,-36.6135
150.00,150.00,2230000000,4.828487272e-01,-7.679826605e-01,-0.8463,-57.8415
150.00,150.00,2240000000,1.718887287e-01,-8.900939557e-01,-0.8523,-79.0700
150.00,150.00,2250000000,-1.613772798e-01,-8.916640271e-01,-0.8560,-100.2586
150.00,150.00,2260000000,-4.730598336e-01,-7.729677084e-01,-0.8552,-121.4668
150.00,150.00,2270000000,-7.211926848e-01,-5.495041988e-01,-0.8509,-142.6948
150.00,150.00,2280000000,-8.717715223e-01,-2.508523726e-01,-0.8465,-163.9468
150.00,150.00,2290000000,-9.030202158e-01,8.276601842e-02,-0.8497,174.7632
150.00,150.00,2300000000,-8.108352091e-01,4.042477304e-01,-0.8573,153.5011
150.00,150.00,2310000000,-6.089067502e-01,6.694862414e-01,-0.8673,132.2869
150.00,150.00,2320000000,-3.256395993e-01,8.435249966e-01,-0.8747,111.1089
150.00,150.00,2330000000,9.812481957e-04,9.045245469e-01,-0.8716,89.9378
150.00,150.00,2340000000,3.284177416e-01,8.437016004e-01,-0.8635,68.7311
150.00,150.00,2350000000,6.125284335e-01,6.677033745e-01,-0.8565,47.4678
150.00,150.00,2360000000,8.136419348e-01,3.996901629e-01,-0.8525,26.1619
150.00,150.00,2370000000,9.023598548e-01,7.722510116e-02,-0.8607,4.8915
150.00,150.00,2380000000,8.679211104e-01,-2.546116752e-01,-0.8719,-16.3495
150.00,150.00,2390000000,7.164972376e-01,-5.507135052e-01,-0.8796,-37.5466
150.00,150.00,2400000000,4.692648059e-01,-7.722639596e-01,-0.8799,-58.7151
150.00,150.00,2410000000,1.581241147e-01,-8.904944007e-01,-0.8726,-79.9310
150.00,150.00,2420000000,-1.756520262e-01,-8.879040945e-01,-0.8660,-101.1902
150.00,150.00,2430000000,-4.861643876e-01,-7.636225474e-01,-0.8646,-122.4831
150.00,150.00,2440000000,-7.297935033e-01,-5.344829690e-01,-0.8710,-143.7819
150.00,150.00,2450000000,-8.728479767e-01,-2.336013479e-01,-0.8808,-165.0170
150.00,150.00,2460000000,-8.972870906e-01,9.794430515e-02,-0.8899,173.7705
150.00,150.00,2470000000,-8.009446118e-01,4.155398904e-01,-0.8928,152.5792
150.00,150.00,2480000000,-5.966949072e-01,6.774508934e-01,-0.8885,131.3734
150.00,150.00,2490000000,-3.108105245e-01,8.480326019e-01,-0.8844,110.1283
150.00,150.00,2500000000,1.815222518e-02,9.032933538e-01,-0.8817,88.8488
150.00,150.00,2510000000,3.446714141e-01,8.348709147e-01,-0.8841,67.5670
150.00,150.00,2520000000,6.233187637e-01,6.525895915e-01,-0.8916,46.3142
150.00,150.00,2530000000,8.168247197e-01,3.818885323e-01,-0.8989,25.0574
150.00,150.00,2540000000,8.991232535e-01,6.023664947e-02,-0.9042,3.8328
150.00,150.00,2550000000,8.596623697e-01,-2.692084304e-01,-0.9072,-17.3883
150.00,150.00,2560000000,7.035723215e-01,-5.626068688e-01,-0.9069,-38.6473
150.00,150.00,2570000000,4.519802379e-01,-7.791687864e-01,-0.9077,-59.8828
150.00,150.00,2580000000,1.391377816e-01,-8.897796227e-01,-0.9094,-81.1124
150.00,150.00,2590000000,-1.922187253e-01,-8.795886381e-01,-0.9118,-102.3272
150.00,150.00,2600000000,-4.972910923e-01,-7.501670631e-01,-0.9149,-123.5407
150.00,150.00,2610000000,-7.341183429e-01,-5.199262382e-01,-0.9192,-144.6926
150.00,150.00,2620000000,-8.722031472e-01,-2.190387694e-01,-0.9220,-165.9027
150.00,150.00,2630000000,-8.920327044e-01,1.117302946e-01,-0.9248,172.8607
150.00,150.00,2640000000,-7.906886198e-01,4.269715443e-01,-0.9286,151.6310
150.00,150.00,2650000000,-5.821989805e-01,6.842328447e-01,-0.9306,130.3937
150.00,150.00,2660000000,-2.947202379e-01,8.484553168e-01,-0.9327,109.1552
150.00,150.00,2670000000,3.268124676e-02,8.974695550e-01,-0.9339,87.9145
150.00,150.00,2680000000,3.556161267e-01,8.246600808e-01,-0.9338,66.6730
150.00,150.00,2690000000,6.301091553e-01,6.395238681e-01,-0.9365,45.4249
150.00,150.00,2700000000,8.188466243e-01,3.675939314e-01,-0.9386,24.1761
150.00,150.00,2710000000,8.961678891e-01,4.595443331e-02,-0.9408,2.9355
150.00,150.00,2720000000,8.516242027e-01,-2.816209153e-01,-0.9443,-18.2984
150.00,150.00,2730000000,6.915723730e-01,-5.707570946e-01,-0.9472,-39.5330
150.00,150.00,2740000000,4.380008117e-01,-7.821359475e-01,-0.9497,-60.7509
150.00,150.00,2750000000,1.252721449e-01,-8.876502377e-01,-0.9495,-81.9670
150.00,150.00,2760000000,-2.046054586e-01,-8.729034819e-01,-0.9484,-103.1918
150.00,150.00,2770000000,-5.072296249e-01,-7.400260268e-01,-0.9425,-124.4276
150.00,150.00,2780000000,-7.414635762e-01,-5.057990804e-01,-0.9388,-145.6996
150.00,150.00,2790000000,-8.744335239e-01,-2.019384311e-01,-0.9398,-166.9963
150.00,150.00,2800000000,-8.874117462e-01,1.292552637e-01,-0.9463,171.7129
150.00,150.00,2810000000,-7.790196946e-01,4.414450378e-01,-0.9596,150.4612
150.00,150.00,2820000000,-5.660835388e-01,6.923727736e-01,-0.9700,129.2694
150.00,150.00,2830000000,-2.780404553e-01,8.497782633e-01,-0.9722,108.1177
150.00,150.00,2840000000,4.752614708e-02,8.936103225e-01,-0.9648,86.9556
150.00,150.00,2850000000,3.689200877e-01,8.170895283e-01,-0.9489,65.7006
150.00,150.00,2860000000,6.415580950e-01,6.275201069e-01,-0.9400,44.3662
150.00,150.00,2870000000,8.255324708e-01,3.502580664e-01,-0.9464,22.9906
150.00,150.00,2880000000,8.942452951e-01,2.597456103e-02,-0.9672,1.6638
150.00,150.00,2890000000,8.404984165e-01,-2.981788573e-01,-0.9944,-19.5329
150.00,150.00,2900000000,6.756645656e-01,-5.796754334e-01,-1.0098,-40.6274
150.00,150.00,2910000000,4.223212364e-01,-7.844352162e-01,-1.0035,-61.7030
150.00,150.00,2920000000,1.109973768e-01,-8.864694025e-01,-0.9792,-82.8630
150.00,150.00,2930000000,-2.197564021e-01,-8.683236012e-01,-0.9567,-104.2023
150.00,150.00,2940000000,-5.223746373e-01,-7.281336039e-01,-0.9526,-125.6563
150.00,150.00,2950000000,-7.501285783e-01,-4.857378148e-01,-0.9765,-147.0754
150.00,150.00,2960000000,-8.711416647e-01,-1.797426154e-01,-1.0172,-168.3418
150.00,150.00,2970000000,-8.741411614e-01,1.449059081e-01,-1.0506,170.5877
150.00,150.00,2980000000,-7.637085287e-01,4.477714434e-01,-1.0582,149.6164
150.00,150.00,2990000000,-5.536800615e-01,6.938850637e-01,-1.0345,128.5878
150.00,150.00,3000000000,-2.660927559e-01,8.510596297e-01,-0.9957,107.3624
155.00,155.00,2000000000,2.997593405e-01,8.582883089e-01,-0.8275,70.7481
155.00,155.00,2010000000,5.897882574e-01,6.948126441e-01,-0.8060,49.6739
155.00,155.00,2020000000,8.043464751e-01,4.354920142e-01,-0.7747,28.4322
155.00,155.00,2030000000,9.097340353e-01,1.122057921e-01,-0.7561,7.0313
155.00,155.00,2040000000,8.871236972e-01,-2.278163562e-01,-0.7630,-14.4025
155.00,155.00,2050000000,7.413184089e-01,-5.333315351e-01,-0.7884,-35.7326
155.00,155.00,2060000000,4.969802191e-01,-7.628923039e-01,-0.8145,-56.9181
155.00,155.00,2070000000,1.888118623e-01,-8.895608338e-01,-0.8251,-78.0166
155.00,155.00,2080000000,-1.445723788e-01,-8.986855385e-01,-0.8169,-99.1389
155.00,155.00,2090000000,-4.608951799e-01,-7.869213356e-01,-0.8005,-120.3573
155.00,155.00,2100000000,-7.162627348e-01,-5.663007211e-01,-0.7898,-141.6690
155.00,155.00,2110000000,-8.730287798e-01,-2.666260295e-01,-0.7921,-163.0171
155.00,155.00,2120000000,-9.089160670e-01,6.857410104e-02,-0.8049,175.6854
155.00,155.00,2130000000,-8.210420409e-01,3.923714762e-01,-0.8194,154.4571
155.00,155.00,2140000000,-6.231538722e-01,6.618711376e-01,-0.8281,133.2742
155.00,155.00,2150000000,-3.418067476e-01,8.422515001e-01,-0.8290,112.0885
155.00,155.00,2160000000,-1.375595526e-02,9.091742665e-01,-0.8261,90.8668
155.00,155.00,2170000000,3.167541567e-01,8.524887774e-01,-0.8246,69.6167
155.00,155.00,2180000000,6.041638016e-01,6.794636027e-01,-0.8266,48.3572
155.00,155.00,2190000000,8.089108844e-01,4.141266714e-01,-0.8311,27.1104
155.00,155.00,2200000000,9.035564124e-01,9.300888228e-02,-0.8351,5.8771
155.00,155.00,2210000000,8.756091435e-01,-2.408631256e-01,-0.8370,-15.3805
155.00,155.00,2220000000,7.286098143e-01,-5.413773104e-01,-0.8409,-36.6134
155.00,155.00,2230000000,4.828303280e-01,-7.679764214e-01,-0.8465,-57.8422
155.00,155.00,2240000000,1.718739215e-01,-8.901153986e-01,-0.8521,-79.0712
155.00,155.00,2250000000,-1.614232975e-01,-8.916740903e-01,-0.8558,-100.2613
155.00,155.00,2260000000,-4.730252346e-01,-7.729624369e-01,-0.8554,-121.4651
155.00,155.00,2270000000,-7.212287838e-01,-5.494552922e-01,-0.8509,-142.6987
155.00,155.00,2280000000,-8.717678708e-01,-2.508595003e-01,-0.8465,-163.9463
155.00,155.00,2290000000,-9.030076899e-01,8.279220567e-02,-0.8498,174.7615
155.00,155.00,2300000000,-8.108206067e-01,4.042493217e-01,-0.8574,153.5006
155.00,155.00,2310000000,-6.088540562e-01,6.694927822e-01,-0.8676,132.2842
155.00,155.00,2320000000,-3.256268589e-01,8.435435591e-01,-0.8746,111.1077
155.00,155.00,2330000000,9.963069105e-04,9.045379223e-01,-0.8715,89.9369
155.00,155.00,2340000000,3.284240297e-01,8.436943891e-01,-0.8635,68.7306
155.00,155.00,2350000000,6.126078889e-01,6.677706073e-01,-0.8555,47.4670
155.00,155.00,2360000000,8.136099746e-01,3.996786854e-01,-0.8528,26.1622
155.00,155.00,2370000000,9.023325909e-01,7.716830420e-02,-0.8610,4.8881
155.00,155.00,2380000000,8.678793713e-01,-2.546552216e-01,-0.8721,-16.3529
155.00,155.00,2390000000,7.165324472e-01,-5.507574803e-01,-0.8791,-37.5474
155.00,155.00,2400000000,4.691788050e-01,-7.723022981e-01,-0.8800,-58.7210
155.00,155.00,2410000000,1.580489861e-01,-8.905010268e-01,-0.8726,-79.9358
155.00,155.00,2420000000,-1.756862903e-01,-8.879032099e-01,-0.8659,-101.1923
155.00,155.00,2430000000,-4.861633849e-01,-7.636174534e-01,-0.8647,-122.4832
155.00,155.00,2440000000,-7.297445335e-01,-5.344793288e-01,-0.8714,-143.7802
155.00,155.00,2450000000,-8.728525795e-01,-2.335601738e-01,-0.8809,-165.0196
155.00,155.00,2460000000,-8.972667105e-01,9.797537654e-02,-0.8901,173.7684
155.00,155.00,2470000000,-8.009024203e-01,4.155828130e-01,-0.8929,152.5755
155.00,155.00,2480000000,-5.966189909e-01,6.774310776e-01,-0.8891,131.3706
155.00,155.00,2490000000,-3.108045771e-01,8.480188776e-01,-0.8845,110.1282
155.00,155.00,2500000000,1.817672156e-02,9.032719571e-01,-0.8819,88.8472
155.00,155.00,2510000000,3.446646401e-01,8.348588525e-01,-0.8843,67.5671
155.00,155.00,2520000000,6.233300774e-01,6.525645130e-01,-0.8917,46.3126
155.00,155.00,2530000000,8.168154676e-01,3.818716019e-01,-0.8990,25.0567
155.00,155.00,2540000000,8.990826354e-01,6.024659985e-02,-0.9046,3.8336
155.00,155.00,2550000000,8.596289766e-01,-2.692507894e-01,-0.9073,-17.3915
155.00,155.00,2560000000,7.035384937e-01,-5.626357745e-01,-0.9070,-38.6501
155.00,155.00,2570000000,4.519597206e-01,-7.791454821e-01,-0.9080,-59.8832
155.00,155.00,2580000000,1.391389116e-01,-8.897978533e-01,-0.9093,-81.1126
155.00,155.00,2590000000,-1.922134810e-01,-8.795994549e-01,-0.9117,-102.3267
155.00,155.00,2600000000,-4.973270166e-01,-7.501587085e-01,-0.9148,-123.5429
155.00,155.00,2610000000,-7.341414098e-01,-5.198970468e-01,-0.9191,-144.6950
155.00,155.00,2620000000,-8.721865556e-01,-2.189831383e-01,-0.9223,-165.9059
155.00,155.00,2630000000,-8.919748053e-01,1.117488142e-01,-0.9253,172.8590
155.00,155.00,2640000000,-7.906284326e-01,4.269827389e-01,-0.9291,151.6285
155.00,155.00,2650000000,-5.822015954e-01,6.842295078e-01,-0.9306,130.3940
155.00,155.00,2660000000,-2.946994630e-01,8.484816848e-01,-0.9325,109.1534
155.00,155.00,2670000000,3.273425814e-02,8.974012324e-01,-0.9345,87.9110
155.00,155.00,2680000000,3.556386746e-01,8.246783054e-01,-0.9336,66.6721
155.00,155.00,2690000000,6.301292029e-01,6.394998144e-01,-0.9365,45.4229
155.00,155.00,2700000000,8.188517383e-01,3.676355547e-01,-0.9384,24.1784
155.00,155.00,2710000000,8.961401202e-01,4.599833410e-02,-0.9411,2.9384
155.00,155.00,2720000000,8.516410818e-01,-2.816201745e-01,-0.9442,-18.2980
155.00,155.00,2730000000,6.915437116e-01,-5.706873330e-01,-0.9479,-39.5307
155.00,155.00,2740000000,4.379878744e-01,-7.821542918e-01,-0.9496,-60.7522
155.00,155.00,2750000000,1.252646365e-01,-8.876448848e-01,-0.9496,-81.9674
155.00,155.00,2760000000,-2.046362028e-01,-8.729192186e-01,-0.9482,-103.1935
155.00,155.00,2770000000,-5.072498565e-01,-7.400111896e-01,-0.9425,-124.4292
155.00,155.00,2780000000,-7.414545952e-01,-5.057972131e-01,-0.9389,-145.6994
155.00,155.00,2790000000,-8.744046821e-01,-2.018799620e-01,-0.9402,-166.9995
155.00,155.00,2800000000,-8.873650825e-01,1.293033969e-01,-0.9467,171.7094
155.00,155.00,2810000000,-7.789803525e-01,4.414160503e-01,-0.9601,150.4616
155.00,155.00,2820000000,-5.660437252e-01,6.923685319e-01,-0.9703,129.2676
155.00,155.00,2830000000,-2.780581001e-01,8.498140573e-01,-0.9718,108.1180
155.00,155.00,2840000000,4.754777901e-02,8.936116920e-01,-0.9647,86.9542
155.00,155.00,2850000000,3.688668429e-01,8.170978898e-01,-0.9490,65.7039
155.00,155.00,2860000000,6.415904332e-01,6.275004891e-01,-0.9399,44.3639
155.00,155.00,2870000000,8.255387004e-01,3.502511783e-01,-0.9464,22.9900
155.00,155.00,2880000000,8.942133552e-01,2.597577259e-02,-0.9675,1.6639
155.00,155.00,2890000000,8.405107304e-01,-2.982082625e-01,-0.9942,-19.5344
155.00,155.00,2900000000,6.756723524e-01,-5.796815808e-01,-1.0097,-40.6274
155.00,155.00,2910000000,4.223083371e-01,-7.844637944e-01,-1.0033,-61.7046
155.00,155.00,2920000000,1.109824533e-01,-8.864452480e-01,-0.9794,-82.8637
155.00,155.00,2930000000,-2.198176322e-01,-8.683138908e-01,-0.9567,-104.2062
155.00,155.00,2940000000,-5.223695609e-01,-7.281219600e-01,-0.9527,-125.6564
155.00,155.00,2950000000,-7.501773320e-01,-4.857132963e-01,-0.9763,-147.0784
155.00,155.00,2960000000,-8.711153574e-01,-1.797381276e-01,-1.0174,-168.3417
155.00,155.00,2970000000,-8.741511975e-01,1.449174646e-01,-1.0505,170.5871
155.00,155.00,2980000000,-7.637620327e-01,4.477701020e-01,-1.0578,149.6182
155.00,155.00,2990000000,-5.536138530e-01,6.938836603e-01,-1.0349,128.5846
155.00,155.00,3000000000,-2.661136495e-01,8.510459165e-01,-0.9958,107.3639
160.00,160.00,2000000000,2.997703766e-01,8.582492805e-01,-0.8278,70.7466
160.00,160.00,2010000000,5.897648883e-01,6.948024265e-01,-0.8062,49.6746
160.00,160.00,2020000000,8.043198894e-01,4.354187379e-01,-0.7752,28.4289
160.00,160.00,2030000000,9.097145621e-01,1.121868848e-01,-0.7563,7.0303
160.00,160.00,2040000000,8.870793936e-01,-2.277654976e-01,-0.7635,-14.4001
160.00,160.00,2050000000,7.412895322e-01,-5.333025951e-01,-0.7887,-35.7322
160.00,160.00,2060000000,4.969758741e-01,-7.628860230e-01,-0.8146,-56.9181
160.00,160.00,2070000000,1.888205185e-01,-8.895813661e-01,-0.8249,-78.0164
160.00,160.00,2080000000,-1.445643896e-01,-8.986096744e-01,-0.8176,-99.1392
160.00,160.00,2090000000,-4.608561263e-01,-7.868690546e-01,-0.8011,-120.3568
160.00,160.00,2100000000,-7.162532953e-01,-5.662867072e-01,-0.7899,-141.6693
160.00,160.00,2110000000,-8.730051361e-01,-2.666215977e-01,-0.7924,-163.0170
160.00,160.00,2120000000,-9.089222846e-01,6.857634547e-02,-0.8048,175.6853
160.00,160.00,2130000000,-8.210415072e-01,3.923648419e-01,-0.8194,154.4575
160.00,160.00,2140000000,-6.231041227e-01,6.618686985e-01,-0.8285,133.2720
160.00,160.00,2150000000,-3.417815967e-01,8.422505132e-01,-0.8291,112.0871
160.00,160.00,2160000000,-1.374971252e-02,9.091333835e-01,-0.8265,90.8665
160.00,160.00,2170000000,3.167730604e-01,8.525031082e-01,-0.8244,69.6159
160.00,160.00,2180000000,6.041897366e-01,6.794351220e-01,-0.8266,48.3548
160.00,160.00,2190000000,8.089040303e-01,4.141217837e-01,-0.8311,27.1104
160.00,160.00,2200000000,9.035738354e-01,9.299428084e-02,-0.8350,5.8761
160.00,160.00,2210000000,8.755841775e-01,-2.408324414e-01,-0.8373,-15.3791
160.00,160.00,2220000000,7.286290782e-01,-5.413737522e-01,-0.8408,-36.6125
160.00,160.00,2230000000,4.828240003e-01,-7.679427697e-01,-0.8468,-57.8414
160.00,160.00,2240000000,1.718641770e-01,-8.901008852e-01,-0.8522,-79.0716
160.00,160.00,2250000000,-1.613983785e-01,-8.916591184e-01,-0.8560,-100.2600
160.00,160.00,2260000000,-4.730655362e-01,-7.729756656e-01,-0.8551,-121.4669
160.00,160.00,2270000000,-7.211908006e-01,-5.495017994e-01,-0.8509,-142.6949
160.00,160.00,2280000000,-8.717902669e-01,-2.508489626e-01,-0.8463,-163.9474
160.00,160.00,2290000000,-9.030061130e-01,8.279611585e-02,-0.8498,174.7612
160.00,160.00,2300000000,-8.107630937e-01,4.042501612e-01,-0.8579,153.4989
160.00,160.00,2310000000,-6.088520418e-01,6.694577577e-01,-0.8678,132.2856
160.00,160.00,2320000000,-3.255683387e-01,8.435545770e-01,-0.8747,111.1040
160.00,160.00,2330000000,9.985018663e-04,9.045348342e-01,-0.8715,89.9368
160.00,160.00,2340000000,3.284549190e-01,8.436618241e-01,-0.8637,68.7280
160.00,160.00,2350000000,6.125431490e-01,6.677235436e-01,-0.8562,47.4680
160.00,160.00,2360000000,8.135919828e-01,3.996354914e-01,-0.8532,26.1602
160.00,160.00,2370000000,9.022423824e-01,7.715964621e-02,-0.8619,4.8880
160.00,160.00,2380000000,8.678622720e-01,-2.546469681e-01,-0.8723,-16.3527
160.00,160.00,2390000000,7.164587200e-01,-5.507382659e-01,-0.8798,-37.5493
160.00,160.00,2400000000,4.692378680e-01,-7.723059278e-01,-0.8797,-58.7180
160.00,160.00,2410000000,1.580609919e-01,-8.904425674e-01,-0.8732,-79.9344
160.00,160.00,2420000000,-1.756532102e-01,-8.878871049e-01,-0.8661,-101.1905
160.00,160.00,2430000000,-4.861607550e-01,-7.636025078e-01,-0.8648,-122.4836
160.00,160.00,2440000000,-7.297560330e-01,-5.344852179e-01,-0.8713,-143.7803
160.00,160.00,2450000000,-8.728449334e-01,-2.335660733e-01,-0.8809,-165.0191
160.00,160.00,2460000000,-8.972815211e-01,9.793699627e-02,-0.8900,173.7709
160.00,160.00,2470000000,-8.008868482e-01,4.155838898e-01,-0.8931,152.5750
160.00,160.00,2480000000,-5.966498686e-01,6.774748968e-01,-0.8886,131.3703
160.00,160.00,2490000000,-3.108360980e-01,8.479964595e-01,-0.8846,110.1306
160.00,160.00,2500000000,1.814594405e-02,9.032532279e-01,-0.8821,88.8491
160.00,160.00,2510000000,3.446729952e-01,8.348681413e-01,-0.8841,67.5669
160.00,160.00,2520000000,6.232851188e-01,6.525563627e-01,-0.8921,46.3143
160.00,160.00,2530000000,8.168419108e-01,3.818114037e-01,-0.8990,25.0525
160.00,160.00,2540000000,8.990631588e-01,6.021511057e-02,-0.9048,3.8317
160.00,160.00,2550000000,8.596526763e-01,-2.692449619e-01,-0.9071,-17.3907
160.00,160.00,2560000000,7.034959222e-01,-5.626362905e-01,-0.9073,-38.6518
160.00,160.00,2570000000,4.519606976e-01,-7.791600203e-01,-0.9079,-59.8836
160.00,160.00,2580000000,1.391482248e-01,-8.898079800e-01,-0.9091,-81.1121
160.00,160.00,2590000000,-1.922669031e-01,-8.795907820e-01,-0.9117,-102.3302
160.00,160.00,2600000000,-4.973241408e-01,-7.501704084e-01,-0.9147,-123.5423
160.00,160.00,2610000000,-7.341345536e-01,-5.199219924e-01,-0.9191,-144.6935
160.00,160.00,2620000000,-8.722124987e-01,-2.190439709e-01,-0.9219,-165.9025
160.00,160.00,2630000000,-8.920104878e-01,1.117803571e-01,-0.9249,172.8573
160.00,160.00,2640000000,-7.906465563e-01,4.270067880e-01,-0.9288,151.6277
160.00,160.00,2650000000,-5.821896141e-01,6.842383410e-01,-0.9306,130.3931
160.00,160.00,2660000000,-2.947197579e-01,8.484668978e-01,-0.9326,109.1550
160.00,160.00,2670000000,3.274791677e-02,8.974160561e-01,-0.9343,87.9101
160.00,160.00,2680000000,3.556086308e-01,8.246692994e-01,-0.9338,66.6736
160.00,160.00,2690000000,6.301045294e-01,6.395224080e-01,-0.9365,45.4250
160.00,160.00,2700000000,8.188676642e-01,3.676070139e-01,-0.9384,24.1763
160.00,160.00,2710000000,8.961654528e-01,4.599359484e-02,-0.9408,2.9380
160.00,160.00,2720000000,8.516600938e-01,-2.816062302e-01,-0.9441,-18.2968
160.00,160.00,2730000000,6.915718256e-01,-5.707584561e-01,-0.9472,-39.5331
160.00,160.00,2740000000,4.379874336e-01,-7.821496576e-01,-0.9496,-60.7521
160.00,160.00,2750000000,1.252620686e-01,-8.876308919e-01,-0.9497,-81.9675
160.00,160.00,2760000000,-2.046413074e-01,-8.729252156e-01,-0.9481,-103.1937
160.00,160.00,2770000000,-5.072575060e-01,-7.400105806e-01,-0.9424,-124.4296
160.00,160.00,2780000000,-7.414475452e-01,-5.057601130e-01,-0.9391,-145.7011
160.00,160.00,2790000000,-8.744096956e-01,-2.018797390e-01,-0.9402,-166.9996
160.00,160.00,2800000000,-8.873861016e-01,1.292955030e-01,-0.9465,171.7101
160.00,160.00,2810000000,-7.790369047e-01,4.414504630e-01,-0.9595,150.4614
160.00,160.00,2820000000,-5.660758556e-01,6.923824117e-01,-0.9700,129.2686
160.00,160.00,2830000000,-2.780069370e-01,8.497741573e-01,-0.9723,108.1157
160.00,160.00,2840000000,4.755742416e-02,8.936292490e-01,-0.9646,86.9537
160.00,160.00,2850000000,3.688907840e-01,8.171008695e-01,-0.9489,65.7026
160.00,160.00,2860000000,6.415603124e-01,6.275149175e-01,-0.9400,44.3659
160.00,160.00,2870000000,8.255474299e-01,3.502598177e-01,-0.9463,22.9903
160.00,160.00,2880000000,8.942042299e-01,2.596793995e-02,-0.9676,1.6634
160.00,160.00,2890000000,8.404991705e-01,-2.981989273e-01,-0.9944,-19.5341
160.00,160.00,2900000000,6.757025438e-01,-5.796757223e-01,-1.0095,-40.6258
160.00,160.00,2910000000,4.223426817e-01,-7.844555058e-01,-1.0032,-61.7024
160.00,160.00,2920000000,1.109736880e-01,-8.864793872e-01,-0.9791,-82.8646
160.00,160.00,2930000000,-2.198032600e-01,-8.682878913e-01,-0.9570,-104.2057
160.00,160.00,2940000000,-5.224007811e-01,-7.281394068e-01,-0.9524,-125.6574
160.00,160.00,2950000000,-7.501297423e-01,-4.857457453e-01,-0.9765,-147.0750
160.00,160.00,2960000000,-8.711258020e-01,-1.797201883e-01,-1.0174,-168.3430
160.00,160.00,2970000000,-8.741764965e-01,1.449205104e-01,-1.0503,170.5871
160.00,160.00,2980000000,-7.637378921e-01,4.477883824e-01,-1.0579,149.6164
160.00,160.00,2990000000,-5.536542221e-01,6.938732471e-01,-1.0348,128.5870
160.00,160.00,3000000000,-2.660840930e-01,8.510847315e-01,-0.9955,107.3614
165.00,165.00,2000000000,2.997501284e-01,8.582664386e-01,-0.8277,70.7482
165.00,165.00,2010000000,5.898019916e-01,6.947546379e-01,-0.8063,49.6709
165.00,165.00,2020000000,8.043526677e-01,4.354897039e-01,-0.7746,28.4318
165.00,165.00,2030000000,9.097207945e-01,1.121643313e-01,-0.7563,7.0288
165.00,165.00,2040000000,8.870894564e-01,-2.278209781e-01,-0.7633,-14.4033
165.00,165.00,2050000000,7.412827776e-01,-5.333039760e-01,-0.7888,-35.7325
165.00,165.00,2060000000,4.969829284e-01,-7.629028117e-01,-0.8144,-56.9183
165.00,165.00,2070000000,1.887919442e-01,-8.896157101e-01,-0.8246,-78.0186
165.00,165.00,2080000000,-1.445861098e-01,-8.986556267e-01,-0.8171,-99.1401
165.00,165.00,2090000000,-4.608840897e-01,-7.868941715e-01,-0.8008,-120.3575
165.00,165.00,2100000000,-7.163320955e-01,-5.663175864e-01,-0.7891,-141.6708
165.00,165.00,2110000000,-8.730549219e-01,-2.666534783e-01,-0.7918,-163.0160
165.00,165.00,2120000000,-9.089393071e-01,6.856734209e-02,-0.8047,175.6860
165.00,165.00,2130000000,-8.210341518e-01,3.924061780e-01,-0.8193,154.4549
165.00,165.00,2140000000,-6.231308244e-01,6.618433955e-01,-0.8285,133.2744
165.00,165.00,2150000000,-3.418093871e-01,8.422671057e-01,-0.8289,112.0883
165.00,165.00,2160000000,-1.375150346e-02,9.091208268e-01,-0.8266,90.8666
165.00,165.00,2170000000,3.167861720e-01,8.524987912e-01,-0.8244,69.6151
165.00,165.00,2180000000,6.041881741e-01,6.794733684e-01,-0.8264,48.3565
165.00,165.00,2190000000,8.089354695e-01,4.141269427e-01,-0.8308,27.1098
165.00,165.00,2200000000,9.035992266e-01,9.296702090e-02,-0.8348,5.8742
165.00,165.00,2210000000,8.756151225e-01,-2.408670082e-01,-0.8369,-15.3807
165.00,165.00,2220000000,7.286131255e-01,-5.414149736e-01,-0.8407,-36.6152
165.00,165.00,2230000000,4.828266621e-01,-7.679610689e-01,-0.8466,-57.8419
165.00,165.00,2240000000,1.718317565e-01,-8.901187244e-01,-0.8521,-79.0738
165.00,165.00,2250000000,-1.614056822e-01,-8.916817128e-01,-0.8558,-100.2602
165.00,165.00,2260000000,-4.730671553e-01,-7.729549769e-01,-0.8552,-121.4676
165.00,165.00,2270000000,-7.212063567e-01,-5.495058516e-01,-0.8508,-142.6953
165.00,165.00,2280000000,-8.717586423e-01,-2.508741211e-01,-0.8465,-163.9453
165.00,165.00,2290000000,-9.030231257e-01,8.278956225e-02,-0.8497,174.7617
165.00,165.00,2300000000,-8.107951826e-01,4.042432694e-01,-0.8576,153.5002
165.00,165.00,2310000000,-6.088432602e-01,6.694974061e-01,-0.8676,132.2835
165.00,165.00,2320000000,-3.255887177e-01,8.435344993e-01,-0.8748,111.1057
165.00,165.00,2330000000,9.821712489e-04,9.045337975e-01,-0.8715,89.9378
165.00,165.00,2340000000,3.284165434e-01,8.436718182e-01,-0.8638,68.7305
165.00,165.00,2350000000,6.125662011e-01,6.677015421e-01,-0.8562,47.4659
165.00,165.00,2360000000,8.136385793e-01,3.997061730e-01,-0.8525,26.1629
165.00,165.00,2370000000,9.023301248e-01,7.715937112e-02,-0.8611,4.8875
165.00,165.00,2380000000,8.678782864e-01,-2.546635160e-01,-0.8721,-16.3534
165.00,165.00,2390000000,7.164689478e-01,-5.507536670e-01,-0.8796,-37.5497
165.00,165.00,2400000000,4.692148573e-01,-7.723404320e-01,-0.8795,-58.7203
165.00,165.00,2410000000,1.580420353e-01,-8.904621512e-01,-0.8730,-79.9358
165.00,165.00,2420000000,-1.756782191e-01,-8.879088170e-01,-0.8659,-101.1918
165.00,165.00,2430000000,-4.861810026e-01,-7.636365910e-01,-0.8644,-122.4835
165.00,165.00,2440000000,-7.297608875e-01,-5.344627485e-01,-0.8714,-143.7817
165.00,165.00,2450000000,-8.728524544e-01,-2.335811101e-01,-0.8808,-165.0183
165.00,165.00,2460000000,-8.972831600e-01,9.793274213e-02,-0.8900,173.7712
165.00,165.00,2470000000,-8.009057147e-01,4.155680852e-01,-0.8930,152.5764
165.00,165.00,2480000000,-5.966964085e-01,6.774388019e-01,-0.8886,131.3740
165.00,165.00,2490000000,-3.108345730e-01,8.480374020e-01,-0.8842,110.1296
165.00,165.00,2500000000,1.817708821e-02,9.032748474e-01,-0.8818,88.8472
165.00,165.00,2510000000,3.446912182e-01,8.348528833e-01,-0.8842,67.5654
165.00,165.00,2520000000,6.233093421e-01,6.525685736e-01,-0.8918,46.3137
165.00,165.00,2530000000,8.168409940e-01,3.818267211e-01,-0.8990,25.0534
165.00,165.00,2540000000,8.990663455e-01,6.020914653e-02,-0.9047,3.8313
165.00,165.00,2550000000,8.596441088e-01,-2.692416215e-01,-0.9072,-17.3906
165.00,165.00,2560000000,7.035159875e-01,-5.626248383e-01,-0.9072,-38.6505
165.00,165.00,2570000000,4.519591836e-01,-7.791421846e-01,-0.9080,-59.8831
165.00,165.00,2580000000,1.391445805e-01,-8.898347481e-01,-0.9089,-81.1126
165.00,165.00,2590000000,-1.922101046e-01,-8.796095902e-01,-0.9116,-102.3264
165.00,165.00,2600000000,-4.973125904e-01,-7.501751999e-01,-0.9147,-123.5415
165.00,165.00,2610000000,-7.341500536e-01,-5.198961733e-01,-0.9191,-144.6954
165.00,165.00,2620000000,-8.722107841e-01,-2.190251494e-01,-0.9220,-165.9036
165.00,165.00,2630000000,-8.920083939e-01,1.117700045e-01,-0.9250,172.8580
165.00,165.00,2640000000,-7.906762535e-01,4.270199587e-01,-0.9285,151.6279
165.00,165.00,2650000000,-5.822087263e-01,6.842591613e-01,-0.9303,130.3931
165.00,165.00,2660000000,-2.946881276e-01,8.484903832e-01,-0.9325,109.1526
165.00,165.00,2670000000,3.271552347e-02,8.974475098e-01,-0.9341,87.9123
165.00,165.00,2680000000,3.556423221e-01,8.246744696e-01,-0.9336,66.6718
165.00,165.00,2690000000,6.301614086e-01,6.395474340e-01,-0.9360,45.4235
165.00,165.00,2700000000,8.188550625e-01,3.676035591e-01,-0.9385,24.1764
165.00,165.00,2710000000,8.962045197e-01,4.597735422e-02,-0.9404,2.9368
165.00,165.00,2720000000,8.516527615e-01,-2.816127803e-01,-0.9441,-18.2973
165.00,165.00,2730000000,6.915708436e-01,-5.707685726e-01,-0.9472,-39.5336
165.00,165.00,2740000000,4.380190502e-01,-7.822098221e-01,-0.9490,-60.7522
165.00,165.00,2750000000,1.252701294e-01,-8.876025120e-01,-0.9500,-81.9667
165.00,165.00,2760000000,-2.046308669e-01,-8.729480196e-01,-0.9479,-103.1927
165.00,165.00,2770000000,-5.072579542e-01,-7.400443561e-01,-0.9422,-124.4284
165.00,165.00,2780000000,-7.414791551e-01,-5.057741879e-01,-0.9388,-145.7015
165.00,165.00,2790000000,-8.744690398e-01,-2.018493854e-01,-0.9397,-167.0023
165.00,165.00,2800000000,-8.873864436e-01,1.293194290e-01,-0.9465,171.7086
165.00,165.00,2810000000,-7.790158616e-01,4.414641864e-01,-0.9596,150.4600
165.00,165.00,2820000000,-5.660734310e-01,6.923864956e-01,-0.9700,129.2684
165.00,165.00,2830000000,-2.780336977e-01,8.497999384e-01,-0.9720,108.1168
165.00,165.00,2840000000,4.755438501e-02,8.936266565e-01,-0.9646,86.9539
165.00,165.00,2850000000,3.689057607e-01,8.170829587e-01,-0.9490,65.7012
165.00,165.00,2860000000,6.415605096e-01,6.275038906e-01,-0.9401,44.3654
165.00,165.00,2870000000,8.255354954e-01,3.502780918e-01,-0.9463,22.9917
165.00,165.00,2880000000,8.942019177e-01,2.594888318e-02,-0.9676,1.6622
165.00,165.00,2890000000,8.404868145e-01,-2.981981325e-01,-0.9945,-19.5343
165.00,165.00,2900000000,6.756770472e-01,-5.796682416e-01,-1.0097,-40.6265
165.00,165.00,2910000000,4.223568014e-01,-7.844312083e-01,-1.0033,-61.7009
165.00,165.00,2920000000,1.109588671e-01,-8.864621622e-01,-0.9793,-82.8654
165.00,165.00,2930000000,-2.198062436e-01,-8.683121437e-01,-0.9567,-104.2055
165.00,165.00,2940000000,-5.224145458e-01,-7.280988635e-01,-0.9526,-125.6596
165.00,165.00,2950000000,-7.501475246e-01,-4.857046386e-01,-0.9765,-147.0778
165.00,165.00,2960000000,-8.711061403e-01,-1.796982263e-01,-1.0176,-168.3441
165.00,165.00,2970000000,-8.741651285e-01,1.449359353e-01,-1.0504,170.5860
165.00,165.00,2980000000,-7.637495487e-01,4.477475822e-01,-1.0580,149.6191
165.00,165.00,2990000000,-5.536150938e-01,6.938771881e-01,-1.0350,128.5849
165.00,165.00,3000000000,-2.660732435e-01,8.510838833e-01,-0.9956,107.3607
170.00,170.00,2000000000,2.998075274e-01,8.582845883e-01,-0.8274,70.7452
170.00,170.00,2010000000,5.897765386e-01,6.947969487e-01,-0.8062,49.6738
170.00,170.00,2020000000,8.043280907e-01,4.354662929e-01,-0.7750,28.4313
170.00,170.00,2030000000,9.097440949e-01,1.121638577e-01,-0.7561,7.0286
170.00,170.00,2040000000,8.870997225e-01,-2.278018250e-01,-0.7632,-14.4020
170.00,170.00,2050000000,7.412969967e-01,-5.333375039e-01,-0.7885,-35.7337
170.00,170.00,2060000000,4.969607274e-01,-7.628783209e-01,-0.8147,-56.9186
170.00,170.00,2070000000,1.887710685e-01,-8.895832879e-01,-0.8250,-78.0195
170.00,170.00,2080000000,-1.445734561e-01,-8.986456877e-01,-0.8173,-99.1394
170.00,170.00,2090000000,-4.608504839e-01,-7.868881134e-01,-0.8010,-120.3559
170.00,170.00,2100000000,-7.162910063e-01,-5.663196325e-01,-0.7894,-141.6691
170.00,170.00,2110000000,-8.730355805e-01,-2.666118393e-01,-0.7921,-163.0181
170.00,170.00,2120000000,-9.089375002e-01,6.859512342e-02,-0.8047,175.6842
170.00,170.00,2130000000,-8.210520297e-01,3.923927218e-01,-0.8192,154.4562
170.00,170.00,2140000000,-6.231196097e-01,6.618681688e-01,-0.8284,133.2728
170.00,170.00,2150000000,-3.417989715e-01,8.422754417e-01,-0.8289,112.0875
170.00,170.00,2160000000,-1.374670920e-02,9.092104239e-01,-0.8257,90.8662
170.00,170.00,2170000000,3.167676851e-01,8.525235149e-01,-0.8242,69.6167
170.00,170.00,2180000000,6.041923982e-01,6.794724144e-01,-0.8264,48.3562
170.00,170.00,2190000000,8.089223389e-01,4.140906598e-01,-0.8311,27.1081
170.00,170.00,2200000000,9.035398924e-01,9.301524484e-02,-0.8353,5.8776
170.00,170.00,2210000000,8.756783053e-01,-2.408487605e-01,-0.8364,-15.3785
170.00,170.00,2220000000,7.286262123e-01,-5.413926537e-01,-0.8407,-36.6135
170.00,170.00,2230000000,4.828365004e-01,-7.679741603e-01,-0.8464,-57.8418
170.00,170.00,2240000000,1.718682999e-01,-8.901495249e-01,-0.8518,-79.0719
170.00,170.00,2250000000,-1.614414540e-01,-8.916898727e-01,-0.8556,-100.2623
170.00,170.00,2260000000,-4.730829360e-01,-7.729853677e-01,-0.8549,-121.4675
170.00,170.00,2270000000,-7.212543202e-01,-5.495018982e-01,-0.8504,-142.6973
170.00,170.00,2280000000,-8.717667256e-01,-2.508311053e-01,-0.8466,-163.9480
170.00,170.00,2290000000,-9.030590922e-01,8.279493308e-02,-0.8493,174.7616
170.00,170.00,2300000000,-8.108398975e-01,4.042556502e-01,-0.8572,153.5008
170.00,170.00,2310000000,-6.088795691e-01,6.694735512e-01,-0.8675,132.2862
170.00,170.00,2320000000,-3.256144224e-01,8.435663747e-01,-0.8744,111.1065
170.00,170.00,2330000000,1.000220985e-03,9.045360690e-01,-0.8715,89.9366
170.00,170.00,2340000000,3.284333034e-01,8.437158022e-01,-0.8633,68.7305
170.00,170.00,2350000000,6.125990435e-01,6.677790143e-01,-0.8555,47.4677
170.00,170.00,2360000000,8.136369842e-01,3.996867694e-01,-0.8526,26.1619
170.00,170.00,2370000000,9.023641129e-01,7.719343447e-02,-0.8607,4.8895
170.00,170.00,2380000000,8.679015639e-01,-2.546359067e-01,-0.8720,-16.3513
170.00,170.00,2390000000,7.165211136e-01,-5.507207967e-01,-0.8794,-37.5460
170.00,170.00,2400000000,4.692263188e-01,-7.723334396e-01,-0.8795,-58.7195
170.00,170.00,2410000000,1.580909139e-01,-8.904524132e-01,-0.8730,-79.9326
170.00,170.00,2420000000,-1.756771744e-01,-8.878983786e-01,-0.8660,-101.1918
170.00,170.00,2430000000,-4.861460004e-01,-7.636242580e-01,-0.8647,-122.4820
170.00,170.00,2440000000,-7.297669576e-01,-5.344610379e-01,-0.8714,-143.7820
170.00,170.00,2450000000,-8.728638948e-01,-2.335965650e-01,-0.8807,-165.0176
170.00,170.00,2460000000,-8.972906126e-01,9.793406457e-02,-0.8899,173.7712
170.00,170.00,2470000000,-8.009010982e-01,4.156055429e-01,-0.8928,152.5742
170.00,170.00,2480000000,-5.966322107e-01,6.774519222e-01,-0.8889,131.3704
170.00,170.00,2490000000,-3.108054577e-01,8.479832676e-01,-0.8848,110.1291
170.00,170.00,2500000000,1.813866673e-02,9.032660647e-01,-0.8819,88.8496
170.00,170.00,2510000000,3.447608563e-01,8.348506084e-01,-0.8840,67.5613
170.00,170.00,2520000000,6.233180720e-01,6.525851851e-01,-0.8917,46.3140
170.00,170.00,2530000000,8.168464133e-01,3.818526167e-01,-0.8988,25.0548
170.00,170.00,2540000000,8.990883563e-01,6.020218782e-02,-0.9045,3.8308
170.00,170.00,2550000000,8.596897749e-01,-2.692747503e-01,-0.9067,-17.3918
170.00,170.00,2560000000,7.035471036e-01,-5.626411720e-01,-0.9069,-38.6500
170.00,170.00,2570000000,4.519589539e-01,-7.791951988e-01,-0.9076,-59.8849
170.00,170.00,2580000000,1.391545166e-01,-8.898658763e-01,-0.9086,-81.1122
170.00,170.00,2590000000,-1.922364893e-01,-8.796515745e-01,-0.9112,-102.3274
170.00,170.00,2600000000,-4.973251421e-01,-7.501872651e-01,-0.9145,-123.5418
170.00,170.00,2610000000,-7.341772724e-01,-5.199170425e-01,-0.9187,-144.6953
170.00,170.00,2620000000,-8.722527692e-01,-2.190326005e-01,-0.9216,-165.9038
170.00,170.00,2630000000,-8.920030449e-01,1.118033222e-01,-0.9250,172.8558
170.00,170.00,2640000000,-7.906340452e-01,4.270103338e-01,-0.9289,151.6271
170.00,170.00,2650000000,-5.822149121e-01,6.842766022e-01,-0.9301,130.3927
170.00,170.00,2660000000,-2.946979399e-01,8.484824966e-01,-0.9325,109.1533
170.00,170.00,2670000000,3.275273047e-02,8.974458872e-01,-0.9341,87.9099
170.00,170.00,2680000000,3.556348758e-01,8.246987942e-01,-0.9334,66.6728
170.00,170.00,2690000000,6.301565497e-01,6.395219341e-01,-0.9362,45.4226
170.00,170.00,2700000000,8.188828315e-01,3.675812349e-01,-0.9383,24.1744
170.00,170.00,2710000000,8.961828825e-01,4.593498171e-02,-0.9407,2.9342
170.00,170.00,2720000000,8.516565617e-01,-2.816226049e-01,-0.9440,-18.2978
170.00,170.00,2730000000,6.916006289e-01,-5.707368520e-01,-0.9472,-39.5308
170.00,170.00,2740000000,4.379744428e-01,-7.821659031e-01,-0.9496,-60.7533
170.00,170.00,2750000000,1.252124985e-01,-8.876203482e-01,-0.9499,-81.9705
170.00,170.00,2760000000,-2.046648815e-01,-8.729453597e-01,-0.9479,-103.1949
170.00,170.00,2770000000,-5.072897794e-01,-7.400519610e-01,-0.9419,-124.4298
170.00,170.00,2780000000,-7.415084730e-01,-5.057670567e-01,-0.9386,-145.7029
170.00,170.00,2790000000,-8.744302005e-01,-2.018616231e-01,-0.9400,-167.0010
170.00,170.00,2800000000,-8.874237041e-01,1.293295151e-01,-0.9461,171.7083
170.00,170.00,2810000000,-7.790124621e-01,4.414805110e-01,-0.9595,150.4590
170.00,170.00,2820000000,-5.660939798e-01,6.923865861e-01,-0.9699,129.2694
170.00,170.00,2830000000,-2.780434902e-01,8.498025311e-01,-0.9720,108.1174
170.00,170.00,2840000000,4.755863281e-02,8.936317698e-01,-0.9645,86.9536
170.00,170.00,2850000000,3.689338208e-01,8.171039467e-01,-0.9487,65.7002
170.00,170.00,2860000000,6.416224986e-01,6.275016249e-01,-0.9397,44.3625
170.00,170.00,2870000000,8.255598501e-01,3.502138251e-01,-0.9464,22.9873
170.00,170.00,2880000000,8.941783517e-01,2.596014476e-02,-0.9679,1.6630
170.00,170.00,2890000000,8.405244700e-01,-2.982351677e-01,-0.9940,-19.5357
170.00,170.00,2900000000,6.756318104e-01,-5.796760373e-01,-1.0100,-40.6288
170.00,170.00,2910000000,4.223199545e-01,-7.844414791e-01,-1.0034,-61.7033
170.00,170.00,2920000000,1.109259268e-01,-8.864893055e-01,-0.9791,-82.8677
170.00,170.00,2930000000,-2.198278086e-01,-8.683191748e-01,-0.9566,-104.2068
170.00,170.00,2940000000,-5.224073547e-01,-7.280904998e-01,-0.9527,-125.6596
170.00,170.00,2950000000,-7.501576596e-01,-4.857343683e-01,-0.9763,-147.0766
170.00,170.00,2960000000,-8.711398162e-01,-1.797143565e-01,-1.0172,-168.3435
170.00,170.00,2970000000,-8.741944452e-01,1.449290265e-01,-1.0501,170.5868
170.00,170.00,2980000000,-7.637404797e-01,4.477924766e-01,-1.0578,149.6163
170.00,170.00,2990000000,-5.536157263e-01,6.938864368e-01,-1.0349,128.5845
170.00,170.00,3000000000,-2.660641450e-01,8.511086184e-01,-0.9954,107.3597
175.00,175.00,2000000000,2.997750864e-01,8.583027518e-01,-0.8273,70.7475
175.00,175.00,2010000000,5.897769782e-01,6.947717726e-01,-0.8064,49.6728
175.00,175.00,2020000000,8.043655646e-01,4.354730470e-01,-0.7746,28.4305
175.00,175.00,2030000000,9.097365958e-01,1.121760339e-01,-0.7562,7.0294
175.00,175.00,2040000000,8.870936339e-01,-2.278471114e-01,-0.7632,-14.4049
175.00,175.00,2050000000,7.413070047e-01,-5.332926660e-01,-0.7887,-35.7311
175.00,175.00,2060000000,4.969784975e-01,-7.629374935e-01,-0.8141,-56.9197
175.00,175.00,2070000000,1.888039823e-01,-8.896151569e-01,-0.8246,-78.0178
175.00,175.00,2080000000,-1.445870731e-01,-8.986398839e-01,-0.8173,-99.1403
175.00,175.00,2090000000,-4.608836210e-01,-7.869005775e-01,-0.8007,-120.3573
175.00,175.00,2100000000,-7.162859595e-01,-5.662636009e-01,-0.7898,-141.6717
175.00,175.00,2110000000,-8.730547148e-01,-2.666356948e-01,-0.7919,-163.0170
175.00,175.00,2120000000,-9.089400735e-01,6.860010115e-02,-0.8046,175.6839
175.00,175.00,2130000000,-8.209910473e-01,3.923671001e-01,-0.8198,154.4560
175.00,175.00,2140000000,-6.231126411e-01,6.618746455e-01,-0.8284,133.2722
175.00,175.00,2150000000,-3.417575933e-01,8.422816142e-01,-0.8290,112.0850
175.00,175.00,2160000000,-1.371732579e-02,9.091753255e-01,-0.8261,90.8644
175.00,175.00,2170000000,3.168037430e-01,8.525095382e-01,-0.8242,69.6143
175.00,175.00,2180000000,6.041853612e-01,6.794396019e-01,-0.8266,48.3552
175.00,175.00,2190000000,8.089536837e-01,4.141058365e-01,-0.8308,27.1080
175.00,175.00,2200000000,9.035770243e-01,9.301686258e-02,-0.8349,5.8775
175.00,175.00,2210000000,8.756299092e-01,-2.408562952e-01,-0.8368,-15.3798
175.00,175.00,2220000000,7.286052510e-01,-5.413879143e-01,-0.8409,-36.6141
175.00,175.00,2230000000,4.828433400e-01,-7.680101958e-01,-0.8461,-57.8427
175.00,175.00,2240000000,1.718266581e-01,-8.901561933e-01,-0.8518,-79.0746
175.00,175.00,2250000000,-1.614501424e-01,-8.916542952e-01,-0.8560,-100.2632
175.00,175.00,2260000000,-4.730883271e-01,-7.729517922e-01,-0.8552,-121.4689
175.00,175.00,2270000000,-7.212256529e-01,-5.494707690e-01,-0.8508,-142.6978
175.00,175.00,2280000000,-8.717789747e-01,-2.508133051e-01,-0.8465,-163.9493
175.00,175.00,2290000000,-9.030237253e-01,8.282542204e-02,-0.8496,174.7595
175.00,175.00,2300000000,-8.108062471e-01,4.042541381e-01,-0.8575,153.4999
175.00,175.00,2310000000,-6.088754100e-01,6.694765973e-01,-0.8675,132.2859
175.00,175.00,2320000000,-3.255744150e-01,8.435248433e-01,-0.8749,111.1050
175.00,175.00,2330000000,1.033786860e-03,9.044979631e-01,-0.8718,89.9345
175.00,175.00,2340000000,3.284406096e-01,8.436658637e-01,-0.8637,68.7289
175.00,175.00,2350000000,6.125943376e-01,6.677166756e-01,-0.8559,47.4653
175.00,175.00,2360000000,8.136107022e-01,3.996984047e-01,-0.8528,26.1633
175.00,175.00,2370000000,9.023087248e-01,7.716086614e-02,-0.8613,4.8878
175.00,175.00,2380000000,8.678735801e-01,-2.546726347e-01,-0.8721,-16.3540
175.00,175.00,2390000000,7.164805026e-01,-5.507445852e-01,-0.8796,-37.5488
175.00,175.00,2400000000,4.692210179e-01,-7.723206781e-01,-0.8797,-58.7194
175.00,175.00,2410000000,1.580599253e-01,-8.904545313e-01,-0.8730,-79.9346
175.00,175.00,2420000000,-1.756869668e-01,-8.879139030e-01,-0.8658,-101.1923
175.00,175.00,2430000000,-4.861674633e-01,-7.636135412e-01,-0.8647,-122.4836
175.00,175.00,2440000000,-7.297711893e-01,-5.344726817e-01,-0.8713,-143.7816
175.00,175.00,2450000000,-8.728542151e-01,-2.335818003e-01,-0.8808,-165.0183
175.00,175.00,2460000000,-8.972999378e-01,9.796315050e-02,-0.8898,173.7694
175.00,175.00,2470000000,-8.008947938e-01,4.155833929e-01,-0.8930,152.5753
175.00,175.00,2480000000,-5.966143660e-01,6.774585409e-01,-0.8890,131.3693
175.00,175.00,2490000000,-3.108149509e-01,8.480424198e-01,-0.8843,110.1283
175.00,175.00,2500000000,1.814580059e-02,9.032749400e-01,-0.8818,88.8491
175.00,175.00,2510000000,3.446845667e-01,8.348639741e-01,-0.8841,67.5661
175.00,175.00,2520000000,6.232970647e-01,6.525665799e-01,-0.8919,46.3142
175.00,175.00,2530000000,8.168525662e-01,3.818277139e-01,-0.8989,25.0532
175.00,175.00,2540000000,8.990576308e-01,6.022685434e-02,-0.9048,3.8325
175.00,175.00,2550000000,8.596422146e-01,-2.692665508e-01,-0.9072,-17.3922
175.00,175.00,2560000000,7.035489658e-01,-5.626135152e-01,-0.9070,-38.6486
175.00,175.00,2570000000,4.519630240e-01,-7.791703092e-01,-0.9078,-59.8838
175.00,175.00,2580000000,1.391245349e-01,-8.898253385e-01,-0.9090,-81.1137
175.00,175.00,2590000000,-1.922180542e-01,-8.795871117e-01,-0.9118,-102.3272
175.00,175.00,2600000000,-4.972995261e-01,-7.501359948e-01,-0.9151,-123.5422
175.00,175.00,2610000000,-7.341331741e-01,-5.199029176e-01,-0.9192,-144.6944
175.00,175.00,2620000000,-8.721982651e-01,-2.190043662e-01,-0.9222,-165.9047
175.00,175.00,2630000000,-8.919975034e-01,1.117774476e-01,-0.9251,172.8574
175.00,175.00,2640000000,-7.906297555e-01,4.269768606e-01,-0.9291,151.6289
175.00,175.00,2650000000,-5.821871461e-01,6.842585308e-01,-0.9304,130.3921
175.00,175.00,2660000000,-2.947109721e-01,8.484857799e-01,-0.9324,109.1540
175.00,175.00,2670000000,3.271276417e-02,8.974339096e-01,-0.9342,87.9124
175.00,175.00,2680000000,3.556189601e-01,8.246692946e-01,-0.9337,66.6730
175.00,175.00,2690000000,6.301322613e-01,6.394970401e-01,-0.9365,45.4226
175.00,175.00,2700000000,8.188776402e-01,3.676089479e-01,-0.9383,24.1762
175.00,175.00,2710000000,8.961606632e-01,4.596220229e-02,-0.9409,2.9360
175.00,175.00,2720000000,8.516255718e-01,-2.816062287e-01,-0.9444,-18.2975
175.00,175.00,2730000000,6.915559332e-01,-5.707635258e-01,-0.9473,-39.5340
175.00,175.00,2740000000,4.379594308e-01,-7.821754447e-01,-0.9496,-60.7545
175.00,175.00,2750000000,1.252564523e-01,-8.876262859e-01,-0.9498,-81.9678
175.00,175.00,2760000000,-2.046707932e-01,-8.729373386e-01,-0.9479,-103.1953
175.00,175.00,2770000000,-5.072450757e-01,-7.400134780e-01,-0.9425,-124.4288
175.00,175.00,2780000000,-7.414123260e-01,-5.057524726e-01,-0.9395,-145.7002
175.00,175.00,2790000000,-8.744170369e-01,-2.018785349e-01,-0.9401,-166.9998
175.00,175.00,2800000000,-8.873521622e-01,1.293028687e-01,-0.9468,171.7093
175.00,175.00,2810000000,-7.790272742e-01,4.414835934e-01,-0.9594,150.4593
175.00,175.00,2820000000,-5.660686772e-01,6.924113317e-01,-0.9698,129.2671
175.00,175.00,2830000000,-2.780576643e-01,8.497745278e-01,-0.9722,108.1188
175.00,175.00,2840000000,4.755877884e-02,8.935726935e-01,-0.9651,86.9534
175.00,175.00,2850000000,3.688974691e-01,8.171090991e-01,-0.9488,65.7024
175.00,175.00,2860000000,6.415580404e-01,6.274956774e-01,-0.9402,44.3651
175.00,175.00,2870000000,8.255356460e-01,3.502384316e-01,-0.9465,22.9894
175.00,175.00,2880000000,8.941965967e-01,2.595317465e-02,-0.9677,1.6625
175.00,175.00,2890000000,8.405073618e-01,-2.981957467e-01,-0.9943,-19.5337
175.00,175.00,2900000000,6.756697555e-01,-5.796758516e-01,-1.0097,-40.6272
175.00,175.00,2910000000,4.223083037e-01,-7.844281956e-01,-1.0036,-61.7036
175.00,175.00,2920000000,1.109408009e-01,-8.864621616e-01,-0.9793,-82.8665
175.00,175.00,2930000000,-2.198427555e-01,-8.683222278e-01,-0.9566,-104.2077
175.00,175.00,2940000000,-5.223965730e-01,-7.280862245e-01,-0.9528,-125.6592
175.00,175.00,2950000000,-7.501487943e-01,-4.857037044e-01,-0.9765,-147.0779
175.00,175.00,2960000000,-8.711416275e-01,-1.797258327e-01,-1.0172,-168.3428
175.00,175.00,2970000000,-8.741762678e-01,1.449121885e-01,-1.0503,170.5877
175.00,175.00,2980000000,-7.637058319e-01,4.478127900e-01,-1.0580,149.6140
175.00,175.00,2990000000,-5.536224545e-01,6.938608148e-01,-1.0351,128.5859
175.00,175.00,3000000000,-2.660871047e-01,8.510206207e-01,-0.9961,107.3628
180.00,180.00,2000000000,2.997490964e-01,8.582740252e-01,-0.8277,70.7484
180.00,180.00,2010000000,5.897944501e-01,6.947653275e-01,-0.8063,49.6717
180.00,180.00,2020000000,8.043139226e-01,4.354341645e-01,-0.7752,28.4299
180.00,180.00,2030000000,9.096554036e-01,1.121642923e-01,-0.7569,7.0293
180.00,180.00,2040000000,8.870489002e-01,-2.278155264e-01,-0.7636,-14.4036
180.00,180.00,2050000000,7.412835017e-01,-5.333471063e-01,-0.7885,-35.7347
180.00,180.00,2060000000,4.969676846e-01,-7.629022592e-01,-0.8145,-56.9191
180.00,180.00,2070000000,1.887710677e-01,-8.895743342e-01,-0.8251,-78.0193
180.00,180.00,2080000000,-1.445629959e-01,-8.986661387e-01,-0.8171,-99.1385
180.00,180.00,2090000000,-4.608827080e-01,-7.868538262e-01,-0.8011,-120.3587
180.00,180.00,2100000000,-7.162961477e-01,-5.662754338e-01,-0.7897,-141.6715
180.00,180.00,2110000000,-8.730235668e-01,-2.665874803e-01,-0.7923,-163.0194
180.00,180.00,2120000000,-9.089184288e-01,6.859364248e-02,-0.8048,175.6842
180.00,180.00,2130000000,-8.209989587e-01,3.923835391e-01,-0.8197,154.4553
180.00,180.00,2140000000,-6.231095624e-01,6.618603967e-01,-0.8285,133.2727
180.00,180.00,2150000000,-3.417742567e-01,8.422508333e-01,-0.8292,112.0867
180.00,180.00,2160000000,-1.373935333e-02,9.091295289e-01,-0.8265,90.8658
180.00,180.00,2170000000,3.167701409e-01,8.525095875e-01,-0.8243,69.6163
180.00,180.00,2180000000,6.041723719e-01,6.794206013e-01,-0.8269,48.3550
180.00,180.00,2190000000,8.089012929e-01,4.141065747e-01,-0.8312,27.1096
180.00,180.00,2200000000,9.035520610e-01,9.296525319e-02,-0.8352,5.8744
180.00,180.00,2210000000,8.755903375e-01,-2.408514344e-01,-0.8372,-15.3802
180.00,180.00,2220000000,7.285908498e-01,-5.414045401e-01,-0.8409,-36.6155
180.00,180.00,2230000000,4.828011609e-01,-7.679817487e-01,-0.8466,-57.8440
180.00,180.00,2240000000,1.718261702e-01,-8.901066232e-01,-0.8523,-79.0740
180.00,180.00,2250000000,-1.614502753e-01,-8.916803533e-01,-0.8557,-100.2630
180.00,180.00,2260000000,-4.730823694e-01,-7.729782330e-01,-0.8550,-121.4677
180.00,180.00,2270000000,-7.212387279e-01,-5.494845736e-01,-0.8507,-142.6976
180.00,180.00,2280000000,-8.717565863e-01,-2.507939934e-01,-0.8468,-163.9501
180.00,180.00,2290000000,-9.030336827e-01,8.277841212e-02,-0.8496,174.7625
180.00,180.00,2300000000,-8.107997795e-01,4.042569681e-01,-0.8575,153.4996
180.00,180.00,2310000000,-6.088412791e-01,6.694857829e-01,-0.8677,132.2839
180.00,180.00,2320000000,-3.255595541e-01,8.435770410e-01,-0.8745,111.1030
180.00,180.00,2330000000,1.006798373e-03,9.045300105e-01,-0.8715,89.9362
180.00,180.00,2340000000,3.284472070e-01,8.436731500e-01,-0.8637,68.7287
180.00,180.00,2350000000,6.125850324e-01,6.677030302e-01,-0.8561,47.4651
180.00,180.00,2360000000,8.136098752e-01,3.996494540e-01,-0.8530,26.1605
180.00,180.00,2370000000,9.023162655e-01,7.714270358e-02,-0.8612,4.8866
180.00,180.00,2380000000,8.678755663e-01,-2.546382425e-01,-0.8722,-16.3519
180.00,180.00,2390000000,7.164653648e-01,-5.507349099e-01,-0.8797,-37.5489
180.00,180.00,2400000000,4.691973040e-01,-7.723297082e-01,-0.8797,-58.7209
180.00,180.00,2410000000,1.580556384e-01,-8.904791847e-01,-0.8728,-79.9351
180.00,180.00,2420000000,-1.756921926e-01,-8.878906580e-01,-0.8660,-101.1929
180.00,180.00,2430000000,-4.861554968e-01,-7.636335809e-01,-0.8646,-122.4822
180.00,180.00,2440000000,-7.297423650e-01,-5.344601357e-01,-0.8716,-143.7811
180.00,180.00,2450000000,-8.728562679e-01,-2.335734178e-01,-0.8808,-165.0188
180.00,180.00,2460000000,-8.972699304e-01,9.795077281e-02,-0.8901,173.7700
180.00,180.00,2470000000,-8.008837426e-01,4.156159821e-01,-0.8929,152.5731
180.00,180.00,2480000000,-5.966248932e-01,6.774527155e-01,-0.8889,131.3700
180.00,180.00,2490000000,-3.108382494e-01,8.480567672e-01,-0.8841,110.1294
180.00,180.00,2500000000,1.814744659e-02,9.032960388e-01,-0.8816,88.8491
180.00,180.00,2510000000,3.446798411e-01,8.348240902e-01,-0.8845,67.5654
180.00,180.00,2520000000,6.232877679e-01,6.525469760e-01,-0.8921,46.3138
180.00,180.00,2530000000,8.168011703e-01,3.818081410e-01,-0.8994,25.0534
180.00,180.00,2540000000,8.990758894e-01,6.020501646e-02,-0.9046,3.8310
180.00,180.00,2550000000,8.596156233e-01,-2.692512048e-01,-0.9075,-17.3917
180.00,180.00,2560000000,7.035296334e-01,-5.626170069e-01,-0.9072,-38.6495
180.00,180.00,2570000000,4.519483984e-01,-7.791488259e-01,-0.9080,-59.8840
180.00,180.00,2580000000,1.391395468e-01,-8.898145382e-01,-0.9091,-81.1127
180.00,180.00,2590000000,-1.922977424e-01,-8.796192208e-01,-0.9114,-102.3317
180.00,180.00,2600000000,-4.973339379e-01,-7.501555436e-01,-0.9148,-123.5434
180.00,180.00,2610000000,-7.341695599e-01,-5.198978578e-01,-0.9189,-144.6960
180.00,180.00,2620000000,-8.721801646e-01,-2.190308939e-01,-0.9223,-165.9028
180.00,180.00,2630000000,-8.919396054e-01,1.117617878e-01,-0.9256,172.8579
180.00,180.00,2640000000,-7.906275499e-01,4.269866586e-01,-0.9291,151.6283
180.00,180.00,2650000000,-5.821874592e-01,6.842738306e-01,-0.9303,130.3915
180.00,180.00,2660000000,-2.946918498e-01,8.484717480e-01,-0.9326,109.1532
180.00,180.00,2670000000,3.275473889e-02,8.974234859e-01,-0.9343,87.9097
180.00,180.00,2680000000,3.556355646e-01,8.246693045e-01,-0.9337,66.6721
180.00,180.00,2690000000,6.301567343e-01,6.394891695e-01,-0.9364,45.4211
180.00,180.00,2700000000,8.188557080e-01,3.675793391e-01,-0.9386,24.1750
180.00,180.00,2710000000,8.961736635e-01,4.593013045e-02,-0.9408,2.9339
180.00,180.00,2720000000,8.515727017e-01,-2.816251065e-01,-0.9448,-18.2997
180.00,180.00,2730000000,6.914795698e-01,-5.707280086e-01,-0.9481,-39.5353
180.00,180.00,2740000000,4.379367210e-01,-7.821449256e-01,-0.9499,-60.7548
180.00,180.00,2750000000,1.252343990e-01,-8.876025751e-01,-0.9500,-81.9690
180.00,180.00,2760000000,-2.046471904e-01,-8.729053893e-01,-0.9483,-103.1943
180.00,180.00,2770000000,-5.072679979e-01,-7.399833232e-01,-0.9426,-124.4311
180.00,180.00,2780000000,-7.414824139e-01,-5.057497333e-01,-0.9389,-145.7029
180.00,180.00,2790000000,-8.743672171e-01,-2.018784141e-01,-0.9406,-166.9991
180.00,180.00,2800000000,-8.873546764e-01,1.292853070e-01,-0.9468,171.7105
180.00,180.00,2810000000,-7.789765719e-01,4.414323417e-01,-0.9601,150.4605
180.00,180.00,2820000000,-5.660431888e-01,6.923520999e-01,-0.9704,129.2682
180.00,180.00,2830000000,-2.780327437e-01,8.497781153e-01,-0.9722,108.1172
180.00,180.00,2840000000,4.756026303e-02,8.935657496e-01,-0.9652,86.9533
180.00,180.00,2850000000,3.688873779e-01,8.170496134e-01,-0.9493,65.7014
180.00,180.00,2860000000,6.415482572e-01,6.275056839e-01,-0.9402,44.3660
180.00,180.00,2870000000,8.255207757e-01,3.502419887e-01,-0.9466,22.9900
180.00,180.00,2880000000,8.941742867e-01,2.598309784e-02,-0.9679,1.6644
180.00,180.00,2890000000,8.404852996e-01,-2.981605525e-01,-0.9946,-19.5320
180.00,180.00,2900000000,6.756580398e-01,-5.796814935e-01,-1.0098,-40.6280
180.00,180.00,2910000000,4.222934803e-01,-7.844070555e-01,-1.0038,-61.7037
180.00,180.00,2920000000,1.109389397e-01,-8.864420601e-01,-0.9795,-82.8665
180.00,180.00,2930000000,-2.197929808e-01,-8.683243300e-01,-0.9567,-104.2045
180.00,180.00,2940000000,-5.223927363e-01,-7.280788089e-01,-0.9529,-125.6592
180.00,180.00,2950000000,-7.501207537e-01,-4.857218782e-01,-0.9767,-147.0759
180.00,180.00,2960000000,-8.711206547e-01,-1.797404112e-01,-1.0174,-168.3416
180.00,180.00,2970000000,-8.741751955e-01,1.449320479e-01,-1.0503,170.5864
180.00,180.00,2980000000,-7.637461936e-01,4.477948724e-01,-1.0578,149.6163
180.00,180.00,2990000000,-5.536335873e-01,6.938561868e-01,-1.0350,128.5867
180.00,180.00,3000000000,-2.660845531e-01,8.510468477e-01,-0.9959,107.3621
185.00,185.00,2000000000,2.997962364e-01,8.583256214e-01,-0.8270,70.7467
185.00,185.00,2010000000,5.898149528e-01,6.948393401e-01,-0.8056,49.6737
185.00,185.00,2020000000,8.043591029e-01,4.354987618e-01,-0.7745,28.4321
185.00,185.00,2030000000,9.097467972e-01,1.121515872e-01,-0.7561,7.0278
185.00,185.00,2040000000,8.871124854e-01,-2.278268693e-01,-0.7630,-14.4033
185.00,185.00,2050000000,7.413311982e-01,-5.333200620e-01,-0.7883,-35.7316
185.00,185.00,2060000000,4.969866183e-01,-7.628872978e-01,-0.8145,-56.9176
185.00,185.00,2070000000,1.887709279e-01,-8.896327988e-01,-0.8245,-78.0201
185.00,185.00,2080000000,-1.445712769e-01,-8.986750314e-01,-0.8170,-99.1390
185.00,185.00,2090000000,-4.609044176e-01,-7.868746257e-01,-0.8008,-120.3592
185.00,185.00,2100000000,-7.162951274e-01,-5.662952732e-01,-0.7895,-141.6705
185.00,185.00,2110000000,-8.730298330e-01,-2.666776655e-01,-0.7920,-163.0141
185.00,185.00,2120000000,-9.089438800e-01,6.859959119e-02,-0.8046,175.6840
185.00,185.00,2130000000,-8.209958114e-01,3.923993365e-01,-0.8196,154.4543
185.00,185.00,2140000000,-6.231455373e-01,6.618712932e-01,-0.8282,133.2738
185.00,185.00,2150000000,-3.417791760e-01,8.422703145e-01,-0.8290,112.0865
185.00,185.00,2160000000,-1.375412757e-02,9.091556869e-01,-0.8262,90.8667
185.00,185.00,2170000000,3.167654488e-01,8.525380406e-01,-0.8241,69.6172
185.00,185.00,2180000000,6.041892583e-01,6.794812827e-01,-0.8263,48.3568
185.00,185.00,2190000000,8.089337299e-01,4.141359303e-01,-0.8308,27.1103
185.00,185.00,2200000000,9.035224447e-01,9.299162618e-02,-0.8355,5.8763
185.00,185.00,2210000000,8.756421104e-01,-2.408302347e-01,-0.8368,-15.3780
185.00,185.00,2220000000,7.286196165e-01,-5.413911573e-01,-0.8408,-36.6137
185.00,185.00,2230000000,4.828252616e-01,-7.679831686e-01,-0.8464,-57.8427
185.00,185.00,2240000000,1.718535265e-01,-8.901077494e-01,-0.8522,-79.0723
185.00,185.00,2250000000,-1.614683958e-01,-8.916709363e-01,-0.8558,-100.2642
185.00,185.00,2260000000,-4.730365993e-01,-7.729655750e-01,-0.8553,-121.4656
185.00,185.00,2270000000,-7.211860256e-01,-5.495013580e-01,-0.8510,-142.6947
185.00,185.00,2280000000,-8.717395144e-01,-2.508465793e-01,-0.8468,-163.9466
185.00,185.00,2290000000,-9.029916168e-01,8.277558358e-02,-0.8500,174.7624
185.00,185.00,2300000000,-8.108289583e-01,4.042471919e-01,-0.8573,153.5010
185.00,185.00,2310000000,-6.088786034e-01,6.694867957e-01,-0.8674,132.2856
185.00,185.00,2320000000,-3.256212277e-01,8.435806004e-01,-0.8743,111.1065
185.00,185.00,2330000000,9.740280021e-04,9.045333658e-01,-0.8715,89.9383
185.00,185.00,2340000000,3.284229356e-01,8.436881372e-01,-0.8636,68.7305
185.00,185.00,2350000000,6.125776759e-01,6.677164282e-01,-0.8561,47.4660
185.00,185.00,2360000000,8.136274691e-01,3.996620586e-01,-0.8528,26.1607
185.00,185.00,2370000000,9.022679151e-01,7.720156704e-02,-0.8616,4.8905
185.00,185.00,2380000000,8.678600960e-01,-2.546300586e-01,-0.8724,-16.3517
185.00,185.00,2390000000,7.164842054e-01,-5.506840555e-01,-0.8799,-37.5456
185.00,185.00,2400000000,4.692528228e-01,-7.722926392e-01,-0.8797,-58.7167
185.00,185.00,2410000000,1.580551312e-01,-8.904501189e-01,-0.8731,-79.9348
185.00,185.00,2420000000,-1.756864505e-01,-8.879039793e-01,-0.8659,-101.1923
185.00,185.00,2430000000,-4.861874681e-01,-7.636065804e-01,-0.8647,-122.4849
185.00,185.00,2440000000,-7.297583066e-01,-5.344694549e-01,-0.8714,-143.7812
185.00,185.00,2450000000,-8.728672486e-01,-2.335986817e-01,-0.8806,-165.0175
185.00,185.00,2460000000,-8.972969068e-01,9.796388658e-02,-0.8898,173.7693
185.00,185.00,2470000000,-8.009457257e-01,4.156044027e-01,-0.8925,152.5756
185.00,185.00,2480000000,-5.966405758e-01,6.774759059e-01,-0.8887,131.3698
185.00,185.00,2490000000,-3.108430977e-01,8.480298148e-01,-0.8843,110.1303
185.00,185.00,2500000000,1.814821130e-02,9.032461173e-01,-0.8821,88.8490
185.00,185.00,2510000000,3.446935688e-01,8.348600591e-01,-0.8841,67.5655
185.00,185.00,2520000000,6.232974913e-01,6.525811993e-01,-0.8918,46.3148
185.00,185.00,2530000000,8.168492331e-01,3.818836953e-01,-0.8987,25.0565
185.00,185.00,2540000000,8.991294104e-01,6.022423374e-02,-0.9041,3.8320
185.00,185.00,2550000000,8.596757035e-01,-2.692631700e-01,-0.9069,-17.3913
185.00,185.00,2560000000,7.035359594e-01,-5.626466198e-01,-0.9069,-38.6508
185.00,185.00,2570000000,4.519975149e-01,-7.791783643e-01,-0.9075,-59.8822
185.00,185.00,2580000000,1.391549817e-01,-8.898132297e-01,-0.9091,-81.1117
185.00,185.00,2590000000,-1.922620832e-01,-8.796391914e-01,-0.9112,-102.3292
185.00,185.00,2600000000,-4.973300268e-01,-7.501833072e-01,-0.9145,-123.5422
185.00,185.00,2610000000,-7.341736751e-01,-5.199557398e-01,-0.9186,-144.6931
185.00,185.00,2620000000,-8.722406636e-01,-2.190175757e-01,-0.9217,-165.9046
185.00,185.00,2630000000,-8.919852414e-01,1.117839998e-01,-0.9252,172.8569
185.00,185.00,2640000000,-7.906598857e-01,4.269967389e-01,-0.9287,151.6287
185.00,185.00,2650000000,-5.821828557e-01,6.842570357e-01,-0.9305,130.3920
185.00,185.00,2660000000,-2.947027326e-01,8.484198872e-01,-0.9331,109.1549
185.00,185.00,2670000000,3.274392770e-02,8.974514789e-01,-0.9340,87.9105
185.00,185.00,2680000000,3.556086400e-01,8.247023407e-01,-0.9335,66.6745
185.00,185.00,2690000000,6.301589312e-01,6.395646998e-01,-0.9359,45.4244
185.00,185.00,2700000000,8.188633226e-01,3.675906278e-01,-0.9385,24.1755
185.00,185.00,2710000000,8.962153220e-01,4.595547342e-02,-0.9403,2.9354
185.00,185.00,2720000000,8.516295502e-01,-2.816000494e-01,-0.9444,-18.2970
185.00,185.00,2730000000,6.915850801e-01,-5.707249581e-01,-0.9473,-39.5309
185.00,185.00,2740000000,4.379961320e-01,-7.821941733e-01,-0.9492,-60.7530
185.00,185.00,2750000000,1.252347696e-01,-8.876165459e-01,-0.9499,-81.9691
185.00,185.00,2760000000,-2.046509541e-01,-8.729333739e-01,-0.9480,-103.1942
185.00,185.00,2770000000,-5.072426556e-01,-7.400316673e-01,-0.9424,-124.4281
185.00,185.00,2780000000,-7.414504528e-01,-5.057868923e-01,-0.9390,-145.6998
185.00,185.00,2790000000,-8.744667211e-01,-2.018902949e-01,-0.9396,-166.9998
185.00,185.00,2800000000,-8.874136321e-01,1.292965001e-01,-0.9462,171.7103
185.00,185.00,2810000000,-7.790065809e-01,4.414521570e-01,-0.9597,150.4604
185.00,185.00,2820000000,-5.660378388e-01,6.923821735e-01,-0.9702,129.2668
185.00,185.00,2830000000,-2.780478934e-01,8.497851299e-01,-0.9721,108.1180
185.00,185.00,2840000000,4.756852425e-02,8.936208591e-01,-0.9646,86.9530
185.00,185.00,2850000000,3.689285241e-01,8.171028407e-01,-0.9487,65.7004
185.00,185.00,2860000000,6.415698238e-01,6.275157618e-01,-0.9399,44.3655
185.00,185.00,2870000000,8.255762097e-01,3.501871923e-01,-0.9463,22.9853
185.00,185.00,2880000000,8.942180752e-01,2.595333018e-02,-0.9675,1.6625
185.00,185.00,2890000000,8.405141113e-01,-2.982328328e-01,-0.9941,-19.5358
185.00,185.00,2900000000,6.756709268e-01,-5.796900874e-01,-1.0096,-40.6279
185.00,185.00,2910000000,4.223387354e-01,-7.844556171e-01,-1.0032,-61.7027
185.00,185.00,2920000000,1.109763548e-01,-8.864902475e-01,-0.9790,-82.8645
185.00,185.00,2930000000,-2.198147767e-01,-8.683375046e-01,-0.9565,-104.2057
185.00,185.00,2940000000,-5.223971729e-01,-7.281228063e-01,-0.9525,-125.6578
185.00,185.00,2950000000,-7.502005286e-01,-4.857108424e-01,-0.9761,-147.0793
185.00,185.00,2960000000,-8.711444622e-01,-1.797281240e-01,-1.0172,-168.3427
185.00,185.00,2970000000,-8.741915691e-01,1.449332860e-01,-1.0501,170.5865
185.00,185.00,2980000000,-7.637316563e-01,4.478150610e-01,-1.0578,149.6147
185.00,185.00,2990000000,-5.536411163e-01,6.938899717e-01,-1.0347,128.5857
185.00,185.00,3000000000,-2.660995875e-01,8.511068760e-01,-0.9953,107.3619
190.00,190.00,2000000000,2.997737237e-01,8.582750759e-01,-0.8276,70.7470
190.00,190.00,2010000000,5.897776456e-01,6.947752735e-01,-0.8063,49.6729
190.00,190.00,2020000000,8.043623310e-01,4.354563935e-01,-0.7747,28.4297
190.00,190.00,2030000000,9.097079556e-01,1.121925706e-01,-0.7564,7.0307
190.00,190.00,2040000000,8.870448055e-01,-2.277800077e-01,-0.7638,-14.4016
190.00,190.00,2050000000,7.412651003e-01,-5.332634586e-01,-0.7892,-35.7311
190.00,190.00,2060000000,4.969832438e-01,-7.628377058e-01,-0.8149,-56.9160
190.00,190.00,2070000000,1.888318480e-01,-8.895522201e-01,-0.8252,-78.0153
190.00,190.00,2080000000,-1.445748114e-01,-8.986045941e-01,-0.8176,-99.1399
190.00,190.00,2090000000,-4.608269356e-01,-7.869157735e-01,-0.8009,-120.3537
190.00,190.00,2100000000,-7.162591080e-01,-5.662946498e-01,-0.7898,-141.6691
190.00,190.00,2110000000,-8.730031787e-01,-2.666541030e-01,-0.7923,-163.0150
190.00,190.00,2120000000,-9.089044813e-01,6.854020886e-02,-0.8050,175.6875
190.00,190.00,2130000000,-8.209820198e-01,3.923804477e-01,-0.8198,154.4550
190.00,190.00,2140000000,-6.231424891e-01,6.617994686e-01,-0.8287,133.2768
190.00,190.00,2150000000,-3.417957767e-01,8.422193462e-01,-0.8294,112.0887
190.00,190.00,2160000000,-1.378141189e-02,9.091364921e-01,-0.8264,90.8685
190.00,190.00,2170000000,3.167452202e-01,8.524942665e-01,-0.8246,69.6174
190.00,190.00,2180000000,6.041610438e-01,6.794421546e-01,-0.8268,48.3565
190.00,190.00,2190000000,8.089230049e-01,4.141282245e-01,-0.8309,27.1102
190.00,190.00,2200000000,9.035152025e-01,9.300644718e-02,-0.8355,5.8772
190.00,190.00,2210000000,8.756112414e-01,-2.408018375e-01,-0.8371,-15.3768
190.00,190.00,2220000000,7.286003649e-01,-5.413581431e-01,-0.8411,-36.6128
190.00,190.00,2230000000,4.828263626e-01,-7.679660453e-01,-0.8466,-57.8421
190.00,190.00,2240000000,1.718625404e-01,-8.900510354e-01,-0.8527,-79.0711
190.00,190.00,2250000000,-1.614080991e-01,-8.916258306e-01,-0.8563,-100.2609
190.00,190.00,2260000000,-4.730515461e-01,-7.729445533e-01,-0.8554,-121.4671
190.00,190.00,2270000000,-7.212036878e-01,-5.494808377e-01,-0.8509,-142.6964
190.00,190.00,2280000000,-8.717311631e-01,-2.508554545e-01,-0.8468,-163.9459
190.00,190.00,2290000000,-9.029971373e-01,8.277681525e-02,-0.8499,174.7624
190.00,190.00,2300000000,-8.107962593e-01,4.042360123e-01,-0.8576,153.5007
190.00,190.00,2310000000,-6.088766901e-01,6.694430009e-01,-0.8678,132.2874
190.00,190.00,2320000000,-3.256306839e-01,8.435330485e-01,-0.8747,111.1082
190.00,190.00,2330000000,9.795427857e-04,9.045107379e-01,-0.8717,89.9380
190.00,190.00,2340000000,3.284206619e-01,8.436991354e-01,-0.8635,68.7309
190.00,190.00,2350000000,6.125321203e-01,6.677628123e-01,-0.8560,47.4702
190.00,190.00,2360000000,8.136052029e-01,3.996974358e-01,-0.8528,26.1634
190.00,190.00,2370000000,9.023071338e-01,7.719132789e-02,-0.8612,4.8897
190.00,190.00,2380000000,8.678735656e-01,-2.546096038e-01,-0.8723,-16.3502
190.00,190.00,2390000000,7.165294001e-01,-5.506949013e-01,-0.8795,-37.5444
190.00,190.00,2400000000,4.692442493e-01,-7.723015712e-01,-0.8797,-58.7175
190.00,190.00,2410000000,1.580643243e-01,-8.904542441e-01,-0.8730,-79.9343
190.00,190.00,2420000000,-1.756473136e-01,-8.879192147e-01,-0.8658,-101.1897
190.00,190.00,2430000000,-4.861112544e-01,-7.636112874e-01,-0.8650,-122.4806
190.00,190.00,2440000000,-7.297747632e-01,-5.344882053e-01,-0.8711,-143.7809
190.00,190.00,2450000000,-8.728133502e-01,-2.335773994e-01,-0.8812,-165.0179
190.00,190.00,2460000000,-8.972649645e-01,9.791082994e-02,-0.8902,173.7724
190.00,190.00,2470000000,-8.009079057e-01,4.155887685e-01,-0.8929,152.5753
190.00,190.00,2480000000,-5.966326009e-01,6.774175440e-01,-0.8891,131.3718
190.00,190.00,2490000000,-3.108514999e-01,8.480377449e-01,-0.8842,110.1306
190.00,190.00,2500000000,1.816687211e-02,9.032852477e-01,-0.8817,88.8478
190.00,190.00,2510000000,3.446860269e-01,8.348302562e-01,-0.8844,67.5652
190.00,190.00,2520000000,6.232987186e-01,6.525774562e-01,-0.8918,46.3146
190.00,190.00,2530000000,8.168424254e-01,3.818932699e-01,-0.8987,25.0572
190.00,190.00,2540000000,8.990645554e-01,6.028041574e-02,-0.9047,3.8358
190.00,190.00,2550000000,8.596352593e-01,-2.692160205e-01,-0.9074,-17.3892
190.00,190.00,2560000000,7.035490707e-01,-5.625908576e-01,-0.9072,-38.6475
190.00,190.00,2570000000,4.519559967e-01,-7.791500910e-01,-0.9080,-59.8836
190.00,190.00,2580000000,1.391599818e-01,-8.898266787e-01,-0.9090,-81.1115
190.00,190.00,2590000000,-1.921884842e-01,-8.796033961e-01,-0.9117,-102.3251
190.00,190.00,2600000000,-4.972992000e-01,-7.501537795e-01,-0.9150,-123.5416
190.00,190.00,2610000000,-7.341432475e-01,-5.199198018e-01,-0.9190,-144.6939
190.00,190.00,2620000000,-8.721896399e-01,-2.189973812e-01,-0.9223,-165.9050
190.00,190.00,2630000000,-8.919982875e-01,1.117704763e-01,-0.9251,172.8579
190.00,190.00,2640000000,-7.906177334e-01,4.269907984e-01,-0.9291,151.6277
190.00,190.00,2650000000,-5.821998184e-01,6.842364489e-01,-0.9305,130.3936
190.00,190.00,2660000000,-2.946943301e-01,8.484607678e-01,-0.9327,109.1536
190.00,190.00,2670000000,3.273504525e-02,8.973992272e-01,-0.9345,87.9109
190.00,190.00,2680000000,3.556400157e-01,8.246509395e-01,-0.9338,66.6713
190.00,190.00,2690000000,6.300944485e-01,6.395419659e-01,-0.9365,45.4263
190.00,190.00,2700000000,8.188452833e-01,3.676343386e-01,-0.9385,24.1785
190.00,190.00,2710000000,8.961095358e-01,4.595333445e-02,-0.9414,2.9356
190.00,190.00,2720000000,8.516401773e-01,-2.815754007e-01,-0.9443,-18.2953
190.00,190.00,2730000000,6.915686517e-01,-5.707267245e-01,-0.9475,-39.5316
190.00,190.00,2740000000,4.379565048e-01,-7.821349527e-01,-0.9499,-60.7534
190.00,190.00,2750000000,1.252768921e-01,-8.875965400e-01,-0.9500,-81.9662
190.00,190.00,2760000000,-2.046318122e-01,-8.729115667e-01,-0.9483,-103.1933
190.00,190.00,2770000000,-5.072393549e-01,-7.400237066e-01,-0.9424,-124.4282
190.00,190.00,2780000000,-7.414797537e-01,-5.057826396e-01,-0.9388,-145.7011
190.00,190.00,2790000000,-8.744176205e-01,-2.018963635e-01,-0.9401,-166.9987
190.00,190.00,2800000000,-8.874092976e-01,1.292843996e-01,-0.9463,171.7110
190.00,190.00,2810000000,-7.790114514e-01,4.414531839e-01,-0.9597,150.4605
190.00,190.00,2820000000,-5.660922447e-01,6.923544953e-01,-0.9701,129.2706
190.00,190.00,2830000000,-2.780563602e-01,8.498139012e-01,-0.9718,108.1179
190.00,190.00,2840000000,4.754627309e-02,8.935991229e-01,-0.9649,86.9543
190.00,190.00,2850000000,3.688580269e-01,8.170941810e-01,-0.9491,65.7043
190.00,190.00,2860000000,6.415750523e-01,6.275131904e-01,-0.9399,44.3652
190.00,190.00,2870000000,8.255031818e-01,3.502593241e-01,-0.9467,22.9914
190.00,190.00,2880000000,8.942046330e-01,2.600681303e-02,-0.9676,1.6659
190.00,190.00,2890000000,8.404902659e-01,-2.981838411e-01,-0.9945,-19.5333
190.00,190.00,2900000000,6.756467690e-01,-5.796796989e-01,-1.0099,-40.6284
190.00,190.00,2910000000,4.223332302e-01,-7.844385133e-01,-1.0034,-61.7025
190.00,190.00,2920000000,1.110043701e-01,-8.864577285e-01,-0.9793,-82.8624
190.00,190.00,2930000000,-2.198190729e-01,-8.683175385e-01,-0.9567,-104.2063
190.00,190.00,2940000000,-5.223698326e-01,-7.281402678e-01,-0.9525,-125.6558
190.00,190.00,2950000000,-7.501359990e-01,-4.857450456e-01,-0.9764,-147.0752
190.00,190.00,2960000000,-8.711364502e-01,-1.797059808e-01,-1.0173,-168.3440
190.00,190.00,2970000000,-8.741482223e-01,1.449402555e-01,-1.0505,170.5856
190.00,190.00,2980000000,-7.637504382e-01,4.477714754e-01,-1.0579,149.6178
190.00,190.00,2990000000,-5.536502127e-01,6.938870152e-01,-1.0347,128.5863
190.00,190.00,3000000000,-2.660988049e-01,8.510256731e-01,-0.9960,107.3634
195.00,195.00,2000000000,2.997232969e-01,8.582913960e-01,-0.8276,70.7503
195.00,195.00,2010000000,5.897705196e-01,6.948070920e-01,-0.8062,49.6745
195.00,195.00,2020000000,8.042714653e-01,4.354922051e-01,-0.7753,28.4344
195.00,195.00,2030000000,9.096866128e-01,1.121920085e-01,-0.7566,7.0308
195.00,195.00,2040000000,8.870794044e-01,-2.277972880e-01,-0.7634,-14.4021
195.00,195.00,2050000000,7.412686494e-01,-5.332797480e-01,-0.7890,-35.7318
195.00,195.00,2060000000,4.969907341e-01,-7.628406080e-01,-0.8148,-56.9158
195.00,195.00,2070000000,1.888365722e-01,-8.895655445e-01,-0.8250,-78.0152
195.00,195.00,2080000000,-1.445456344e-01,-8.986514690e-01,-0.8172,-99.1376
195.00,195.00,2090000000,-4.608192243e-01,-7.869113398e-01,-0.8009,-120.3535
195.00,195.00,2100000000,-7.162551186e-01,-5.663327077e-01,-0.7896,-141.6671
195.00,195.00,2110000000,-8.730222917e-01,-2.666970247e-01,-0.7920,-163.0128
195.00,195.00,2120000000,-9.089295624e-01,6.854772701e-02,-0.8048,175.6872
195.00,195.00,2130000000,-8.210571179e-01,3.923576431e-01,-0.8193,154.4583
195.00,195.00,2140000000,-6.231587343e-01,6.618492038e-01,-0.8282,133.2754
195.00,195.00,2150000000,-3.418087071e-01,8.422449851e-01,-0.8291,112.0888
195.00,195.00,2160000000,-1.377284194e-02,9.091694237e-01,-0.8261,90.8679
195.00,195.00,2170000000,3.167238399e-01,8.524888350e-01,-0.8247,69.6185
195.00,195.00,2180000000,6.041082572e-01,6.794475701e-01,-0.8271,48.3592
195.00,195.00,2190000000,8.088952959e-01,4.141612764e-01,-0.8310,27.1128
195.00,195.00,2200000000,9.035720461e-01,9.300640101e-02,-0.8350,5.8769
195.00,195.00,2210000000,8.756189697e-01,-2.407735188e-01,-0.8371,-15.3749
195.00,195.00,2220000000,7.286410225e-01,-5.413879210e-01,-0.8406,-36.6127
195.00,195.00,2230000000,4.828639776e-01,-7.679419660e-01,-0.8466,-57.8393
195.00,195.00,2240000000,1.718620719e-01,-8.901030061e-01,-0.8522,-79.0717
195.00,195.00,2250000000,-1.613899594e-01,-8.916753276e-01,-0.8559,-100.2593
195.00,195.00,2260000000,-4.730049784e-01,-7.729960358e-01,-0.8552,-121.4629
195.00,195.00,2270000000,-7.211963565e-01,-5.495257078e-01,-0.8507,-142.6939
195.00,195.00,2280000000,-8.717557530e-01,-2.508759084e-01,-0.8465,-163.9451
195.00,195.00,2290000000,-9.030129896e-01,8.277935502e-02,-0.8498,174.7623
195.00,195.00,2300000000,-8.108252916e-01,4.042311397e-01,-0.8574,153.5018
195.00,195.00,2310000000,-6.088930873e-01,6.694579118e-01,-0.8676,132.2875
195.00,195.00,2320000000,-3.256480383e-01,8.434845405e-01,-0.8751,111.1103
195.00,195.00,2330000000,9.379251267e-04,9.045122410e-01,-0.8717,89.9406
195.00,195.00,2340000000,3.283749367e-01,8.436698012e-01,-0.8639,68.7329
195.00,195.00,2350000000,6.125302504e-01,6.677452062e-01,-0.8562,47.4695
195.00,195.00,2360000000,8.135571284e-01,3.997101407e-01,-0.8532,26.1654
195.00,195.00,2370000000,9.022689103e-01,7.719800098e-02,-0.8616,4.8903
195.00,195.00,2380000000,8.678874687e-01,-2.546039094e-01,-0.8722,-16.3496
195.00,195.00,2390000000,7.164932701e-01,-5.506981098e-01,-0.8797,-37.5459
195.00,195.00,2400000000,4.692649699e-01,-7.723084903e-01,-0.8795,-58.7166
195.00,195.00,2410000000,1.580806729e-01,-8.904711867e-01,-0.8728,-79.9335
195.00,195.00,2420000000,-1.756444236e-01,-8.879264510e-01,-0.8658,-101.1895
195.00,195.00,2430000000,-4.861317749e-01,-7.636391273e-01,-0.8647,-122.4808
195.00,195.00,2440000000,-7.297613786e-01,-5.345269799e-01,-0.8710,-143.7784
195.00,195.00,2450000000,-8.728232531e-01,-2.336068327e-01,-0.8810,-165.0163
195.00,195.00,2460000000,-8.973095517e-01,9.789945403e-02,-0.8898,173.7735
195.00,195.00,2470000000,-8.008788482e-01,4.155320133e-01,-0.8934,152.5777
195.00,195.00,2480000000,-5.966588286e-01,6.774027154e-01,-0.8891,131.3737
195.00,195.00,2490000000,-3.108663363e-01,8.479871219e-01,-0.8846,110.1326
195.00,195.00,2500000000,1.811000232e-02,9.032723074e-01,-0.8819,88.8514
195.00,195.00,2510000000,3.446559818e-01,8.348986247e-01,-0.8839,67.5686
195.00,195.00,2520000000,6.232880813e-01,6.525901409e-01,-0.8918,46.3156
195.00,195.00,2530000000,8.168311560e-01,3.818680172e-01,-0.8989,25.0561
195.00,195.00,2540000000,8.991319695e-01,6.023215217e-02,-0.9041,3.8325
195.00,195.00,2550000000,8.596945147e-01,-2.692633570e-01,-0.9067,-17.3910
195.00,195.00,2560000000,7.035603790e-01,-5.625930197e-01,-0.9071,-38.6471
195.00,195.00,2570000000,4.520017150e-01,-7.791475841e-01,-0.9078,-59.8810
195.00,195.00,2580000000,1.391799275e-01,-8.898299347e-01,-0.9089,-81.1103
195.00,195.00,2590000000,-1.922089705e-01,-8.796108915e-01,-0.9116,-102.3263
195.00,195.00,2600000000,-4.973078634e-01,-7.501696217e-01,-0.9148,-123.5415
195.00,195.00,2610000000,-7.341482931e-01,-5.199364304e-01,-0.9189,-144.6932
195.00,195.00,2620000000,-8.721902319e-01,-2.190397690e-01,-0.9222,-165.9024
195.00,195.00,2630000000,-8.920169646e-01,1.117294296e-01,-0.9249,172.8606
195.00,195.00,2640000000,-7.907127272e-01,4.269641300e-01,-0.9284,151.6321
195.00,195.00,2650000000,-5.822320460e-01,6.842305482e-01,-0.9304,130.3954
195.00,195.00,2660000000,-2.947470210e-01,8.485283572e-01,-0.9319,109.1553
195.00,195.00,2670000000,3.269463638e-02,8.974704895e-01,-0.9338,87.9137
195.00,195.00,2680000000,3.555765924e-01,8.246879015e-01,-0.9337,66.6760
195.00,195.00,2690000000,6.301045142e-01,6.396076572e-01,-0.9360,45.4288
195.00,195.00,2700000000,8.188723454e-01,3.676238303e-01,-0.9383,24.1772
195.00,195.00,2710000000,8.961839325e-01,4.598889631e-02,-0.9406,2.9376
195.00,195.00,2720000000,8.516560308e-01,-2.816046873e-01,-0.9441,-18.2967
195.00,195.00,2730000000,6.915772207e-01,-5.707258118e-01,-0.9474,-39.5312
195.00,195.00,2740000000,4.380016751e-01,-7.821710548e-01,-0.9494,-60.7520
195.00,195.00,2750000000,1.253271773e-01,-8.876204351e-01,-0.9497,-81.9633
195.00,195.00,2760000000,-2.045904903e-01,-8.729612275e-01,-0.9479,-103.1900
195.00,195.00,2770000000,-5.071962371e-01,-7.400426649e-01,-0.9425,-124.4252
195.00,195.00,2780000000,-7.414535949e-01,-5.058353968e-01,-0.9387,-145.6974
195.00,195.00,2790000000,-8.744065661e-01,-2.018931421e-01,-0.9402,-166.9987
195.00,195.00,2800000000,-8.874237708e-01,1.292737829e-01,-0.9462,171.7118
195.00,195.00,2810000000,-7.790525499e-01,4.414319837e-01,-0.9594,150.4630
195.00,195.00,2820000000,-5.660766615e-01,6.923648867e-01,-0.9701,129.2694
195.00,195.00,2830000000,-2.780741616e-01,8.497982107e-01,-0.9719,108.1193
195.00,195.00,2840000000,4.752107345e-02,8.936290395e-01,-0.9646,86.9560
195.00,195.00,2850000000,3.688705201e-01,8.171079010e-01,-0.9489,65.7040
195.00,195.00,2860000000,6.415712008e-01,6.275399635e-01,-0.9398,44.3666
195.00,195.00,2870000000,8.255050637e-01,3.502687042e-01,-0.9466,22.9919
195.00,195.00,2880000000,8.942091220e-01,2.600493319e-02,-0.9675,1.6658
195.00,195.00,2890000000,8.405197303e-01,-2.981772269e-01,-0.9942,-19.5323
195.00,195.00,2900000000,6.756862858e-01,-5.796726485e-01,-1.0096,-40.6264
195.00,195.00,2910000000,4.223368698e-01,-7.844531471e-01,-1.0032,-61.7027
195.00,195.00,2920000000,1.109767129e-01,-8.864613970e-01,-0.9793,-82.8642
195.00,195.00,2930000000,-2.198320792e-01,-8.683925688e-01,-0.9559,-104.2059
195.00,195.00,2940000000,-5.223772038e-01,-7.281075978e-01,-0.9527,-125.6574
195.00,195.00,2950000000,-7.501869463e-01,-4.857684611e-01,-0.9759,-147.0757
195.00,195.00,2960000000,-8.711224312e-01,-1.797786170e-01,-1.0173,-168.3392
195.00,195.00,2970000000,-8.741913993e-01,1.448877900e-01,-1.0502,170.5894
195.00,195.00,2980000000,-7.637387350e-01,4.477507556e-01,-1.0581,149.6185
195.00,195.00,2990000000,-5.536830878e-01,6.938542145e-01,-1.0347,128.5892
195.00,195.00,3000000000,-2.661261616e-01,8.510356847e-01,-0.9959,107.3649
200.00,200.00,2000000000,2.997540882e-01,8.583121439e-01,-0.8273,70.7489
200.00,200.00,2010000000,5.897619358e-01,6.948002794e-01,-0.8063,49.6747
200.00,200.00,2020000000,8.043088735e-01,4.354738618e-01,-0.7751,28.4323
200.00,200.00,2030000000,9.097112029e-01,1.122124259e-01,-0.7563,7.0319
200.00,200.00,2040000000,8.870969929e-01,-2.278035267e-01,-0.7632,-14.4022
200.00,200.00,2050000000,7.413312679e-01,-5.333058696e-01,-0.7884,-35.7308
200.00,200.00,2060000000,4.969937502e-01,-7.628760746e-01,-0.8145,-56.9168
200.00,200.00,2070000000,1.888228923e-01,-8.895612728e-01,-0.8251,-78.0160
200.00,200.00,2080000000,-1.445640267e-01,-8.986296324e-01,-0.8174,-99.1390
200.00,200.00,2090000000,-4.608593491e-01,-7.868855959e-01,-0.8010,-120.3564
200.00,200.00,2100000000,-7.162445088e-01,-5.663160321e-01,-0.7898,-141.6675
200.00,200.00,2110000000,-8.730303084e-01,-2.666886649e-01,-0.7920,-163.0134
200.00,200.00,2120000000,-9.089393949e-01,6.855129306e-02,-0.8047,175.6870
200.00,200.00,2130000000,-8.210270827e-01,3.923589597e-01,-0.8195,154.4574
200.00,200.00,2140000000,-6.231770076e-01,6.618303484e-01,-0.8283,133.2770
200.00,200.00,2150000000,-3.418190496e-01,8.422452256e-01,-0.8291,112.0894
200.00,200.00,2160000000,-1.377348249e-02,9.091771043e-01,-0.8260,90.8679
200.00,200.00,2170000000,3.167200879e-01,8.524910986e-01,-0.8247,69.6188
200.00,200.00,2180000000,6.041815808e-01,6.794791408e-01,-0.8264,48.3570
200.00,200.00,2190000000,8.089272778e-01,4.141747910e-01,-0.8307,27.1127
200.00,200.00,2200000000,9.035358866e-01,9.299662280e-02,-0.8353,5.8765
200.00,200.00,2210000000,8.756256443e-01,-2.408190238e-01,-0.8370,-15.3776
200.00,200.00,2220000000,7.286285471e-01,-5.413802432e-01,-0.8408,-36.6128
200.00,200.00,2230000000,4.828440311e-01,-7.679469294e-01,-0.8466,-57.8405
200.00,200.00,2240000000,1.718569181e-01,-8.900828219e-01,-0.8524,-79.0718
200.00,200.00,2250000000,-1.614161071e-01,-8.916844887e-01,-0.8557,-100.2608
200.00,200.00,2260000000,-4.730313713e-01,-7.729960215e-01,-0.8551,-121.4644
200.00,200.00,2270000000,-7.212237919e-01,-5.495050075e-01,-0.8507,-142.6960
200.00,200.00,2280000000,-8.717728449e-01,-2.508588806e-01,-0.8464,-163.9464
200.00,200.00,2290000000,-9.029860641e-01,8.275336010e-02,-0.8501,174.7638
200.00,200.00,2300000000,-8.108396526e-01,4.042190474e-01,-0.8573,153.5029
200.00,200.00,2310000000,-6.088802625e-01,6.694713953e-01,-0.8675,132.2863
200.00,200.00,2320000000,-3.256178736e-01,8.435415177e-01,-0.8746,111.1072
200.00,200.00,2330000000,9.580228757e-04,9.045794256e-01,-0.8711,89.9393
200.00,200.00,2340000000,3.284423759e-01,8.436644048e-01,-0.8637,68.7288
200.00,200.00,2350000000,6.125724030e-01,6.677301409e-01,-0.8560,47.4669
200.00,200.00,2360000000,8.136073849e-01,3.996735873e-01,-0.8529,26.1620
200.00,200.00,2370000000,9.022975299e-01,7.718458127e-02,-0.8613,4.8893
200.00,200.00,2380000000,8.678796282e-01,-2.546571665e-01,-0.8721,-16.3530
200.00,200.00,2390000000,7.165110485e-01,-5.507386946e-01,-0.8794,-37.5473
200.00,200.00,2400000000,4.692507520e-01,-7.723194498e-01,-0.8795,-58.7177
200.00,200.00,2410000000,1.580872666e-01,-8.904478148e-01,-0.8731,-79.9328
200.00,200.00,2420000000,-1.756654294e-01,-8.879091122e-01,-0.8659,-101.1910
200.00,200.00,2430000000,-4.861461690e-01,-7.636613804e-01,-0.8644,-122.4808
200.00,200.00,2440000000,-7.297862228e-01,-5.345117259e-01,-0.8709,-143.7801
200.00,200.00,2450000000,-8.728600969e-01,-2.335769145e-01,-0.8807,-165.0187
200.00,200.00,2460000000,-8.973046622e-01,9.795594763e-02,-0.8898,173.7699
200.00,200.00,2470000000,-8.009286967e-01,4.155805747e-01,-0.8927,152.5764
200.00,200.00,2480000000,-5.966718031e-01,6.774559921e-01,-0.8886,131.3721
200.00,200.00,2490000000,-3.108497886e-01,8.480570096e-01,-0.8840,110.1301
200.00,200.00,2500000000,1.815019213e-02,9.032736171e-01,-0.8819,88.8489
200.00,200.00,2510000000,3.446725679e-01,8.348834549e-01,-0.8840,67.5672
200.00,200.00,2520000000,6.233485069e-01,6.525970294e-01,-0.8914,46.3132
200.00,200.00,2530000000,8.168432144e-01,3.818573408e-01,-0.8988,25.0551
200.00,200.00,2540000000,8.991056573e-01,6.025770906e-02,-0.9043,3.8342
200.00,200.00,2550000000,8.596721702e-01,-2.692248012e-01,-0.9070,-17.3891
200.00,200.00,2560000000,7.035032909e-01,-5.626557677e-01,-0.9071,-38.6525
200.00,200.00,2570000000,4.520024888e-01,-7.791675557e-01,-0.9076,-59.8816
200.00,200.00,2580000000,1.391561360e-01,-8.898475713e-01,-0.9088,-81.1120
200.00,200.00,2590000000,-1.922096895e-01,-8.796271744e-01,-0.9115,-102.3261
200.00,200.00,2600000000,-4.973343054e-01,-7.501849911e-01,-0.9145,-123.5423
200.00,200.00,2610000000,-7.341367741e-01,-5.199102157e-01,-0.9191,-144.6942
200.00,200.00,2620000000,-8.722426196e-01,-2.190316845e-01,-0.9217,-165.9037
200.00,200.00,2630000000,-8.920091876e-01,1.117666005e-01,-0.9250,172.8582
200.00,200.00,2640000000,-7.906934885e-01,4.270152004e-01,-0.9284,151.6287
200.00,200.00,2650000000,-5.822295758e-01,6.842753838e-01,-0.9301,130.3935
200.00,200.00,2660000000,-2.947512174e-01,8.485022546e-01,-0.9322,109.1561
200.00,200.00,2670000000,3.269334049e-02,8.974674050e-01,-0.9339,87.9137
200.00,200.00,2680000000,3.555963361e-01,8.246506301e-01,-0.9340,66.6739
200.00,200.00,2690000000,6.301416900e-01,6.395035021e-01,-0.9364,45.4225
200.00,200.00,2700000000,8.188353439e-01,3.676242662e-01,-0.9386,24.1782
200.00,200.00,2710000000,8.961719174e-01,4.597686672e-02,-0.9408,2.9369
200.00,200.00,2720000000,8.516145731e-01,-2.815810673e-01,-0.9445,-18.2961
200.00,200.00,2730000000,6.915497092e-01,-5.707213937e-01,-0.9476,-39.5321
200.00,200.00,2740000000,4.379693358e-01,-7.821561204e-01,-0.9497,-60.7533
200.00,200.00,2750000000,1.252737671e-01,-8.876944929e-01,-0.9491,-81.9673
200.00,200.00,2760000000,-2.046469654e-01,-8.729860591e-01,-0.9475,-103.1932
200.00,200.00,2770000000,-5.072270762e-01,-7.400397527e-01,-0.9424,-124.4269
200.00,200.00,2780000000,-7.414729985e-01,-5.057466036e-01,-0.9390,-145.7027
200.00,200.00,2790000000,-8.744149303e-01,-2.018927948e-01,-0.9401,-166.9989
200.00,200.00,2800000000,-8.873869382e-01,1.292936811e-01,-0.9465,171.7102
200.00,200.00,2810000000,-7.789919734e-01,4.414563624e-01,-0.9598,150.4597
200.00,200.00,2820000000,-5.660682788e-01,6.923534865e-01,-0.9703,129.2694
200.00,200.00,2830000000,-2.780439765e-01,8.497749934e-01,-0.9722,108.1180
200.00,200.00,2840000000,4.753548800e-02,8.936274174e-01,-0.9646,86.9551
200.00,200.00,2850000000,3.688767792e-01,8.171142291e-01,-0.9488,65.7038
200.00,200.00,2860000000,6.415867325e-01,6.274992965e-01,-0.9399,44.3640
200.00,200.00,2870000000,8.255468022e-01,3.502595719e-01,-0.9463,22.9903
200.00,200.00,2880000000,8.942170491e-01,2.600259700e-02,-0.9675,1.6656
200.00,200.00,2890000000,8.405365816e-01,-2.981731764e-01,-0.9941,-19.5317
200.00,200.00,2900000000,6.756745113e-01,-5.796669384e-01,-1.0097,-40.6266
200.00,200.00,2910000000,4.223467261e-01,-7.843620299e-01,-1.0040,-61.6994
200.00,200.00,2920000000,1.109617337e-01,-8.864514956e-01,-0.9794,-82.8651
200.00,200.00,2930000000,-2.198182282e-01,-8.683176704e-01,-0.9567,-104.2062
200.00,200.00,2940000000,-5.223908896e-01,-7.281310782e-01,-0.9525,-125.6572
200.00,200.00,2950000000,-7.501475832e-01,-4.857785717e-01,-0.9762,-147.0738
200.00,200.00,2960000000,-8.711267234e-01,-1.797476179e-01,-1.0173,-168.3413
200.00,200.00,2970000000,-8.741667702e-01,1.448983983e-01,-1.0504,170.5885
200.00,200.00,2980000000,-7.637794168e-01,4.477802564e-01,-1.0576,149.6182
200.00,200.00,2990000000,-5.536395168e-01,6.938942799e-01,-1.0347,128.5854
200.00,200.00,3000000000,-2.661147164e-01,8.510683986e-01,-0.9956,107.3636
205.00,205.00,2000000000,2.997618516e-01,8.582614283e-01,-0.8277,70.7474
205.00,205.00,2010000000,5.897958323e-01,6.948079508e-01,-0.8060,49.6733
205.00,205.00,2020000000,8.043194367e-01,4.355020897e-01,-0.7749,28.4335
205.00,205.00,2030000000,9.097056386e-01,1.122067892e-01,-0.7564,7.0316
205.00,205.00,2040000000,8.871124032e-01,-2.277814518e-01,-0.7631,-14.4006
205.00,205.00,2050000000,7.413259245e-01,-5.333116851e-01,-0.7884,-35.7313
205.00,205.00,2060000000,4.970205649e-01,-7.628843942e-01,-0.8143,-56.9157
205.00,205.00,2070000000,1.888469923e-01,-8.895629601e-01,-0.8250,-78.0145
205.00,205.00,2080000000,-1.445440733e-01,-8.986396402e-01,-0.8174,-99.1376
205.00,205.00,2090000000,-4.608257004e-01,-7.868811561e-01,-0.8012,-120.3548
205.00,205.00,2100000000,-7.162712605e-01,-5.663263806e-01,-0.7895,-141.6680
205.00,205.00,2110000000,-8.730375618e-01,-2.666833462e-01,-0.7919,-163.0139
205.00,205.00,2120000000,-9.089296924e-01,6.856188890e-02,-0.8048,175.6863
205.00,205.00,2130000000,-8.210267101e-01,3.923328717e-01,-0.8196,154.4589
205.00,205.00,2140000000,-6.231710945e-01,6.618784644e-01,-0.8280,133.2747
205.00,205.00,2150000000,-3.418032996e-01,8.422648178e-01,-0.8289,112.0880
205.00,205.00,2160000000,-1.379181296e-02,9.091436804e-01,-0.8264,90.8691
205.00,205.00,2170000000,3.167569742e-01,8.525336510e-01,-0.8242,69.6176
205.00,205.00,2180000000,6.041464825e-01,6.794685946e-01,-0.8267,48.3582
205.00,205.00,2190000000,8.089264873e-01,4.141761152e-01,-0.8307,27.1128
205.00,205.00,2200000000,9.035506574e-01,9.299970156e-02,-0.8352,5.8766
205.00,205.00,2210000000,8.756373973e-01,-2.408348146e-01,-0.8368,-15.3784
205.00,205.00,2220000000,7.286716602e-01,-5.413729563e-01,-0.8405,-36.6108
205.00,205.00,2230000000,4.828424692e-01,-7.679363310e-01,-0.8467,-57.8402
205.00,205.00,2240000000,1.718867271e-01,-8.901128139e-01,-0.8521,-79.0703
205.00,205.00,2250000000,-1.613723983e-01,-8.916943696e-01,-0.8557,-100.2580
205.00,205.00,2260000000,-4.730580599e-01,-7.730111630e-01,-0.8548,-121.4653
205.00,205.00,2270000000,-7.212127069e-01,-5.494911431e-01,-0.8508,-142.6963
205.00,205.00,2280000000,-8.717680811e-01,-2.508313997e-01,-0.8466,-163.9480
205.00,205.00,2290000000,-9.030516245e-01,8.277558213e-02,-0.8494,174.7628
205.00,205.00,2300000000,-8.108264466e-01,4.042625537e-01,-0.8573,153.5000
205.00,205.00,2310000000,-6.088809741e-01,6.694606293e-01,-0.8676,132.2868
205.00,205.00,2320000000,-3.255974219e-01,8.435435813e-01,-0.8747,111.1060
205.00,205.00,2330000000,9.867366358e-04,9.045706578e-01,-0.8711,89.9375
205.00,205.00,2340000000,3.284416842e-01,8.437043956e-01,-0.8634,68.7298
205.00,205.00,2350000000,6.125976259e-01,6.677763387e-01,-0.8555,47.4677
205.00,205.00,2360000000,8.136661514e-01,3.997092413e-01,-0.8522,26.1623
205.00,205.00,2370000000,9.023367159e-01,7.720825059e-02,-0.8609,4.8906
205.00,205.00,2380000000,8.678973767e-01,-2.546123367e-01,-0.8721,-16.3499
205.00,205.00,2390000000,7.165323690e-01,-5.507409850e-01,-0.8792,-37.5466
205.00,205.00,2400000000,4.692753243e-01,-7.723020835e-01,-0.8795,-58.7158
205.00,205.00,2410000000,1.581040505e-01,-8.904850020e-01,-0.8727,-79.9322
205.00,205.00,2420000000,-1.756553816e-01,-8.879589022e-01,-0.8654,-101.1897
205.00,205.00,2430000000,-4.861644129e-01,-7.636525063e-01,-0.8644,-122.4821
205.00,205.00,2440000000,-7.297562618e-01,-5.344987849e-01,-0.8712,-143.7797
205.00,205.00,2450000000,-8.728685789e-01,-2.335881223e-01,-0.8806,-165.0181
205.00,205.00,2460000000,-8.972833019e-01,9.793932239e-02,-0.8900,173.7708
205.00,205.00,2470000000,-8.009168473e-01,4.155277480e-01,-0.8931,152.5790
205.00,205.00,2480000000,-5.966451681e-01,6.774281807e-01,-0.8890,131.3720
205.00,205.00,2490000000,-3.108567937e-01,8.479943586e-01,-0.8846,110.1319
205.00,205.00,2500000000,1.817026843e-02,9.032858110e-01,-0.8817,88.8476
205.00,205.00,2510000000,3.446607865e-01,8.348746806e-01,-0.8841,67.5677
205.00,205.00,2520000000,6.232803164e-01,6.525865674e-01,-0.8919,46.3158
205.00,205.00,2530000000,8.168496255e-01,3.818527431e-01,-0.8988,25.0547
205.00,205.00,2540000000,8.990976819e-01,6.026405133e-02,-0.9044,3.8346
205.00,205.00,2550000000,8.596751068e-01,-2.692048509e-01,-0.9070,-17.3878
205.00,205.00,2560000000,7.035357579e-01,-5.626047611e-01,-0.9072,-38.6487
205.00,205.00,2570000000,4.519918909e-01,-7.791471160e-01,-0.9078,-59.8815
205.00,205.00,2580000000,1.391541583e-01,-8.898162703e-01,-0.9091,-81.1118
205.00,205.00,2590000000,-1.921741833e-01,-8.796184434e-01,-0.9116,-102.3240
205.00,205.00,2600000000,-4.973213487e-01,-7.501446020e-01,-0.9149,-123.5431
205.00,205.00,2610000000,-7.341464570e-01,-5.199445422e-01,-0.9188,-144.6927
205.00,205.00,2620000000,-8.722080999e-01,-2.190167411e-01,-0.9220,-165.9041
205.00,205.00,2630000000,-8.919971442e-01,1.117740862e-01,-0.9251,172.8576
205.00,205.00,2640000000,-7.906466962e-01,4.270157283e-01,-0.9288,151.6272
205.00,205.00,2650000000,-5.822334730e-01,6.842521788e-01,-0.9302,130.3946
205.00,205.00,2660000000,-2.947399270e-01,8.484846162e-01,-0.9324,109.1558
205.00,205.00,2670000000,3.268009015e-02,8.974603039e-01,-0.9339,87.9146
205.00,205.00,2680000000,3.556201286e-01,8.246911940e-01,-0.9335,66.6735
205.00,205.00,2690000000,6.301917348e-01,6.395488575e-01,-0.9358,45.4222
205.00,205.00,2700000000,8.188639608e-01,3.676245496e-01,-0.9383,24.1774
205.00,205.00,2710000000,8.961744748e-01,4.599605613e-02,-0.9407,2.9381
205.00,205.00,2720000000,8.516323565e-01,-2.815529358e-01,-0.9445,-18.2941
205.00,205.00,2730000000,6.916008075e-01,-5.707231792e-01,-0.9472,-39.5301
205.00,205.00,2740000000,4.380437288e-01,-7.821648199e-01,-0.9493,-60.7494
205.00,205.00,2750000000,1.252721694e-01,-8.876546777e-01,-0.9495,-81.9671
205.00,205.00,2760000000,-2.045963825e-01,-8.729274659e-01,-0.9482,-103.1909
205.00,205.00,2770000000,-5.072356628e-01,-7.400521018e-01,-0.9422,-124.4269
205.00,205.00,2780000000,-7.414613863e-01,-5.058199131e-01,-0.9387,-145.6985
205.00,205.00,2790000000,-8.744058174e-01,-2.019059904e-01,-0.9401,-166.9979
205.00,205.00,2800000000,-8.874482085e-01,1.292950084e-01,-0.9459,171.7107
205.00,205.00,2810000000,-7.790277057e-01,4.414547892e-01,-0.9595,150.4609
205.00,205.00,2820000000,-5.661061537e-01,6.923782706e-01,-0.9698,129.2703
205.00,205.00,2830000000,-2.780860653e-01,8.498102924e-01,-0.9718,108.1198
205.00,205.00,2840000000,4.755570893e-02,8.936433667e-01,-0.9644,86.9538
205.00,205.00,2850000000,3.689022719e-01,8.171154820e-01,-0.9487,65.7023
205.00,205.00,2860000000,6.415438945e-01,6.275352430e-01,-0.9400,44.3676
205.00,205.00,2870000000,8.255452774e-01,3.502507761e-01,-0.9464,22.9899
205.00,205.00,2880000000,8.941966187e-01,2.599333965e-02,-0.9677,1.6651
205.00,205.00,2890000000,8.405029445e-01,-2.981879158e-01,-0.9944,-19.5333
205.00,205.00,2900000000,6.756743432e-01,-5.796892168e-01,-1.0096,-40.6277
205.00,205.00,2910000000,4.223501446e-01,-7.844328160e-01,-1.0034,-61.7013
205.00,205.00,2920000000,1.109624128e-01,-8.864648939e-01,-0.9792,-82.8652
205.00,205.00,2930000000,-2.198029681e-01,-8.683097213e-01,-0.9568,-104.2054
205.00,205.00,2940000000,-5.223742898e-01,-7.280906048e-01,-0.9529,-125.6578
205.00,205.00,2950000000,-7.501594726e-01,-4.857251024e-01,-0.9763,-147.0771
205.00,205.00,2960000000,-8.710941665e-01,-1.797316536e-01,-1.0176,-168.3418
205.00,205.00,2970000000,-8.741554323e-01,1.449260790e-01,-1.0505,170.5866
205.00,205.00,2980000000,-7.637150318e-01,4.477868274e-01,-1.0581,149.6157
205.00,205.00,2990000000,-5.536640748e-01,6.938588456e-01,-1.0348,128.5881
205.00,205.00,3000000000,-2.661074326e-01,8.510474430e-01,-0.9958,107.3635
210.00,210.00,2000000000,2.991636482e-01,8.563345912e-01,-0.8470,70.7430
210.00,210.00,2010000000,5.886495797e-01,6.930885126e-01,-0.8256,49.6583
210.00,210.00,2020000000,8.026333133e-01,4.341807920e-01,-0.7949,28.4110
210.00,210.00,2030000000,9.073322476e-01,1.115614109e-01,-0.7795,7.0096
210.00,210.00,2040000000,8.846622442e-01,-2.273021857e-01,-0.7868,-14.4097
210.00,210.00,2050000000,7.393798197e-01,-5.318644266e-01,-0.8115,-35.7289
210.00,210.00,2060000000,4.958188173e-01,-7.609906556e-01,-0.8358,-56.9140
210.00,210.00,2070000000,1.883717063e-01,-8.875645918e-01,-0.8447,-78.0177
210.00,210.00,2080000000,-1.443695066e-01,-8.967892592e-01,-0.8351,-99.1453
210.00,210.00,2090000000,-4.600291122e-01,-7.850918372e-01,-0.8197,-120.3684
210.00,210.00,2100000000,-7.147160812e-01,-5.647454635e-01,-0.8105,-141.6854
210.00,210.00,2110000000,-8.709463350e-01,-2.657671911e-01,-0.8135,-163.0306
210.00,210.00,2120000000,-9.069001538e-01,6.852084002e-02,-0.8241,175.6792
210.00,210.00,2130000000,-8.193390888e-01,3.916054718e-01,-0.8372,154.4544
210.00,210.00,2140000000,-6.218984742e-01,6.605753117e-01,-0.8454,133.2726
210.00,210.00,2150000000,-3.410973971e-01,8.407480062e-01,-0.8449,112.0827
210.00,210.00,2160000000,-1.363900346e-02,9.073801000e-01,-0.8432,90.8612
210.00,210.00,2170000000,3.161619332e-01,8.505550717e-01,-0.8439,69.6093
210.00,210.00,2180000000,6.028138458e-01,6.777352016e-01,-0.8475,48.3484
210.00,210.00,2190000000,8.070315474e-01,4.130552287e-01,-0.8517,27.1043
210.00,210.00,2200000000,9.014058784e-01,9.267120971e-02,-0.8559,5.8698
210.00,210.00,2210000000,8.735878711e-01,-2.403452557e-01,-0.8570,-15.3829
210.00,210.00,2220000000,7.270060104e-01,-5.402460699e-01,-0.8597,-36.6164
210.00,210.00,2230000000,4.818252542e-01,-7.664396429e-01,-0.8641,-57.8443
210.00,210.00,2240000000,1.714911569e-01,-8.883413400e-01,-0.8695,-79.0737
210.00,210.00,2250000000,-1.611227278e-01,-8.899723763e-01,-0.8724,-100.2618
210.00,210.00,2260000000,-4.722150566e-01,-7.716166384e-01,-0.8705,-121.4659
210.00,210.00,2270000000,-7.200175518e-01,-5.485362843e-01,-0.8655,-142.6985
210.00,210.00,2280000000,-8.702638664e-01,-2.503344861e-01,-0.8617,-163.9519
210.00,210.00,2290000000,-9.013679390e-01,8.274025425e-02,-0.8655,174.7553
210.00,210.00,2300000000,-8.093818504e-01,4.035911223e-01,-0.8725,153.4973
210.00,210.00,2310000000,-6.077059444e-01,6.682305039e-01,-0.8840,132.2842
210.00,210.00,2320000000,-3.249839603e-01,8.419616693e-01,-0.8910,111.1058
210.00,210.00,2330000000,9.833857219e-04,9.029845813e-01,-0.8864,89.9376
210.00,210.00,2340000000,3.279492097e-01,8.423192846e-01,-0.8775,68.7270
210.00,210.00,2350000000,6.117419212e-01,6.666118839e-01,-0.8693,47.4578
210.00,210.00,2360000000,8.123523562e-01,3.988881964e-01,-0.8670,26.1524
210.00,210.00,2370000000,9.008070062e-01,7.692213687e-02,-0.8758,4.8808
210.00,210.00,2380000000,8.663697690e-01,-2.542229645e-01,-0.8872,-16.3535
210.00,210.00,2390000000,7.153028335e-01,-5.497441872e-01,-0.8944,-37.5440
210.00,210.00,2400000000,4.685074212e-01,-7.710332704e-01,-0.8938,-58.7156
210.00,210.00,2410000000,1.578220659e-01,-8.890558961e-01,-0.8867,-79.9339
210.00,210.00,2420000000,-1.754816490e-01,-8.865707770e-01,-0.8788,-101.1960
210.00,210.00,2430000000,-4.854608521e-01,-7.622635070e-01,-0.8793,-122.4917
210.00,210.00,2440000000,-7.284341654e-01,-5.332494708e-01,-0.8886,-143.7940
210.00,210.00,2450000000,-8.708637851e-01,-2.329754660e-01,-0.9008,-165.0228
210.00,210.00,2460000000,-8.951230516e-01,9.763346271e-02,-0.9110,173.7752
210.00,210.00,2470000000,-7.991436757e-01,4.144837504e-01,-0.9129,152.5860
210.00,210.00,2480000000,-5.955034714e-01,6.758864839e-01,-0.9074,131.3823
210.00,210.00,2490000000,-3.102570540e-01,8.462261705e-01,-0.9025,110.1348
210.00,210.00,2500000000,1.822268228e-02,9.013863723e-01,-0.9000,88.8419
210.00,210.00,2510000000,3.440613882e-01,8.330064786e-01,-0.9030,67.5576
210.00,210.00,2520000000,6.220058502e-01,6.510325188e-01,-0.9112,46.3062
210.00,210.00,2530000000,8.150023148e-01,3.809869817e-01,-0.9185,25.0546
210.00,210.00,2540000000,8.970811221e-01,6.020137321e-02,-0.9239,3.8393
210.00,210.00,2550000000,8.579315012e-01,-2.685735456e-01,-0.9249,-17.3826
210.00,210.00,2560000000,7.022449308e-01,-5.614552584e-01,-0.9238,-38.6429
210.00,210.00,2570000000,4.510919922e-01,-7.777289320e-01,-0.9240,-59.8858
210.00,210.00,2580000000,1.387356550e-01,-8.880769459e-01,-0.9263,-81.1210
210.00,210.00,2590000000,-1.919461712e-01,-8.776729398e-01,-0.9304,-102.3363
210.00,210.00,2600000000,-4.962550437e-01,-7.484246169e-01,-0.9344,-123.5470
210.00,210.00,2610000000,-7.325267713e-01,-5.187547343e-01,-0.9383,-144.6950
210.00,210.00,2620000000,-8.703683596e-01,-2.186737939e-01,-0.9401,-165.8968
210.00,210.00,2630000000,-8.903006613e-01,1.114407002e-01,-0.9417,172.8653
210.00,210.00,2640000000,-7.891990252e-01,4.260964231e-01,-0.9453,151.6349
210.00,210.00,2650000000,-5.811446923e-01,6.829789010e-01,-0.9464,130.3944
210.00,210.00,2660000000,-2.941853669e-01,8.468969018e-01,-0.9486,109.1556
210.00,210.00,2670000000,3.264170358e-02,8.957414364e-01,-0.9506,87.9130
210.00,210.00,2680000000,3.548948221e-01,8.230383522e-01,-0.9510,66.6743
210.00,210.00,2690000000,6.288545553e-01,6.383059282e-01,-0.9534,45.4273
210.00,210.00,2700000000,8.172115521e-01,3.669697735e-01,-0.9555,24.1825
210.00,210.00,2710000000,8.943904564e-01,4.600261158e-02,-0.9580,2.9444
210.00,210.00,2720000000,8.498893989e-01,-2.809147821e-01,-0.9625,-18.2903
210.00,210.00,2730000000,6.901715274e-01,-5.695773578e-01,-0.9650,-39.5318
210.00,210.00,2740000000,4.371463710e-01,-7.805362229e-01,-0.9673,-60.7486
210.00,210.00,2750000000,1.250391545e-01,-8.858133473e-01,-0.9675,-81.9654
210.00,210.00,2760000000,-2.042062951e-01,-8.711336966e-01,-0.9660,-103.1928
210.00,210.00,2770000000,-5.061397813e-01,-7.384433312e-01,-0.9611,-124.4273
210.00,210.00,2780000000,-7.397995738e-01,-5.046255286e-01,-0.9585,-145.7017
210.00,210.00,2790000000,-8.724333519e-01,-2.015249577e-01,-0.9596,-166.9933
210.00,210.00,2800000000,-8.854746029e-01,1.288404251e-01,-0.9655,171.7213
210.00,210.00,2810000000,-7.774608690e-01,4.403493940e-01,-0.9781,150.4730
210.00,210.00,2820000000,-5.650889179e-01,6.908681702e-01,-0.9875,129.2811
210.00,210.00,2830000000,-2.776056408e-01,8.482206073e-01,-0.9879,108.1222
210.00,210.00,2840000000,4.747624696e-02,8.920093971e-01,-0.9803,86.9534
210.00,210.00,2850000000,3.682475520e-01,8.155144716e-01,-0.9655,65.6983
210.00,210.00,2860000000,6.402722777e-01,6.261930381e-01,-0.9579,44.3631
210.00,210.00,2870000000,8.237478513e-01,3.495466754e-01,-0.9651,22.9933
210.00,210.00,2880000000,8.923350191e-01,2.607561724e-02,-0.9857,1.6738
210.00,210.00,2890000000,8.390729449e-01,-2.974761392e-01,-1.0098,-19.5209
210.00,210.00,2900000000,6.747312413e-01,-5.786874652e-01,-1.0230,-40.6182
210.00,210.00,2910000000,4.217239619e-01,-7.832564466e-01,-1.0164,-61.7009
210.00,210.00,2920000000,1.107521752e-01,-8.850334433e-01,-0.9933,-82.8671
210.00,210.00,2930000000,-2.194746777e-01,-8.668138691e-01,-0.9716,-104.2085
210.00,210.00,2940000000,-5.214233697e-01,-7.268091573e-01,-0.9684,-125.6562
210.00,210.00,2950000000,-7.487505624e-01,-4.849785153e-01,-0.9918,-147.0682
210.00,210.00,2960000000,-8.695818919e-01,-1.796653676e-01,-1.0322,-168.3263
210.00,210.00,2970000000,-8.728030293e-01,1.444229039e-01,-1.0644,170.6044
210.00,210.00,2980000000,-7.626237384e-01,4.468886833e-01,-1.0718,149.6302
210.00,210.00,2990000000,-5.526947353e-01,6.926402052e-01,-1.0501,128.5882
210.00,210.00,3000000000,-2.655277573e-01,8.494080755e-01,-1.0128,107.3594
215.00,215.00,2000000000,2.996163943e-01,8.578377438e-01,-0.8320,70.7473
215.00,215.00,2010000000,5.894983062e-01,6.943786064e-01,-0.8109,49.6701
215.00,215.00,2020000000,8.039302737e-01,4.351384330e-01,-0.7798,28.4251
215.00,215.00,2030000000,9.091697264e-01,1.120667661e-01,-0.7616,7.0270
215.00,215.00,2040000000,8.865292910e-01,-2.276773223e-01,-0.7687,-14.4034
215.00,215.00,2050000000,7.408635635e-01,-5.330008546e-01,-0.7937,-35.7324
215.00,215.00,2060000000,4.966998905e-01,-7.624032364e-01,-0.8199,-56.9161
215.00,215.00,2070000000,1.887129737e-01,-8.890557856e-01,-0.8300,-78.0161
215.00,215.00,2080000000,-1.444878867e-01,-8.981355686e-01,-0.8222,-99.1392
215.00,215.00,2090000000,-4.606630725e-01,-7.864100174e-01,-0.8058,-120.3609
215.00,215.00,2100000000,-7.158999491e-01,-5.659150089e-01,-0.7947,-141.6738
215.00,215.00,2110000000,-8.725052710e-01,-2.664547354e-01,-0.7974,-163.0178
215.00,215.00,2120000000,-9.083388740e-01,6.857922461e-02,-0.8104,175.6824
215.00,215.00,2130000000,-8.205441454e-01,3.921348294e-01,-0.8246,154.4570
215.00,215.00,2140000000,-6.227899983e-01,6.614451471e-01,-0.8335,133.2759
215.00,215.00,2150000000,-3.415863402e-01,8.417402888e-01,-0.8344,112.0878
215.00,215.00,2160000000,-1.373567506e-02,9.086412687e-01,-0.8312,90.8661
215.00,215.00,2170000000,3.165972662e-01,8.519997535e-01,-0.8295,69.6153
215.00,215.00,2180000000,6.038016489e-01,6.790691142e-01,-0.8317,48.3578
215.00,215.00,2190000000,8.084466583e-01,4.138798782e-01,-0.8361,27.1099
215.00,215.00,2200000000,9.030259939e-01,9.294679345e-02,-0.8402,5.8767
215.00,215.00,2210000000,8.751219474e-01,-2.407070681e-01,-0.8419,-15.3792
215.00,215.00,2220000000,7.282037475e-01,-5.410609150e-01,-0.8459,-36.6126
215.00,215.00,2230000000,4.825442204e-01,-7.675117351e-01,-0.8517,-57.8419
215.00,215.00,2240000000,1.717551573e-01,-8.895946526e-01,-0.8572,-79.0723
215.00,215.00,2250000000,-1.613076352e-01,-8.911983354e-01,-0.8605,-100.2595
215.00,215.00,2260000000,-4.727368234e-01,-7.725475148e-01,-0.8602,-121.4633
215.00,215.00,2270000000,-7.207882711e-01,-5.491846722e-01,-0.8558,-142.6954
215.00,215.00,2280000000,-8.712445973e-01,-2.507028520e-01,-0.8517,-163.9467
215.00,215.00,2290000000,-9.024364898e-01,8.276298227e-02,-0.8553,174.7600
215.00,215.00,2300000000,-8.103036859e-01,4.040001754e-01,-0.8629,153.5001
215.00,215.00,2310000000,-6.084532509e-01,6.690639178e-01,-0.8732,132.2837
215.00,215.00,2320000000,-3.254272980e-01,8.430331766e-01,-0.8799,111.1076
215.00,215.00,2330000000,9.442145408e-04,9.040373606e-01,-0.8763,89.9402
215.00,215.00,2340000000,3.282093879e-01,8.432405958e-01,-0.8683,68.7328
215.00,215.00,2350000000,6.122842236e-01,6.673700330e-01,-0.8604,47.4649
215.00,215.00,2360000000,8.131214718e-01,3.993873919e-01,-0.8583,26.1593
215.00,215.00,2370000000,9.017551829e-01,7.706089361e-02,-0.8666,4.8844
215.00,215.00,2380000000,8.673549053e-01,-2.544492173e-01,-0.8775,-16.3497
215.00,215.00,2390000000,7.160948198e-01,-5.503324594e-01,-0.8849,-37.5430
215.00,215.00,2400000000,4.690329577e-01,-7.718064359e-01,-0.8848,-58.7126
215.00,215.00,2410000000,1.580265170e-01,-8.899345083e-01,-0.8780,-79.9309
215.00,215.00,2420000000,-1.755795088e-01,-8.874193873e-01,-0.8707,-101.1917
215.00,215.00,2430000000,-4.859162545e-01,-7.631581708e-01,-0.8697,-122.4856
215.00,215.00,2440000000,-7.293465511e-01,-5.341220348e-01,-0.8765,-143.7836
215.00,215.00,2450000000,-8.722979642e-01,-2.334278661e-01,-0.8863,-165.0186
215.00,215.00,2460000000,-8.966752515e-01,9.785846502e-02,-0.8959,173.7717
215.00,215.00,2470000000,-8.003749281e-01,4.152639565e-01,-0.8989,152.5781
215.00,215.00,2480000000,-5.963388978e-01,6.770283791e-01,-0.8938,131.3742
215.00,215.00,2490000000,-3.106963758e-01,8.475244708e-01,-0.8893,110.1326
215.00,215.00,2500000000,1.813244830e-02,9.027784377e-01,-0.8866,88.8494
215.00,215.00,2510000000,3.445148250e-01,8.343774280e-01,-0.8891,67.5642
215.00,215.00,2520000000,6.229575205e-01,6.521688169e-01,-0.8970,46.3123
215.00,215.00,2530000000,8.163381622e-01,3.816293973e-01,-0.9042,25.0556
215.00,215.00,2540000000,8.985122559e-01,6.022395370e-02,-0.9101,3.8346
215.00,215.00,2550000000,8.591948259e-01,-2.690506262e-01,-0.9119,-17.3876
215.00,215.00,2560000000,7.031547146e-01,-5.622958075e-01,-0.9119,-38.6485
215.00,215.00,2570000000,4.517547685e-01,-7.787019044e-01,-0.9127,-59.8803
215.00,215.00,2580000000,1.390771012e-01,-8.893152655e-01,-0.9139,-81.1117
215.00,215.00,2590000000,-1.921179796e-01,-8.790709262e-01,-0.9169,-102.3280
215.00,215.00,2600000000,-4.970034366e-01,-7.496991615e-01,-0.9202,-123.5419
215.00,215.00,2610000000,-7.336634826e-01,-5.196146389e-01,-0.9245,-144.6921
215.00,215.00,2620000000,-8.716377879e-01,-2.189066146e-01,-0.9276,-165.9021
215.00,215.00,2630000000,-8.914524120e-01,1.116312960e-01,-0.9305,172.8623
215.00,215.00,2640000000,-7.902134341e-01,4.266715331e-01,-0.9340,151.6334
215.00,215.00,2650000000,-5.819028707e-01,6.838445854e-01,-0.9353,130.3954
215.00,215.00,2660000000,-2.945798914e-01,8.479746334e-01,-0.9375,109.1568
215.00,215.00,2670000000,3.270086434e-02,8.968972679e-01,-0.9394,87.9119
215.00,215.00,2680000000,3.553978759e-01,8.241457644e-01,-0.9392,66.6728
215.00,215.00,2690000000,6.296794323e-01,6.391579868e-01,-0.9419,45.4280
215.00,215.00,2700000000,8.182895464e-01,3.674233888e-01,-0.9442,24.1807
215.00,215.00,2710000000,8.955652033e-01,4.600204891e-02,-0.9466,2.9405
215.00,215.00,2720000000,8.511286531e-01,-2.813567315e-01,-0.9497,-18.2923
215.00,215.00,2730000000,6.911729958e-01,-5.703276869e-01,-0.9529,-39.5281
215.00,215.00,2740000000,4.377749555e-01,-7.816440938e-01,-0.9549,-60.7481
215.00,215.00,2750000000,1.252405525e-01,-8.871162386e-01,-0.9547,-81.9643
215.00,215.00,2760000000,-2.044855292e-01,-8.723838272e-01,-0.9536,-103.1919
215.00,215.00,2770000000,-5.068825973e-01,-7.395159566e-01,-0.9484,-124.4277
215.00,215.00,2780000000,-7.409529803e-01,-5.054526785e-01,-0.9448,-145.6995
215.00,215.00,2790000000,-8.738173179e-01,-2.018440419e-01,-0.9458,-166.9933
215.00,215.00,2800000000,-8.868113938e-01,1.291143485e-01,-0.9523,171.7163
215.00,215.00,2810000000,-7.785428115e-01,4.410916290e-01,-0.9654,150.4658
215.00,215.00,2820000000,-5.657628779e-01,6.918736708e-01,-0.9757,129.2737
215.00,215.00,2830000000,-2.779236107e-01,8.492344537e-01,-0.9776,108.1214
215.00,215.00,2840000000,4.750161440e-02,8.930838150e-01,-0.9699,86.9554
215.00,215.00,2850000000,3.686403150e-01,8.165846316e-01,-0.9544,65.7036
215.00,215.00,2860000000,6.410527605e-01,6.271002087e-01,-0.9463,44.3696
215.00,215.00,2870000000,8.249420061e-01,3.500505928e-01,-0.9525,22.9931
215.00,215.00,2880000000,8.935859932e-01,2.606903142e-02,-0.9736,1.6710
215.00,215.00,2890000000,8.399994253e-01,-2.978913093e-01,-0.9999,-19.5262
215.00,215.00,2900000000,6.753118669e-01,-5.792489274e-01,-1.0151,-40.6214
215.00,215.00,2910000000,4.221867056e-01,-7.839638147e-01,-1.0081,-61.6963
215.00,215.00,2920000000,1.109679905e-01,-8.859199990e-01,-0.9845,-82.8605
215.00,215.00,2930000000,-2.196511851e-01,-8.676991848e-01,-0.9629,-104.2056
215.00,215.00,2940000000,-5.219750485e-01,-7.276062374e-01,-0.9590,-125.6552
215.00,215.00,2950000000,-7.495471963e-01,-4.854102310e-01,-0.9830,-147.0727
215.00,215.00,2960000000,-8.704564586e-01,-1.797663629e-01,-1.0237,-168.3313
215.00,215.00,2970000000,-8.736457070e-01,1.446921593e-01,-1.0558,170.5961
215.00,215.00,2980000000,-7.633491850e-01,4.474203332e-01,-1.0630,149.6242
215.00,215.00,2990000000,-5.533760214e-01,6.934224536e-01,-1.0399,128.5911
215.00,215.00,3000000000,-2.659536266e-01,8.505074829e-01,-1.0013,107.3645
220.00,220.00,2000000000,2.996135100e-01,8.578381996e-01,-0.8320,70.7474
220.00,220.00,2010000000,5.894837755e-01,6.943990102e-01,-0.8109,49.6717
220.00,220.00,2020000000,8.039447677e-01,4.351823404e-01,-0.7794,28.4271
220.00,220.00,2030000000,9.091480977e-01,1.120623385e-01,-0.7618,7.0269
220.00,220.00,2040000000,8.865186643e-01,-2.276717119e-01,-0.7689,-14.4032
220.00,220.00,2050000000,7.408531600e-01,-5.329844751e-01,-0.7939,-35.7320
220.00,220.00,2060000000,4.966694398e-01,-7.624156632e-01,-0.8199,-56.9181
220.00,220.00,2070000000,1.886932936e-01,-8.890877362e-01,-0.8298,-78.0178
220.00,220.00,2080000000,-1.444869816e-01,-8.981513673e-01,-0.8220,-99.1390
220.00,220.00,2090000000,-4.606132831e-01,-7.864447803e-01,-0.8058,-120.3571
220.00,220.00,2100000000,-7.158775863e-01,-5.659330982e-01,-0.7948,-141.6721
220.00,220.00,2110000000,-8.725026301e-01,-2.664791375e-01,-0.7973,-163.0163
220.00,220.00,2120000000,-9.083711915e-01,6.850107960e-02,-0.8101,175.6874
220.00,220.00,2130000000,-8.205060787e-01,3.921226198e-01,-0.8250,154.4567
220.00,220.00,2140000000,-6.227671090e-01,6.614883257e-01,-0.8333,133.2730
220.00,220.00,2150000000,-3.415891862e-01,8.417920679e-01,-0.8339,112.0867
220.00,220.00,2160000000,-1.375080950e-02,9.086471274e-01,-0.8311,90.8670
220.00,220.00,2170000000,3.166280197e-01,8.520038955e-01,-0.8293,69.6136
220.00,220.00,2180000000,6.038525372e-01,6.790456356e-01,-0.8316,48.3544
220.00,220.00,2190000000,8.084423228e-01,4.138805787e-01,-0.8361,27.1101
220.00,220.00,2200000000,9.030254473e-01,9.295375142e-02,-0.8402,5.8771
220.00,220.00,2210000000,8.751207701e-01,-2.407087382e-01,-0.8419,-15.3793
220.00,220.00,2220000000,7.282058069e-01,-5.410563770e-01,-0.8459,-36.6123
220.00,220.00,2230000000,4.825224070e-01,-7.674595647e-01,-0.8522,-57.8413
220.00,220.00,2240000000,1.718135688e-01,-8.895907129e-01,-0.8571,-79.0686
220.00,220.00,2250000000,-1.612756098e-01,-8.911573435e-01,-0.8610,-100.2580
220.00,220.00,2260000000,-4.728014148e-01,-7.725686951e-01,-0.8597,-121.4661
220.00,220.00,2270000000,-7.207863389e-01,-5.491566357e-01,-0.8560,-142.6968
220.00,220.00,2280000000,-8.712590361e-01,-2.507007306e-01,-0.8516,-163.9471
220.00,220.00,2290000000,-9.024840878e-01,8.275360733e-02,-0.8548,174.7609
220.00,220.00,2300000000,-8.102970268e-01,4.039996654e-01,-0.8629,153.5000
220.00,220.00,2310000000,-6.084945714e-01,6.690599949e-01,-0.8730,132.2858
220.00,220.00,2320000000,-3.254245391e-01,8.429950402e-01,-0.8802,111.1083
220.00,220.00,2330000000,9.462730073e-04,9.039925763e-01,-0.8767,89.9400
220.00,220.00,2340000000,3.282423960e-01,8.432188728e-01,-0.8684,68.7304
220.00,220.00,2350000000,6.122402446e-01,6.673731052e-01,-0.8607,47.4671
220.00,220.00,2360000000,8.131418659e-01,3.994450813e-01,-0.8579,26.1620
220.00,220.00,2370000000,9.017454141e-01,7.708288392e-02,-0.8667,4.8859
220.00,220.00,2380000000,8.673356744e-01,-2.544199713e-01,-0.8778,-16.3483
220.00,220.00,2390000000,7.160794263e-01,-5.503534332e-01,-0.8849,-37.5446
220.00,220.00,2400000000,4.690243132e-01,-7.718247994e-01,-0.8847,-58.7137
220.00,220.00,2410000000,1.580336878e-01,-8.899517677e-01,-0.8778,-79.9306
220.00,220.00,2420000000,-1.755698758e-01,-8.874096598e-01,-0.8708,-101.1912
220.00,220.00,2430000000,-4.859193231e-01,-7.631961901e-01,-0.8694,-122.4845
220.00,220.00,2440000000,-7.293481327e-01,-5.341795717e-01,-0.8762,-143.7807
220.00,220.00,2450000000,-8.722696163e-01,-2.334174743e-01,-0.8866,-165.0188
220.00,220.00,2460000000,-8.967283335e-01,9.782233231e-02,-0.8954,173.7743
220.00,220.00,2470000000,-8.004129870e-01,4.152620536e-01,-0.8985,152.5793
220.00,220.00,2480000000,-5.963691472e-01,6.770215699e-01,-0.8937,131.3759
220.00,220.00,2490000000,-3.106906891e-01,8.475545099e-01,-0.8891,110.1316
220.00,220.00,2500000000,1.815467139e-02,9.027606620e-01,-0.8868,88.8479
220.00,220.00,2510000000,3.445372277e-01,8.343818146e-01,-0.8890,67.5630
220.00,220.00,2520000000,6.229257895e-01,6.521651801e-01,-0.8972,46.3136
220.00,220.00,2530000000,8.162982628e-01,3.816119798e-01,-0.9046,25.0557
220.00,220.00,2540000000,8.985213109e-01,6.024886184e-02,-0.9099,3.8361
220.00,220.00,2550000000,8.591228490e-01,-2.690425872e-01,-0.9126,-17.3884
220.00,220.00,2560000000,7.031486327e-01,-5.622628143e-01,-0.9122,-38.6471
220.00,220.00,2570000000,4.517512666e-01,-7.786989371e-01,-0.9127,-59.8804
220.00,220.00,2580000000,1.390831725e-01,-8.893261131e-01,-0.9138,-81.1114
220.00,220.00,2590000000,-1.920986675e-01,-8.790850854e-01,-0.9168,-102.3266
220.00,220.00,2600000000,-4.970070661e-01,-7.496790035e-01,-0.9203,-123.5428
220.00,220.00,2610000000,-7.336477337e-01,-5.195584799e-01,-0.9249,-144.6944
220.00,220.00,2620000000,-8.716275647e-01,-2.189291053e-01,-0.9277,-165.9005
220.00,220.00,2630000000,-8.914733218e-01,1.116567326e-01,-0.9302,172.8609
220.00,220.00,2640000000,-7.901891311e-01,4.266892430e-01,-0.9342,151.6317
220.00,220.00,2650000000,-5.818718190e-01,6.838693808e-01,-0.9353,130.3929
220.00,220.00,2660000000,-2.945531113e-01,8.479431895e-01,-0.9379,109.1559
220.00,220.00,2670000000,3.268514152e-02,8.968486922e-01,-0.9399,87.9128
220.00,220.00,2680000000,3.553415557e-01,8.241250598e-01,-0.9396,66.6755
220.00,220.00,2690000000,6.296633015e-01,6.391196713e-01,-0.9423,45.4270
220.00,220.00,2700000000,8.182907994e-01,3.674389776e-01,-0.9441,24.1816
220.00,220.00,2710000000,8.955617938e-01,4.598698640e-02,-0.9467,2.9395
220.00,220.00,2720000000,8.511215009e-01,-2.813728257e-01,-0.9497,-18.2934
220.00,220.00,2730000000,6.911577632e-01,-5.703277400e-01,-0.9530,-39.5287
220.00,220.00,2740000000,4.377490439e-01,-7.816779621e-01,-0.9548,-60.7506
220.00,220.00,2750000000,1.251978835e-01,-8.870638809e-01,-0.9552,-81.9665
220.00,220.00,2760000000,-2.045033830e-01,-8.723344483e-01,-0.9540,-103.1937
220.00,220.00,2770000000,-5.068632042e-01,-7.395508689e-01,-0.9483,-124.4254
220.00,220.00,2780000000,-7.409508068e-01,-5.055025869e-01,-0.9445,-145.6968
220.00,220.00,2790000000,-8.738267588e-01,-2.018130690e-01,-0.9458,-166.9954
220.00,220.00,2800000000,-8.867714311e-01,1.291144792e-01,-0.9527,171.7159
220.00,220.00,2810000000,-7.785555354e-01,4.410979245e-01,-0.9652,150.4659
220.00,220.00,2820000000,-5.657993250e-01,6.918564277e-01,-0.9757,129.2763
220.00,220.00,2830000000,-2.779291804e-01,8.492122912e-01,-0.9778,108.1222
220.00,220.00,2840000000,4.747040017e-02,8.930437394e-01,-0.9703,86.9573
220.00,220.00,2850000000,3.686050724e-01,8.165329699e-01,-0.9550,65.7043
220.00,220.00,2860000000,6.410650420e-01,6.271114398e-01,-0.9462,44.3696
220.00,220.00,2870000000,8.248936329e-01,3.500617616e-01,-0.9529,22.9950
220.00,220.00,2880000000,8.935815835e-01,2.608809598e-02,-0.9736,1.6723
220.00,220.00,2890000000,8.400447521e-01,-2.978390975e-01,-0.9997,-19.5220
220.00,220.00,2900000000,6.753511987e-01,-5.792285835e-01,-1.0149,-40.6187
220.00,220.00,2910000000,4.221323269e-01,-7.839405282e-01,-1.0086,-61.6986
220.00,220.00,2920000000,1.109432579e-01,-8.858773904e-01,-0.9849,-82.8617
220.00,220.00,2930000000,-2.196047337e-01,-8.676989760e-01,-0.9630,-104.2027
220.00,220.00,2940000000,-5.219140616e-01,-7.276044481e-01,-0.9593,-125.6521
220.00,220.00,2950000000,-7.495345144e-01,-4.854503632e-01,-0.9829,-147.0701
220.00,220.00,2960000000,-8.704459493e-01,-1.797669385e-01,-1.0238,-168.3312
220.00,220.00,2970000000,-8.735919833e-01,1.446640197e-01,-1.0563,170.5973
220.00,220.00,2980000000,-7.633195904e-01,4.473809482e-01,-1.0635,149.6255
220.00,220.00,2990000000,-5.533206614e-01,6.933822416e-01,-1.0406,128.5899
220.00,220.00,3000000000,-2.659437717e-01,8.504681037e-01,-1.0017,107.3646
225.00,225.00,2000000000,2.996075023e-01,8.577960601e-01,-0.8324,70.7469
225.00,225.00,2010000000,5.895006381e-01,6.943974995e-01,-0.8108,49.6708
225.00,225.00,2020000000,8.039376086e-01,4.351849863e-01,-0.7795,28.4274
225.00,225.00,2030000000,9.091800905e-01,1.120663560e-01,-0.7615,7.0269
225.00,225.00,2040000000,8.865199115e-01,-2.276772592e-01,-0.7688,-14.4035
225.00,225.00,2050000000,7.408293893e-01,-5.329680331e-01,-0.7942,-35.7320
225.00,225.00,2060000000,4.966941791e-01,-7.624149782e-01,-0.8198,-56.9168
225.00,225.00,2070000000,1.887102878e-01,-8.890686171e-01,-0.8299,-78.0165
225.00,225.00,2080000000,-1.444894387e-01,-8.981699317e-01,-0.8219,-99.1389
225.00,225.00,2090000000,-4.606390466e-01,-7.864399434e-01,-0.8057,-120.3587
225.00,225.00,2100000000,-7.158932737e-01,-5.659278810e-01,-0.7947,-141.6729
225.00,225.00,2110000000,-8.725368119e-01,-2.664632159e-01,-0.7971,-163.0179
225.00,225.00,2120000000,-9.083648709e-01,6.855142623e-02,-0.8101,175.6842
225.00,225.00,2130000000,-8.204942093e-01,3.921589778e-01,-0.8249,154.4543
225.00,225.00,2140000000,-6.228066930e-01,6.614838581e-01,-0.8331,133.2750
225.00,225.00,2150000000,-3.416213338e-01,8.417717753e-01,-0.8340,112.0891
225.00,225.00,2160000000,-1.372975729e-02,9.086588800e-01,-0.8310,90.8657
225.00,225.00,2170000000,3.166031248e-01,8.519994016e-01,-0.8295,69.6149
225.00,225.00,2180000000,6.038060572e-01,6.790458351e-01,-0.8319,48.3566
225.00,225.00,2190000000,8.084510604e-01,4.138596883e-01,-0.8361,27.1087
225.00,225.00,2200000000,9.030103812e-01,9.294379415e-02,-0.8404,5.8766
225.00,225.00,2210000000,8.750677385e-01,-2.406926117e-01,-0.8424,-15.3792
225.00,225.00,2220000000,7.282165092e-01,-5.410855362e-01,-0.8456,-36.6134
225.00,225.00,2230000000,4.825488543e-01,-7.675082575e-01,-0.8517,-57.8415
225.00,225.00,2240000000,1.717558200e-01,-8.895991767e-01,-0.8572,-79.0723
225.00,225.00,2250000000,-1.613109125e-01,-8.911749313e-01,-0.8607,-100.2600
225.00,225.00,2260000000,-4.727403143e-01,-7.725328793e-01,-0.8603,-121.4639
225.00,225.00,2270000000,-7.208134715e-01,-5.491642477e-01,-0.8558,-142.6974
225.00,225.00,2280000000,-8.712644426e-01,-2.506983256e-01,-0.8515,-163.9473
225.00,225.00,2290000000,-9.024824852e-01,8.278519965e-02,-0.8548,174.7589
225.00,225.00,2300000000,-8.103111805e-01,4.039919016e-01,-0.8628,153.5008
225.00,225.00,2310000000,-6.084986269e-01,6.690447992e-01,-0.8730,132.2866
225.00,225.00,2320000000,-3.254669431e-01,8.429984524e-01,-0.8800,111.1107
225.00,225.00,2330000000,9.439908060e-04,9.040295697e-01,-0.8763,89.9402
225.00,225.00,2340000000,3.282099897e-01,8.432546717e-01,-0.8682,68.7331
225.00,225.00,2350000000,6.122344178e-01,6.673397948e-01,-0.8609,47.4659
225.00,225.00,2360000000,8.131793742e-01,3.994205804e-01,-0.8576,26.1595
225.00,225.00,2370000000,9.017426173e-01,7.713122063e-02,-0.8667,4.8889
225.00,225.00,2380000000,8.673455138e-01,-2.544694910e-01,-0.8776,-16.3511
225.00,225.00,2390000000,7.160927889e-01,-5.503418600e-01,-0.8849,-37.5435
225.00,225.00,2400000000,4.690483353e-01,-7.718395797e-01,-0.8845,-58.7129
225.00,225.00,2410000000,1.580301854e-01,-8.899241502e-01,-0.8781,-79.9305
225.00,225.00,2420000000,-1.755829114e-01,-8.874293803e-01,-0.8706,-101.1917
225.00,225.00,2430000000,-4.859302294e-01,-7.631511004e-01,-0.8697,-122.4866
225.00,225.00,2440000000,-7.293704094e-01,-5.341304039e-01,-0.8763,-143.7840
225.00,225.00,2450000000,-8.722743455e-01,-2.334508933e-01,-0.8865,-165.0168
225.00,225.00,2460000000,-8.967060238e-01,9.785277557e-02,-0.8956,173.7723
225.00,225.00,2470000000,-8.004215999e-01,4.152362627e-01,-0.8986,152.5810
225.00,225.00,2480000000,-5.963277146e-01,6.770083840e-01,-0.8940,131.3745
225.00,225.00,2490000000,-3.106894948e-01,8.475117187e-01,-0.8895,110.1324
225.00,225.00,2500000000,1.813044589e-02,9.027315889e-01,-0.8871,88.8494
225.00,225.00,2510000000,3.445351476e-01,8.343364629e-01,-0.8894,67.5621
225.00,225.00,2520000000,6.229298464e-01,6.521043369e-01,-0.8976,46.3108
225.00,225.00,2530000000,8.162811751e-01,3.816003416e-01,-0.9048,25.0554
225.00,225.00,2540000000,8.984804534e-01,6.022439778e-02,-0.9104,3.8348
225.00,225.00,2550000000,8.591238250e-01,-2.690173345e-01,-0.9127,-17.3869
225.00,225.00,2560000000,7.031531652e-01,-5.622719996e-01,-0.9121,-38.6474
225.00,225.00,2570000000,4.517204139e-01,-7.787080136e-01,-0.9128,-59.8824
225.00,225.00,2580000000,1.390672562e-01,-8.893119018e-01,-0.9140,-81.1123
225.00,225.00,2590000000,-1.921249053e-01,-8.790829195e-01,-0.9168,-102.3282
225.00,225.00,2600000000,-4.969665667e-01,-7.496758975e-01,-0.9206,-123.5407
225.00,225.00,2610000000,-7.336127148e-01,-5.195939655e-01,-0.9250,-144.6913
225.00,225.00,2620000000,-8.716164189e-01,-2.188916428e-01,-0.9279,-165.9027
225.00,225.00,2630000000,-8.914387902e-01,1.116394238e-01,-0.9306,172.8617
225.00,225.00,2640000000,-7.901797949e-01,4.267102024e-01,-0.9341,151.6302
225.00,225.00,2650000000,-5.818526832e-01,6.838214003e-01,-0.9358,130.3939
225.00,225.00,2660000000,-2.945272222e-01,8.479681658e-01,-0.9377,109.1538
225.00,225.00,2670000000,3.267621558e-02,8.968556475e-01,-0.9398,87.9134
225.00,225.00,2680000000,3.553887362e-01,8.241283866e-01,-0.9394,66.6729
225.00,225.00,2690000000,6.296869304e-01,6.391146085e-01,-0.9422,45.4257
225.00,225.00,2700000000,8.182978446e-01,3.674128685e-01,-0.9442,24.1799
225.00,225.00,2710000000,8.955650919e-01,4.597274497e-02,-0.9466,2.9386
225.00,225.00,2720000000,8.510985222e-01,-2.813551626e-01,-0.9500,-18.2928
225.00,225.00,2730000000,6.911629945e-01,-5.703295138e-01,-0.9529,-39.5286
225.00,225.00,2740000000,4.377501453e-01,-7.816497088e-01,-0.9550,-60.7497
225.00,225.00,2750000000,1.251982093e-01,-8.870811051e-01,-0.9551,-81.9666
225.00,225.00,2760000000,-2.044501700e-01,-8.723797508e-01,-0.9537,-103.1897
225.00,225.00,2770000000,-5.068998221e-01,-7.395393998e-01,-0.9482,-124.4278
225.00,225.00,2780000000,-7.409169024e-01,-5.054583413e-01,-0.9450,-145.6979
225.00,225.00,2790000000,-8.738110409e-01,-2.018114577e-01,-0.9460,-166.9953
225.00,225.00,2800000000,-8.867725359e-01,1.291334205e-01,-0.9526,171.7147
225.00,225.00,2810000000,-7.785769912e-01,4.411010262e-01,-0.9650,150.4664
225.00,225.00,2820000000,-5.657491191e-01,6.918699070e-01,-0.9759,129.2732
225.00,225.00,2830000000,-2.778978499e-01,8.492491754e-01,-0.9775,108.1195
225.00,225.00,2840000000,4.751537125e-02,8.930579512e-01,-0.9701,86.9544
225.00,225.00,2850000000,3.686290334e-01,8.165291989e-01,-0.9550,65.7028
225.00,225.00,2860000000,6.410894590e-01,6.270963503e-01,-0.9461,44.3678
225.00,225.00,2870000000,8.249231587e-01,3.500429379e-01,-0.9527,22.9932
225.00,225.00,2880000000,8.935562991e-01,2.608348274e-02,-0.9739,1.6720
225.00,225.00,2890000000,8.399950823e-01,-2.978982644e-01,-1.0000,-19.5267
225.00,225.00,2900000000,6.753155562e-01,-5.792448516e-01,-1.0151,-40.6210
225.00,225.00,2910000000,4.221400698e-01,-7.839513415e-01,-1.0085,-61.6985
225.00,225.00,2920000000,1.109416135e-01,-8.859153694e-01,-0.9846,-82.8621
225.00,225.00,2930000000,-2.196354495e-01,-8.677114316e-01,-0.9628,-104.2044
225.00,225.00,2940000000,-5.219361862e-01,-7.276049535e-01,-0.9592,-125.6532
225.00,225.00,2950000000,-7.495182810e-01,-4.854642945e-01,-0.9829,-147.0688
225.00,225.00,2960000000,-8.704793276e-01,-1.797699996e-01,-1.0234,-168.3314
225.00,225.00,2970000000,-8.736410525e-01,1.446864854e-01,-1.0558,170.5964
225.00,225.00,2980000000,-7.633547997e-01,4.474048027e-01,-1.0630,149.6253
225.00,225.00,2990000000,-5.533411955e-01,6.934243958e-01,-1.0401,128.5893
225.00,225.00,3000000000,-2.659935710e-01,8.505030545e-01,-1.0012,107.3670
230.00,230.00,2000000000,2.996255039e-01,8.578558494e-01,-0.8318,70.7471
230.00,230.00,2010000000,5.895115182e-01,6.943962342e-01,-0.8107,49.6702
230.00,230.00,2020000000,8.039222416e-01,4.351878558e-01,-0.7796,28.4280
230.00,230.00,2030000000,9.091824963e-01,1.120649587e-01,-0.7615,7.0268
230.00,230.00,2040000000,8.864835091e-01,-2.276931337e-01,-0.7691,-14.4050
230.00,230.00,2050000000,7.408436289e-01,-5.329259878e-01,-0.7943,-35.7294
230.00,230.00,2060000000,4.967161948e-01,-7.623877626e-01,-0.8199,-56.9147
230.00,230.00,2070000000,1.887147632e-01,-8.890513107e-01,-0.8301,-78.0160
230.00,230.00,2080000000,-1.444953634e-01,-8.980986805e-01,-0.8225,-99.1400
230.00,230.00,2090000000,-4.606185066e-01,-7.864012190e-01,-0.8061,-120.3588
230.00,230.00,2100000000,-7.158500359e-01,-5.659611366e-01,-0.7948,-141.6696
230.00,230.00,2110000000,-8.725179970e-01,-2.664811175e-01,-0.7972,-163.0165
230.00,230.00,2120000000,-9.084010362e-01,6.852713646e-02,-0.8098,175.6859
230.00,230.00,2130000000,-8.205373197e-01,3.921204573e-01,-0.8247,154.4577
230.00,230.00,2140000000,-6.227962417e-01,6.614645733e-01,-0.8333,133.2754
230.00,230.00,2150000000,-3.416400245e-01,8.417676715e-01,-0.8339,112.0903
230.00,230.00,2160000000,-1.375930892e-02,9.086360580e-01,-0.8312,90.8676
230.00,230.00,2170000000,3.165650153e-01,8.520269910e-01,-0.8293,69.6178
230.00,230.00,2180000000,6.037908299e-01,6.790282098e-01,-0.8321,48.3566
230.00,230.00,2190000000,8.084299915e-01,4.138783518e-01,-0.8362,27.1103
230.00,230.00,2200000000,9.030089057e-01,9.295257195e-02,-0.8404,5.8771
230.00,230.00,2210000000,8.750736361e-01,-2.406653917e-01,-0.8424,-15.3775
230.00,230.00,2220000000,7.282056759e-01,-5.410466774e-01,-0.8459,-36.6118
230.00,230.00,2230000000,4.825776332e-01,-7.674999669e-01,-0.8516,-57.8397
230.00,230.00,2240000000,1.718088347e-01,-8.895838258e-01,-0.8572,-79.0688
230.00,230.00,2250000000,-1.613002093e-01,-8.911565626e-01,-0.8609,-100.2595
230.00,230.00,2260000000,-4.727472469e-01,-7.725328139e-01,-0.8603,-121.4643
230.00,230.00,2270000000,-7.208031186e-01,-5.491537712e-01,-0.8559,-142.6975
230.00,230.00,2280000000,-8.712621846e-01,-2.506917029e-01,-0.8516,-163.9477
230.00,230.00,2290000000,-9.024640946e-01,8.277526798e-02,-0.8550,174.7594
230.00,230.00,2300000000,-8.102948470e-01,4.040017433e-01,-0.8629,153.4998
230.00,230.00,2310000000,-6.085150265e-01,6.690433672e-01,-0.8729,132.2875
230.00,230.00,2320000000,-3.254780781e-01,8.429866997e-01,-0.8801,111.1116
230.00,230.00,2330000000,9.325692140e-04,9.040141633e-01,-0.8765,89.9409
230.00,230.00,2340000000,3.282021151e-01,8.432138601e-01,-0.8686,68.7326
230.00,230.00,2350000000,6.122142275e-01,6.673613523e-01,-0.8609,47.4678
230.00,230.00,2360000000,8.131170454e-01,3.994368925e-01,-0.8581,26.1622
230.00,230.00,2370000000,9.017446604e-01,7.711642708e-02,-0.8667,4.8880
230.00,230.00,2380000000,8.673278472e-01,-2.544404358e-01,-0.8778,-16.3496
230.00,230.00,2390000000,7.160621042e-01,-5.503472128e-01,-0.8851,-37.5450
230.00,230.00,2400000000,4.690151166e-01,-7.717981997e-01,-0.8850,-58.7133
230.00,230.00,2410000000,1.580565534e-01,-8.899283630e-01,-0.8780,-79.9289
230.00,230.00,2420000000,-1.755443087e-01,-8.874008816e-01,-0.8709,-101.1897
230.00,230.00,2430000000,-4.859035584e-01,-7.631450525e-01,-0.8699,-122.4854
230.00,230.00,2440000000,-7.293160253e-01,-5.341406840e-01,-0.8767,-143.7815
230.00,230.00,2450000000,-8.722683923e-01,-2.334515362e-01,-0.8865,-165.0167
230.00,230.00,2460000000,-8.966968445e-01,9.781888828e-02,-0.8957,173.7743
230.00,230.00,2470000000,-8.003981826e-01,4.152187370e-01,-0.8989,152.5813
230.00,230.00,2480000000,-5.963284347e-01,6.769880266e-01,-0.8942,131.3754
230.00,230.00,2490000000,-3.106851109e-01,8.474712397e-01,-0.8898,110.1331
230.00,230.00,2500000000,1.813292338e-02,9.027314819e-01,-0.8871,88.8493
230.00,230.00,2510000000,3.444760432e-01,8.343766157e-01,-0.8892,67.5665
230.00,230.00,2520000000,6.229325001e-01,6.521565482e-01,-0.8972,46.3129
230.00,230.00,2530000000,8.162703103e-01,3.816572899e-01,-0.9047,25.0590
230.00,230.00,2540000000,8.984931990e-01,6.023189766e-02,-0.9102,3.8352
230.00,230.00,2550000000,8.591436040e-01,-2.690320165e-01,-0.9124,-17.3874
230.00,230.00,2560000000,7.031444381e-01,-5.622535759e-01,-0.9122,-38.6468
230.00,230.00,2570000000,4.517269172e-01,-7.786852234e-01,-0.9130,-59.8813
230.00,230.00,2580000000,1.390550654e-01,-8.892747142e-01,-0.9144,-81.1127
230.00,230.00,2590000000,-1.920695232e-01,-8.790749461e-01,-0.9170,-102.3249
230.00,230.00,2600000000,-4.969824755e-01,-7.496747918e-01,-0.9205,-123.5416
230.00,230.00,2610000000,-7.336349551e-01,-5.195973846e-01,-0.9248,-144.6919
230.00,230.00,2620000000,-8.716111611e-01,-2.189265239e-01,-0.9278,-165.9004
230.00,230.00,2630000000,-8.914004681e-01,1.116262642e-01,-0.9310,172.8623
230.00,230.00,2640000000,-7.901910992e-01,4.266656663e-01,-0.9342,151.6331
230.00,230.00,2650000000,-5.819040002e-01,6.837850086e-01,-0.9357,130.3979
230.00,230.00,2660000000,-2.945693947e-01,8.479309188e-01,-0.9380,109.1571
230.00,230.00,2670000000,3.265189260e-02,8.968730183e-01,-0.9396,87.9150
230.00,230.00,2680000000,3.553706429e-01,8.241151958e-01,-0.9396,66.6736
230.00,230.00,2690000000,6.296508647e-01,6.391165541e-01,-0.9424,45.4274
230.00,230.00,2700000000,8.182528148e-01,3.673865738e-01,-0.9447,24.1796
230.00,230.00,2710000000,8.955618822e-01,4.599461816e-02,-0.9466,2.9400
230.00,230.00,2720000000,8.510704958e-01,-2.813262558e-01,-0.9503,-18.2916
230.00,230.00,2730000000,6.911352294e-01,-5.702879269e-01,-0.9534,-39.5276
230.00,230.00,2740000000,4.377285819e-01,-7.815916867e-01,-0.9556,-60.7491
230.00,230.00,2750000000,1.252186931e-01,-8.870472432e-01,-0.9554,-81.9650
230.00,230.00,2760000000,-2.044156052e-01,-8.723085632e-01,-0.9544,-103.1886
230.00,230.00,2770000000,-5.068601262e-01,-7.395274761e-01,-0.9485,-124.4261
230.00,230.00,2780000000,-7.408946890e-01,-5.054289853e-01,-0.9454,-145.6987
230.00,230.00,2790000000,-8.737879597e-01,-2.018142241e-01,-0.9462,-166.9947
230.00,230.00,2800000000,-8.868014245e-01,1.291285480e-01,-0.9524,171.7153
230.00,230.00,2810000000,-7.785633242e-01,4.410770786e-01,-0.9652,150.4673
230.00,230.00,2820000000,-5.657650279e-01,6.918894864e-01,-0.9756,129.2732
230.00,230.00,2830000000,-2.779363026e-01,8.492489374e-01,-0.9774,108.1219
230.00,230.00,2840000000,4.749540578e-02,8.930264593e-01,-0.9704,86.9556
230.00,230.00,2850000000,3.686192388e-01,8.165710974e-01,-0.9546,65.7045
230.00,230.00,2860000000,6.410608857e-01,6.270289424e-01,-0.9468,44.3660
230.00,230.00,2870000000,8.248488120e-01,3.500721573e-01,-0.9532,22.9967
230.00,230.00,2880000000,8.935119064e-01,2.609282164e-02,-0.9743,1.6727
230.00,230.00,2890000000,8.399987611e-01,-2.978323625e-01,-1.0001,-19.5226
230.00,230.00,2900000000,6.752754131e-01,-5.792179469e-01,-1.0155,-40.6214
230.00,230.00,2910000000,4.221484865e-01,-7.839001593e-01,-1.0089,-61.6965
230.00,230.00,2920000000,1.109271454e-01,-8.858719124e-01,-0.9850,-82.8627
230.00,230.00,2930000000,-2.196268691e-01,-8.676982675e-01,-0.9629,-104.2041
230.00,230.00,2940000000,-5.219087767e-01,-7.275894144e-01,-0.9595,-125.6523
230.00,230.00,2950000000,-7.494882238e-01,-4.854214198e-01,-0.9834,-147.0701
230.00,230.00,2960000000,-8.704126656e-01,-1.797754431e-01,-1.0241,-168.3302
230.00,230.00,2970000000,-8.735910632e-01,1.446344051e-01,-1.0564,170.5992
230.00,230.00,2980000000,-7.633205712e-01,4.473748209e-01,-1.0635,149.6258
230.00,230.00,2990000000,-5.533496736e-01,6.933594418e-01,-1.0406,128.5923
230.00,230.00,3000000000,-2.659675669e-01,8.504912144e-01,-1.0014,107.3656
235.00,235.00,2000000000,2.996159505e-01,8.578263974e-01,-0.8321,70.7470
235.00,235.00,2010000000,5.894654336e-01,6.943751368e-01,-0.8112,49.6716
235.00,235.00,2020000000,8.039089217e-01,4.351762653e-01,-0.7798,28.4278
235.00,235.00,2030000000,9.091157749e-01,1.120377568e-01,-0.7622,7.0256
235.00,235.00,2040000000,8.864738320e-01,-2.276893804e-01,-0.7692,-14.4049
235.00,235.00,2050000000,7.408778929e-01,-5.329367628e-01,-0.7940,-35.7287
235.00,235.00,2060000000,4.967082900e-01,-7.623887244e-01,-0.8199,-56.9151
235.00,235.00,2070000000,1.886997432e-01,-8.890538004e-01,-0.8301,-78.0169
235.00,235.00,2080000000,-1.445130179e-01,-8.981424663e-01,-0.8221,-99.1407
235.00,235.00,2090000000,-4.606456585e-01,-7.864114342e-01,-0.8059,-120.3599
235.00,235.00,2100000000,-7.159010880e-01,-5.658864411e-01,-0.7949,-141.6753
235.00,235.00,2110000000,-8.724676627e-01,-2.664569591e-01,-0.7977,-163.0170
235.00,235.00,2120000000,-9.083575253e-01,6.853637404e-02,-0.8102,175.6852
235.00,235.00,2130000000,-8.205175484e-01,3.921193649e-01,-0.8249,154.4572
235.00,235.00,2140000000,-6.227730124e-01,6.614626495e-01,-0.8335,133.2744
235.00,235.00,2150000000,-3.416323840e-01,8.417446181e-01,-0.8342,112.0904
235.00,235.00,2160000000,-1.374876271e-02,9.086250765e-01,-0.8313,90.8669
235.00,235.00,2170000000,3.165848951e-01,8.519641347e-01,-0.8298,69.6152
235.00,235.00,2180000000,6.038151768e-01,6.790274485e-01,-0.8319,48.3554
235.00,235.00,2190000000,8.084209283e-01,4.138851494e-01,-0.8363,27.1110
235.00,235.00,2200000000,9.030223332e-01,9.294445802e-02,-0.8403,5.8765
235.00,235.00,2210000000,8.750956615e-01,-2.406837854e-01,-0.8422,-15.3782
235.00,235.00,2220000000,7.282018005e-01,-5.410276170e-01,-0.8461,-36.6110
235.00,235.00,2230000000,4.825244877e-01,-7.675045511e-01,-0.8518,-57.8427
235.00,235.00,2240000000,1.717814584e-01,-8.896039730e-01,-0.8571,-79.0708
235.00,235.00,2250000000,-1.613154649e-01,-8.911651115e-01,-0.8608,-100.2604
235.00,235.00,2260000000,-4.727741809e-01,-7.725507746e-01,-0.8600,-121.4652
235.00,235.00,2270000000,-7.207924882e-01,-5.492330820e-01,-0.8555,-142.6931
235.00,235.00,2280000000,-8.712606494e-01,-2.507279226e-01,-0.8515,-163.9455
235.00,235.00,2290000000,-9.024671215e-01,8.277375150e-02,-0.8550,174.7595
235.00,235.00,2300000000,-8.102978692e-01,4.039708811e-01,-0.8631,153.5016
235.00,235.00,2310000000,-6.084953489e-01,6.690056868e-01,-0.8733,132.2881
235.00,235.00,2320000000,-3.254547940e-01,8.430020630e-01,-0.8800,111.1099
235.00,235.00,2330000000,9.411267000e-04,9.040214455e-01,-0.8764,89.9404
235.00,235.00,2340000000,3.282059372e-01,8.432587507e-01,-0.8682,68.7334
235.00,235.00,2350000000,6.122642932e-01,6.673697483e-01,-0.8605,47.4658
235.00,235.00,2360000000,8.131403084e-01,3.994434849e-01,-0.8579,26.1619
235.00,235.00,2370000000,9.017269269e-01,7.714316932e-02,-0.8668,4.8898
235.00,235.00,2380000000,8.673028453e-01,-2.544417214e-01,-0.8780,-16.3502
235.00,235.00,2390000000,7.160718120e-01,-5.503395247e-01,-0.8851,-37.5442
235.00,235.00,2400000000,4.690291357e-01,-7.717936688e-01,-0.8849,-58.7124
235.00,235.00,2410000000,1.580337918e-01,-8.899400625e-01,-0.8779,-79.9305
235.00,235.00,2420000000,-1.755354593e-01,-8.874035298e-01,-0.8709,-101.1891
235.00,235.00,2430000000,-4.859056548e-01,-7.632124028e-01,-0.8693,-122.4832
235.00,235.00,2440000000,-7.293525471e-01,-5.341232385e-01,-0.8765,-143.7837
235.00,235.00,2450000000,-8.722656183e-01,-2.333997503e-01,-0.8867,-165.0198
235.00,235.00,2460000000,-8.966921108e-01,9.781032645e-02,-0.8958,173.7748
235.00,235.00,2470000000,-8.004367166e-01,4.152572972e-01,-0.8984,152.5802
235.00,235.00,2480000000,-5.963699391e-01,6.769650176e-01,-0.8941,131.3783
235.00,235.00,2490000000,-3.106996015e-01,8.474848990e-01,-0.8897,110.1336
235.00,235.00,2500000000,1.814899132e-02,9.027359025e-01,-0.8870,88.8483
235.00,235.00,2510000000,3.444903297e-01,8.343748535e-01,-0.8892,67.5656
235.00,235.00,2520000000,6.229173612e-01,6.521454932e-01,-0.8974,46.3132
235.00,235.00,2530000000,8.162508102e-01,3.815905203e-01,-0.9051,25.0557
235.00,235.00,2540000000,8.984830625e-01,6.024690532e-02,-0.9103,3.8362
235.00,235.00,2550000000,8.591117786e-01,-2.690308592e-01,-0.9127,-17.3879
235.00,235.00,2560000000,7.031155333e-01,-5.622593353e-01,-0.9124,-38.6482
235.00,235.00,2570000000,4.517003697e-01,-7.786817690e-01,-0.9131,-59.8827
235.00,235.00,2580000000,1.390398958e-01,-8.892671839e-01,-0.9145,-81.1136
235.00,235.00,2590000000,-1.920880846e-01,-8.790138517e-01,-0.9175,-102.3269
235.00,235.00,2600000000,-4.969639032e-01,-7.496447608e-01,-0.9208,-123.5417
235.00,235.00,2610000000,-7.336379383e-01,-5.195251295e-01,-0.9252,-144.6958
235.00,235.00,2620000000,-8.716027288e-01,-2.188999732e-01,-0.9280,-165.9019
235.00,235.00,2630000000,-8.914272936e-01,1.116407662e-01,-0.9307,172.8615
235.00,235.00,2640000000,-7.901870679e-01,4.266502243e-01,-0.9344,151.6338
235.00,235.00,2650000000,-5.818713912e-01,6.838282647e-01,-0.9356,130.3946
235.00,235.00,2660000000,-2.945865689e-01,8.479254722e-01,-0.9379,109.1583
235.00,235.00,2670000000,3.266767314e-02,8.968455324e-01,-0.9399,87.9139
235.00,235.00,2680000000,3.553904910e-01,8.241339208e-01,-0.9393,66.6729
235.00,235.00,2690000000,6.296535255e-01,6.390621103e-01,-0.9428,45.4249
235.00,235.00,2700000000,8.183065762e-01,3.674363697e-01,-0.9440,24.1811
235.00,235.00,2710000000,8.955396034e-01,4.597293321e-02,-0.9469,2.9387
235.00,235.00,2720000000,8.510981292e-01,-2.813563301e-01,-0.9500,-18.2929
235.00,235.00,2730000000,6.911721409e-01,-5.703529675e-01,-0.9527,-39.5293
235.00,235.00,2740000000,4.377592330e-01,-7.816121024e-01,-0.9553,-60.7480
235.00,235.00,2750000000,1.252242857e-01,-8.870697476e-01,-0.9551,-81.9649
235.00,235.00,2760000000,-2.044507766e-01,-8.723013870e-01,-0.9544,-103.1909
235.00,235.00,2770000000,-5.068401206e-01,-7.395201425e-01,-0.9486,-124.4253
235.00,235.00,2780000000,-7.409280905e-01,-5.054611672e-01,-0.9449,-145.6982
235.00,235.00,2790000000,-8.738117063e-01,-2.017884117e-01,-0.9460,-166.9967
235.00,235.00,2800000000,-8.867799526e-01,1.290980811e-01,-0.9526,171.7170
235.00,235.00,2810000000,-7.785554680e-01,4.410727397e-01,-0.9653,150.4673
235.00,235.00,2820000000,-5.657440520e-01,6.918451671e-01,-0.9761,129.2740
235.00,235.00,2830000000,-2.779560885e-01,8.492185516e-01,-0.9776,108.1237
235.00,235.00,2840000000,4.750443876e-02,8.930034377e-01,-0.9707,86.9549
235.00,235.00,2850000000,3.685984405e-01,8.165404467e-01,-0.9550,65.7049
235.00,235.00,2860000000,6.410192475e-01,6.271071294e-01,-0.9465,44.3715
235.00,235.00,2870000000,8.248659834e-01,3.500855197e-01,-0.9530,22.9971
235.00,235.00,2880000000,8.935648127e-01,2.611936412e-02,-0.9738,1.6743
235.00,235.00,2890000000,8.400081917e-01,-2.978204502e-01,-1.0001,-19.5217
235.00,235.00,2900000000,6.753296418e-01,-5.791958383e-01,-1.0153,-40.6180
235.00,235.00,2910000000,4.221979486e-01,-7.839126984e-01,-1.0085,-61.6941
235.00,235.00,2920000000,1.109418468e-01,-8.858614128e-01,-0.9851,-82.8617
235.00,235.00,2930000000,-2.195826576e-01,-8.676914645e-01,-0.9631,-104.2014
235.00,235.00,2940000000,-5.219212149e-01,-7.275778494e-01,-0.9595,-125.6534
235.00,235.00,2950000000,-7.495094299e-01,-4.854395227e-01,-0.9832,-147.0698
235.00,235.00,2960000000,-8.704419389e-01,-1.797505030e-01,-1.0238,-168.3322
235.00,235.00,2970000000,-8.736088429e-01,1.446289419e-01,-1.0562,170.5997
235.00,235.00,2980000000,-7.633325335e-01,4.473492468e-01,-1.0635,149.6277
235.00,235.00,2990000000,-5.533476983e-01,6.933518327e-01,-1.0406,128.5925
235.00,235.00,3000000000,-2.660043135e-01,8.504854965e-01,-1.0013,107.3680
240.00,240.00,2000000000,2.996281141e-01,8.578228738e-01,-0.8321,70.7463
240.00,240.00,2010000000,5.895099841e-01,6.943773219e-01,-0.8109,49.6695
240.00,240.00,2020000000,8.039158356e-01,4.351409810e-01,-0.7799,28.4257
240.00,240.00,2030000000,9.091514596e-01,1.120716176e-01,-0.7618,7.0274
240.00,240.00,2040000000,8.864839125e-01,-2.276834445e-01,-0.7691,-14.4044
240.00,240.00,2050000000,7.408505678e-01,-5.329618038e-01,-0.7940,-35.7309
240.00,240.00,2060000000,4.967376794e-01,-7.623863923e-01,-0.8198,-56.9135
240.00,240.00,2070000000,1.887124492e-01,-8.890743922e-01,-0.8299,-78.0164
240.00,240.00,2080000000,-1.444824509e-01,-8.981370069e-01,-0.8222,-99.1388
240.00,240.00,2090000000,-4.606168086e-01,-7.864053856e-01,-0.8061,-120.3585
240.00,240.00,2100000000,-7.158709714e-01,-5.659019845e-01,-0.7950,-141.6733
240.00,240.00,2110000000,-8.724512381e-01,-2.664522078e-01,-0.7979,-163.0170
240.00,240.00,2120000000,-9.083499574e-01,6.853185986e-02,-0.8103,175.6854
240.00,240.00,2130000000,-8.205227918e-01,3.921057354e-01,-0.8249,154.4581
240.00,240.00,2140000000,-6.227846934e-01,6.614216677e-01,-0.8337,133.2767
240.00,240.00,2150000000,-3.416057115e-01,8.417315279e-01,-0.8344,112.0891
240.00,240.00,2160000000,-1.377345642e-02,9.086278321e-01,-0.8313,90.8685
240.00,240.00,2170000000,3.165895888e-01,8.519825353e-01,-0.8297,69.6154
240.00,240.00,2180000000,6.038008753e-01,6.790022337e-01,-0.8322,48.3550
240.00,240.00,2190000000,8.084371369e-01,4.138611650e-01,-0.8362,27.1092
240.00,240.00,2200000000,9.029549240e-01,9.295067903e-02,-0.8409,5.8774
240.00,240.00,2210000000,8.751084838e-01,-2.406924037e-01,-0.8421,-15.3785
240.00,240.00,2220000000,7.281786284e-01,-5.410359850e-01,-0.8462,-36.6123
240.00,240.00,2230000000,4.825056548e-01,-7.674687465e-01,-0.8522,-57.8425
240.00,240.00,2240000000,1.717751341e-01,-8.895331810e-01,-0.8578,-79.0703
240.00,240.00,2250000000,-1.612760727e-01,-8.911056692e-01,-0.8614,-100.2586
240.00,240.00,2260000000,-4.727334819e-01,-7.725037755e-01,-0.8606,-121.4645
240.00,240.00,2270000000,-7.207605983e-01,-5.491805199e-01,-0.8561,-142.6946
240.00,240.00,2280000000,-8.711944338e-01,-2.507136078e-01,-0.8521,-163.9452
240.00,240.00,2290000000,-9.024471353e-01,8.272158695e-02,-0.8552,174.7627
240.00,240.00,2300000000,-8.102657673e-01,4.039706499e-01,-0.8633,153.5007
240.00,240.00,2310000000,-6.084957368e-01,6.690069846e-01,-0.8733,132.2881
240.00,240.00,2320000000,-3.254590272e-01,8.429457540e-01,-0.8805,111.1114
240.00,240.00,2330000000,9.235398519e-04,9.039991568e-01,-0.8766,89.9415
240.00,240.00,2340000000,3.282112703e-01,8.432237676e-01,-0.8685,68.7323
240.00,240.00,2350000000,6.122075578e-01,6.673404818e-01,-0.8611,47.4672
240.00,240.00,2360000000,8.131287150e-01,3.994352539e-01,-0.8580,26.1618
240.00,240.00,2370000000,9.016737099e-01,7.715439726e-02,-0.8673,4.8908
240.00,240.00,2380000000,8.673130110e-01,-2.544368049e-01,-0.8779,-16.3497
240.00,240.00,2390000000,7.160673410e-01,-5.502879395e-01,-0.8854,-37.5418
240.00,240.00,2400000000,4.690080978e-01,-7.718231178e-01,-0.8848,-58.7145
240.00,240.00,2410000000,1.580543086e-01,-8.899104411e-01,-0.8782,-79.9289
240.00,240.00,2420000000,-1.755159547e-01,-8.873818248e-01,-0.8711,-101.1882
240.00,240.00,2430000000,-4.858512427e-01,-7.631758218e-01,-0.8699,-122.4816
240.00,240.00,2440000000,-7.293030072e-01,-5.341488362e-01,-0.8767,-143.7806
240.00,240.00,2450000000,-8.722290289e-01,-2.334627827e-01,-0.8869,-165.0153
240.00,240.00,2460000000,-8.966467635e-01,9.782232245e-02,-0.8962,173.7738
240.00,240.00,2470000000,-8.003871229e-01,4.151909000e-01,-0.8991,152.5825
240.00,240.00,2480000000,-5.963362022e-01,6.769790504e-01,-0.8942,131.3761
240.00,240.00,2490000000,-3.107031116e-01,8.474528786e-01,-0.8900,110.1345
240.00,240.00,2500000000,1.809548562e-02,9.027297109e-01,-0.8871,88.8516
240.00,240.00,2510000000,3.444556206e-01,8.343910065e-01,-0.8892,67.5680
240.00,240.00,2520000000,6.228366611e-01,6.521161121e-01,-0.8981,46.3156
240.00,240.00,2530000000,8.162778834e-01,3.816325029e-01,-0.9047,25.0574
240.00,240.00,2540000000,8.984600979e-01,6.031201652e-02,-0.9105,3.8404
240.00,240.00,2550000000,8.591050339e-01,-2.689818948e-01,-0.9129,-17.3851
240.00,240.00,2560000000,7.031286559e-01,-5.621857191e-01,-0.9128,-38.6440
240.00,240.00,2570000000,4.517508027e-01,-7.786271457e-01,-0.9133,-59.8782
240.00,240.00,2580000000,1.391004720e-01,-8.892560487e-01,-0.9145,-81.1096
240.00,240.00,2590000000,-1.920598791e-01,-8.790665899e-01,-0.9171,-102.3244
240.00,240.00,2600000000,-4.969197587e-01,-7.496635432e-01,-0.9209,-123.5387
240.00,240.00,2610000000,-7.335801070e-01,-5.195940399e-01,-0.9253,-144.6901
240.00,240.00,2620000000,-8.715834469e-01,-2.189233365e-01,-0.9281,-165.9002
240.00,240.00,2630000000,-8.914310836e-01,1.116115264e-01,-0.9307,172.8634
240.00,240.00,2640000000,-7.901864833e-01,4.266600525e-01,-0.9343,151.6332
240.00,240.00,2650000000,-5.818792624e-01,6.837477972e-01,-0.9361,130.3983
240.00,240.00,2660000000,-2.945894012e-01,8.478888066e-01,-0.9383,109.1592
240.00,240.00,2670000000,3.260549004e-02,8.968166678e-01,-0.9402,87.9178
240.00,240.00,2680000000,3.553277508e-01,8.241114706e-01,-0.9398,66.6760
240.00,240.00,2690000000,6.295903910e-01,6.391146219e-01,-0.9428,45.4301
240.00,240.00,2700000000,8.182677902e-01,3.674339126e-01,-0.9444,24.1819
240.00,240.00,2710000000,8.955409791e-01,4.601125746e-02,-0.9468,2.9412
240.00,240.00,2720000000,8.510745430e-01,-2.813175426e-01,-0.9503,-18.2910
240.00,240.00,2730000000,6.911227433e-01,-5.702567307e-01,-0.9537,-39.5266
240.00,240.00,2740000000,4.377036813e-01,-7.815798583e-01,-0.9558,-60.7501
240.00,240.00,2750000000,1.252917549e-01,-8.870022719e-01,-0.9557,-81.9600
240.00,240.00,2760000000,-2.044272673e-01,-8.723030923e-01,-0.9545,-103.1894
240.00,240.00,2770000000,-5.068233524e-01,-7.395315116e-01,-0.9486,-124.4240
240.00,240.00,2780000000,-7.408953752e-01,-5.054674699e-01,-0.9452,-145.6967
240.00,240.00,2790000000,-8.737999946e-01,-2.018378207e-01,-0.9460,-166.9935
240.00,240.00,2800000000,-8.867903064e-01,1.290804526e-01,-0.9525,171.7182
240.00,240.00,2810000000,-7.785110674e-01,4.410127407e-01,-0.9660,150.4692
240.00,240.00,2820000000,-5.657963755e-01,6.918446528e-01,-0.9758,129.2766
240.00,240.00,2830000000,-2.779758767e-01,8.492241563e-01,-0.9775,108.1248
240.00,240.00,2840000000,4.742429059e-02,8.929703609e-01,-0.9710,86.9600
240.00,240.00,2850000000,3.685628186e-01,8.165921503e-01,-0.9547,65.7083
240.00,240.00,2860000000,6.410173075e-01,6.271226582e-01,-0.9464,44.3723
240.00,240.00,2870000000,8.248436138e-01,3.501175771e-01,-0.9531,22.9995
240.00,240.00,2880000000,8.935264202e-01,2.613293412e-02,-0.9741,1.6752
240.00,240.00,2890000000,8.399911118e-01,-2.977815035e-01,-1.0004,-19.5197
240.00,240.00,2900000000,6.753155520e-01,-5.792005178e-01,-1.0154,-40.6188
240.00,240.00,2910000000,4.221423569e-01,-7.838656892e-01,-1.0092,-61.6958
240.00,240.00,2920000000,1.109758781e-01,-8.858676840e-01,-0.9850,-82.8595
240.00,240.00,2930000000,-2.196039847e-01,-8.676972327e-01,-0.9630,-104.2027
240.00,240.00,2940000000,-5.219030706e-01,-7.276083888e-01,-0.9594,-125.6513
240.00,240.00,2950000000,-7.494803518e-01,-4.854786052e-01,-0.9832,-147.0667
240.00,240.00,2960000000,-8.703907943e-01,-1.797991127e-01,-1.0242,-168.3284
240.00,240.00,2970000000,-8.735938361e-01,1.446321365e-01,-1.0564,170.5994
240.00,240.00,2980000000,-7.633523817e-01,4.473273072e-01,-1.0634,149.6295
240.00,240.00,2990000000,-5.533635150e-01,6.933544786e-01,-1.0405,128.5932
240.00,240.00,3000000000,-2.659924112e-01,8.504500209e-01,-1.0017,107.3679
245.00,245.00,2000000000,2.996084017e-01,8.578245705e-01,-0.8322,70.7475
245.00,245.00,2010000000,5.894915832e-01,6.944211580e-01,-0.8107,49.6722
245.00,245.00,2020000000,8.038688145e-01,4.351919720e-01,-0.7800,28.4299
245.00,245.00,2030000000,9.091491156e-01,1.120627736e-01,-0.7618,7.0269
245.00,245.00,2040000000,8.864839528e-01,-2.276762215e-01,-0.7692,-14.4040
245.00,245.00,2050000000,7.408511610e-01,-5.329558084e-01,-0.7941,-35.7306
245.00,245.00,2060000000,4.966934877e-01,-7.624332234e-01,-0.8197,-56.9174
245.00,245.00,2070000000,1.886944215e-01,-8.890644866e-01,-0.8300,-78.0174
245.00,245.00,2080000000,-1.445145565e-01,-8.981241267e-01,-0.8223,-99.1409
245.00,245.00,2090000000,-4.605890110e-01,-7.863940000e-01,-0.8063,-120.3574
245.00,245.00,2100000000,-7.158273596e-01,-5.659123595e-01,-0.7953,-141.6711
245.00,245.00,2110000000,-8.724936989e-01,-2.664738638e-01,-0.7974,-163.0165
245.00,245.00,2120000000,-9.083415929e-01,6.851224598e-02,-0.8104,175.6866
245.00,245.00,2130000000,-8.205259076e-01,3.920657856e-01,-0.8251,154.4605
245.00,245.00,2140000000,-6.228232684e-01,6.614468908e-01,-0.8332,133.2774
245.00,245.00,2150000000,-3.416446370e-01,8.417352055e-01,-0.8342,112.0913
245.00,245.00,2160000000,-1.374911328e-02,9.086449476e-01,-0.8311,90.8669
245.00,245.00,2170000000,3.165612334e-01,8.519935935e-01,-0.8297,69.6173
245.00,245.00,2180000000,6.037970020e-01,6.790528816e-01,-0.8319,48.3573
245.00,245.00,2190000000,8.084357377e-01,4.139049026e-01,-0.8361,27.1116
245.00,245.00,2200000000,9.030046404e-01,9.296864592e-02,-0.8404,5.8782
245.00,245.00,2210000000,8.751014363e-01,-2.406605170e-01,-0.8422,-15.3767
245.00,245.00,2220000000,7.282036289e-01,-5.410154443e-01,-0.8461,-36.6103
245.00,245.00,2230000000,4.825575035e-01,-7.674940840e-01,-0.8518,-57.8406
245.00,245.00,2240000000,1.717727705e-01,-8.895430787e-01,-0.8577,-79.0706
245.00,245.00,2250000000,-1.612868575e-01,-8.911407867e-01,-0.8611,-100.2589
245.00,245.00,2260000000,-4.727394076e-01,-7.725302970e-01,-0.8603,-121.4640
245.00,245.00,2270000000,-7.207384082e-01,-5.491937197e-01,-0.8562,-142.6930
245.00,245.00,2280000000,-8.712436544e-01,-2.507254473e-01,-0.8517,-163.9453
245.00,245.00,2290000000,-9.024494256e-01,8.274186793e-02,-0.8552,174.7614
245.00,245.00,2300000000,-8.102963870e-01,4.040081813e-01,-0.8629,153.4995
245.00,245.00,2310000000,-6.085214985e-01,6.689946696e-01,-0.8733,132.2898
245.00,245.00,2320000000,-3.254518770e-01,8.429976845e-01,-0.8801,111.1098
245.00,245.00,2330000000,9.330021105e-04,9.040159842e-01,-0.8765,89.9409
245.00,245.00,2340000000,3.282172449e-01,8.432142156e-01,-0.8686,68.7318
245.00,245.00,2350000000,6.122465205e-01,6.673868440e-01,-0.8605,47.4674
245.00,245.00,2360000000,8.131099591e-01,3.994244279e-01,-0.8582,26.1617
245.00,245.00,2370000000,9.017193365e-01,7.712207151e-02,-0.8669,4.8885
245.00,245.00,2380000000,8.673309330e-01,-2.544520071e-01,-0.8777,-16.3503
245.00,245.00,2390000000,7.160875127e-01,-5.503067313e-01,-0.8851,-37.5419
245.00,245.00,2400000000,4.690298165e-01,-7.717806010e-01,-0.8850,-58.7119
245.00,245.00,2410000000,1.580335702e-01,-8.899327843e-01,-0.8780,-79.9304
245.00,245.00,2420000000,-1.755020002e-01,-8.873940173e-01,-0.8710,-101.1872
245.00,245.00,2430000000,-4.858401440e-01,-7.631438462e-01,-0.8702,-122.4820
245.00,245.00,2440000000,-7.293181046e-01,-5.340963563e-01,-0.8769,-143.7838
245.00,245.00,2450000000,-8.722610159e-01,-2.334557720e-01,-0.8866,-165.0163
245.00,245.00,2460000000,-8.966516774e-01,9.781663635e-02,-0.8961,173.7742
245.00,245.00,2470000000,-8.004268995e-01,4.152107820e-01,-0.8987,152.5826
245.00,245.00,2480000000,-5.963698192e-01,6.769848397e-01,-0.8939,131.3775
245.00,245.00,2490000000,-3.107180293e-01,8.474627300e-01,-0.8898,110.1352
245.00,245.00,2500000000,1.811431414e-02,9.027361143e-01,-0.8870,88.8505
245.00,245.00,2510000000,3.444951184e-01,8.343389998e-01,-0.8895,67.5645
245.00,245.00,2520000000,6.228670548e-01,6.521307966e-01,-0.8978,46.3148
245.00,245.00,2530000000,8.162381442e-01,3.816153914e-01,-0.9051,25.0575
245.00,245.00,2540000000,8.984694830e-01,6.024274852e-02,-0.9105,3.8360
245.00,245.00,2550000000,8.591286905e-01,-2.689517562e-01,-0.9128,-17.3828
245.00,245.00,2560000000,7.031715682e-01,-5.622169816e-01,-0.9123,-38.6439
245.00,245.00,2570000000,4.517406281e-01,-7.786890788e-01,-0.9129,-59.8807
245.00,245.00,2580000000,1.390777242e-01,-8.892953362e-01,-0.9141,-81.1115
245.00,245.00,2590000000,-1.921020282e-01,-8.790738186e-01,-0.9169,-102.3269
245.00,245.00,2600000000,-4.969739965e-01,-7.497150275e-01,-0.9202,-123.5398
245.00,245.00,2610000000,-7.335772789e-01,-5.195895039e-01,-0.9253,-144.6902
245.00,245.00,2620000000,-8.716056393e-01,-2.189346170e-01,-0.9279,-165.8999
245.00,245.00,2630000000,-8.914356370e-01,1.116019900e-01,-0.9307,172.8641
245.00,245.00,2640000000,-7.901529521e-01,4.266181944e-01,-0.9348,151.6346
245.00,245.00,2650000000,-5.819112761e-01,6.837560678e-01,-0.9359,130.3995
245.00,245.00,2660000000,-2.945780918e-01,8.479491567e-01,-0.9378,109.1573
245.00,245.00,2670000000,3.268447844e-02,8.968336046e-01,-0.9400,87.9128
245.00,245.00,2680000000,3.553519512e-01,8.241364707e-01,-0.9395,66.6752
245.00,245.00,2690000000,6.296067515e-01,6.391354686e-01,-0.9426,45.4303
245.00,245.00,2700000000,8.182674273e-01,3.674241996e-01,-0.9444,24.1814
245.00,245.00,2710000000,8.955469238e-01,4.602150772e-02,-0.9468,2.9418
245.00,245.00,2720000000,8.511115981e-01,-2.813205682e-01,-0.9500,-18.2904
245.00,245.00,2730000000,6.911506821e-01,-5.702964302e-01,-0.9532,-39.5274
245.00,245.00,2740000000,4.377453955e-01,-7.816036139e-01,-0.9554,-60.7485
245.00,245.00,2750000000,1.252338108e-01,-8.870335132e-01,-0.9555,-81.9639
245.00,245.00,2760000000,-2.044118314e-01,-8.723601801e-01,-0.9539,-103.1876
245.00,245.00,2770000000,-5.068490953e-01,-7.395883486e-01,-0.9481,-124.4233
245.00,245.00,2780000000,-7.408863523e-01,-5.054610165e-01,-0.9453,-145.6967
245.00,245.00,2790000000,-8.737504233e-01,-2.018496236e-01,-0.9465,-166.9920
245.00,245.00,2800000000,-8.867726537e-01,1.291027076e-01,-0.9527,171.7167
245.00,245.00,2810000000,-7.785960260e-01,4.410230505e-01,-0.9652,150.4713
245.00,245.00,2820000000,-5.657920797e-01,6.918560048e-01,-0.9757,129.2759
245.00,245.00,2830000000,-2.779867173e-01,8.492314968e-01,-0.9774,108.1253
245.00,245.00,2840000000,4.744244661e-02,8.930479673e-01,-0.9703,86.9591
245.00,245.00,2850000000,3.685702599e-01,8.165465719e-01,-0.9550,65.7067
245.00,245.00,2860000000,6.409971396e-01,6.270476038e-01,-0.9471,44.3697
245.00,245.00,2870000000,8.248664725e-01,3.500532059e-01,-0.9532,22.9952
245.00,245.00,2880000000,8.935184734e-01,2.612712276e-02,-0.9742,1.6749
245.00,245.00,2890000000,8.399716381e-01,-2.978212252e-01,-1.0004,-19.5225
245.00,245.00,2900000000,6.753330579e-01,-5.791762542e-01,-1.0154,-40.6169
245.00,245.00,2910000000,4.221511976e-01,-7.839209197e-01,-1.0087,-61.6970
245.00,245.00,2920000000,1.109759309e-01,-8.858513001e-01,-0.9852,-82.8594
245.00,245.00,2930000000,-2.196020302e-01,-8.677021951e-01,-0.9630,-104.2025
245.00,245.00,2940000000,-5.219018200e-01,-7.275977452e-01,-0.9594,-125.6517
245.00,245.00,2950000000,-7.494936611e-01,-4.854664749e-01,-0.9831,-147.0678
245.00,245.00,2960000000,-8.704137145e-01,-1.797865176e-01,-1.0240,-168.3295
245.00,245.00,2970000000,-8.735881886e-01,1.446226132e-01,-1.0564,170.5999
245.00,245.00,2980000000,-7.632767566e-01,4.473548422e-01,-1.0639,149.6255
245.00,245.00,2990000000,-5.533503228e-01,6.933595651e-01,-1.0406,128.5924
245.00,245.00,3000000000,-2.659850568e-01,8.504757548e-01,-1.0015,107.3670
250.00,250.00,2000000000,2.996571184e-01,8.577623526e-01,-0.8326,70.7433
250.00,250.00,2010000000,5.894623212e-01,6.943544170e-01,-0.8113,49.6709
250.00,250.00,2020000000,8.038775525e-01,4.351224516e-01,-0.7803,28.4258
250.00,250.00,2030000000,9.091136812e-01,1.120582588e-01,-0.7621,7.0269
250.00,250.00,2040000000,8.864859149e-01,-2.276794385e-01,-0.7691,-14.4042
250.00,250.00,2050000000,7.408249048e-01,-5.329605550e-01,-0.7942,-35.7318
250.00,250.00,2060000000,4.966698224e-01,-7.623931795e-01,-0.8201,-56.9173
250.00,250.00,2070000000,1.886729041e-01,-8.890146606e-01,-0.8305,-78.0181
250.00,250.00,2080000000,-1.445014206e-01,-8.981026890e-01,-0.8225,-99.1403
250.00,250.00,2090000000,-4.606151667e-01,-7.864075622e-01,-0.8061,-120.3584
250.00,250.00,2100000000,-7.158546981e-01,-5.658903595e-01,-0.7952,-141.6733
250.00,250.00,2110000000,-8.724540337e-01,-2.664257585e-01,-0.7979,-163.0186
250.00,250.00,2120000000,-9.083218241e-01,6.853741510e-02,-0.8105,175.6849
250.00,250.00,2130000000,-8.204942653e-01,3.920850636e-01,-0.8253,154.4585
250.00,250.00,2140000000,-6.227420650e-01,6.614055004e-01,-0.8341,133.2754
250.00,250.00,2150000000,-3.415896495e-01,8.417206726e-01,-0.8345,112.0884
250.00,250.00,2160000000,-1.377168468e-02,9.085864782e-01,-0.8317,90.8684
250.00,250.00,2170000000,3.165724245e-01,8.519712153e-01,-0.8298,69.6161
250.00,250.00,2180000000,6.037841053e-01,6.789869588e-01,-0.8324,48.3551
250.00,250.00,2190000000,8.084027541e-01,4.138569927e-01,-0.8366,27.1099
250.00,250.00,2200000000,9.029559999e-01,9.297665549e-02,-0.8409,5.8790
250.00,250.00,2210000000,8.750705313e-01,-2.406797424e-01,-0.8424,-15.3784
250.00,250.00,2220000000,7.281527047e-01,-5.410665384e-01,-0.8462,-36.6148
250.00,250.00,2230000000,4.824833286e-01,-7.674788831e-01,-0.8523,-57.8441
250.00,250.00,2240000000,1.717683973e-01,-8.894989597e-01,-0.8581,-79.0703
250.00,250.00,2250000000,-1.613065032e-01,-8.911007013e-01,-0.8614,-100.2605
250.00,250.00,2260000000,-4.727259714e-01,-7.724977320e-01,-0.8607,-121.4643
250.00,250.00,2270000000,-7.207703603e-01,-5.491435252e-01,-0.8562,-142.6968
250.00,250.00,2280000000,-8.711723558e-01,-2.506461835e-01,-0.8525,-163.9489
250.00,250.00,2290000000,-9.024155394e-01,8.274667342e-02,-0.8555,174.7609
250.00,250.00,2300000000,-8.102530076e-01,4.039973748e-01,-0.8633,153.4989
250.00,250.00,2310000000,-6.084738961e-01,6.690229669e-01,-0.8734,132.2864
250.00,250.00,2320000000,-3.254588688e-01,8.429411329e-01,-0.8806,111.1115
250.00,250.00,2330000000,9.627481878e-04,9.039866535e-01,-0.8768,89.9390
250.00,250.00,2340000000,3.281882033e-01,8.431738667e-01,-0.8690,68.7325
250.00,250.00,2350000000,6.122017843e-01,6.673255500e-01,-0.8613,47.4669
250.00,250.00,2360000000,8.130887439e-01,3.993889755e-01,-0.8586,26.1603
250.00,250.00,2370000000,9.017137400e-01,7.710854565e-02,-0.8670,4.8877
250.00,250.00,2380000000,8.672796256e-01,-2.544371183e-01,-0.8782,-16.3503
250.00,250.00,2390000000,7.160655669e-01,-5.503119142e-01,-0.8853,-37.5431
250.00,250.00,2400000000,4.689974185e-01,-7.717639769e-01,-0.8853,-58.7131
250.00,250.00,2410000000,1.579907434e-01,-8.899106985e-01,-0.8783,-79.9329
250.00,250.00,2420000000,-1.755317315e-01,-8.873865722e-01,-0.8711,-101.1891
250.00,250.00,2430000000,-4.858887743e-01,-7.631496531e-01,-0.8699,-122.4844
250.00,250.00,2440000000,-7.293034882e-01,-5.340827622e-01,-0.8771,-143.7840
250.00,250.00,2450000000,-8.722567220e-01,-2.334276868e-01,-0.8867,-165.0179
250.00,250.00,2460000000,-8.966624868e-01,9.781544358e-02,-0.8960,173.7743
250.00,250.00,2470000000,-8.003616097e-01,4.152241602e-01,-0.8991,152.5799
250.00,250.00,2480000000,-5.963067815e-01,6.769643986e-01,-0.8945,131.3753
250.00,250.00,2490000000,-3.106511143e-01,8.474967489e-01,-0.8897,110.1305
250.00,250.00,2500000000,1.814884411e-02,9.026873557e-01,-0.8875,88.8482
250.00,250.00,2510000000,3.444885996e-01,8.343125869e-01,-0.8898,67.5642
250.00,250.00,2520000000,6.228693900e-01,6.521108630e-01,-0.8979,46.3138
250.00,250.00,2530000000,8.162201433e-01,3.816055426e-01,-0.9053,25.0574
250.00,250.00,2540000000,8.984383312e-01,6.023720257e-02,-0.9108,3.8357
250.00,250.00,2550000000,8.591032556e-01,-2.689990138e-01,-0.9129,-17.3862
250.00,250.00,2560000000,7.031000419e-01,-5.622106166e-01,-0.9128,-38.6464
250.00,250.00,2570000000,4.517184843e-01,-7.786515280e-01,-0.9133,-59.8807
250.00,250.00,2580000000,1.390112894e-01,-8.892382881e-01,-0.9148,-81.1151
250.00,250.00,2590000000,-1.921062355e-01,-8.790137713e-01,-0.9175,-102.3280
250.00,250.00,2600000000,-4.969648390e-01,-7.496554372e-01,-0.9207,-123.5414
250.00,250.00,2610000000,-7.335864305e-01,-5.195370282e-01,-0.9255,-144.6933
250.00,250.00,2620000000,-8.715822014e-01,-2.189161938e-01,-0.9281,-165.9006
250.00,250.00,2630000000,-8.913955293e-01,1.116033900e-01,-0.9310,172.8637
250.00,250.00,2640000000,-7.901301701e-01,4.266587353e-01,-0.9348,151.6316
250.00,250.00,2650000000,-5.818394192e-01,6.837467424e-01,-0.9364,130.3964
250.00,250.00,2660000000,-2.945333183e-01,8.478797586e-01,-0.9385,109.1560
250.00,250.00,2670000000,3.266775428e-02,8.968085379e-01,-0.9402,87.9138
250.00,250.00,2680000000,3.553771573e-01,8.241172582e-01,-0.9395,66.6733
250.00,250.00,2690000000,6.296666585e-01,6.390751622e-01,-0.9426,45.4249
250.00,250.00,2700000000,8.182329223e-01,3.673846520e-01,-0.9449,24.1800
250.00,250.00,2710000000,8.955336361e-01,4.602404710e-02,-0.9469,2.9420
250.00,250.00,2720000000,8.510464942e-01,-2.813096017e-01,-0.9506,-18.2911
250.00,250.00,2730000000,6.911378925e-01,-5.702817024e-01,-0.9534,-39.5272
250.00,250.00,2740000000,4.377378129e-01,-7.816105102e-01,-0.9554,-60.7492
250.00,250.00,2750000000,1.252191438e-01,-8.870293784e-01,-0.9555,-81.9648
250.00,250.00,2760000000,-2.044838231e-01,-8.723265208e-01,-0.9541,-103.1926
250.00,250.00,2770000000,-5.068554224e-01,-7.394982589e-01,-0.9487,-124.4269
250.00,250.00,2780000000,-7.408620428e-01,-5.054377972e-01,-0.9456,-145.6970
250.00,250.00,2790000000,-8.737342557e-01,-2.017952522e-01,-0.9467,-166.9952
250.00,250.00,2800000000,-8.867325506e-01,1.291037463e-01,-0.9530,171.7162
250.00,250.00,2810000000,-7.785064986e-01,4.410409136e-01,-0.9659,150.4675
250.00,250.00,2820000000,-5.657861881e-01,6.918447517e-01,-0.9758,129.2761
250.00,250.00,2830000000,-2.779654665e-01,8.491896575e-01,-0.9779,108.1248
250.00,250.00,2840000000,4.744389018e-02,8.929954343e-01,-0.9708,86.9588
250.00,250.00,2850000000,3.685910226e-01,8.165191813e-01,-0.9552,65.7048
250.00,250.00,2860000000,6.410274435e-01,6.270965724e-01,-0.9465,44.3706
250.00,250.00,2870000000,8.248396259e-01,3.500525540e-01,-0.9534,22.9958
250.00,250.00,2880000000,8.934781645e-01,2.613737997e-02,-0.9746,1.6756
250.00,250.00,2890000000,8.399657559e-01,-2.978269698e-01,-1.0005,-19.5230
250.00,250.00,2900000000,6.753225070e-01,-5.791593204e-01,-1.0156,-40.6165
250.00,250.00,2910000000,4.221186952e-01,-7.838562831e-01,-1.0094,-61.6969
250.00,250.00,2920000000,1.109415119e-01,-8.857919506e-01,-0.9858,-82.8611
250.00,250.00,2930000000,-2.195782327e-01,-8.676605600e-01,-0.9634,-104.2016
250.00,250.00,2940000000,-5.218811553e-01,-7.275753675e-01,-0.9597,-125.6514
250.00,250.00,2950000000,-7.494485152e-01,-4.854680153e-01,-0.9835,-147.0662
250.00,250.00,2960000000,-8.704076449e-01,-1.797681136e-01,-1.0241,-168.3306
250.00,250.00,2970000000,-8.735756877e-01,1.446218381e-01,-1.0566,170.5999
250.00,250.00,2980000000,-7.633140498e-01,4.473292015e-01,-1.0638,149.6282
250.00,250.00,2990000000,-5.533923026e-01,6.933377447e-01,-1.0405,128.5954
250.00,250.00,3000000000,-2.659903956e-01,8.504465118e-01,-1.0017,107.3679
255.00,2.00,2000000000,2.995987912e-01,8.577689318e-01,-0.8327,70.7469
255.00,2.00,2010000000,5.894866647e-01,6.943210895e-01,-0.8114,49.6684
255.00,2.00,2020000000,8.039258352e-01,4.351068748e-01,-0.7799,28.4235
255.00,2.00,2030000000,9.090989443e-01,1.120036422e-01,-0.7624,7.0236
255.00,2.00,2040000000,8.864753939e-01,-2.276969077e-01,-0.7692,-14.4054
255.00,2.00,2050000000,7.407685065e-01,-5.329938266e-01,-0.7945,-35.7356
255.00,2.00,2060000000,4.966561958e-01,-7.623756575e-01,-0.8203,-56.9174
255.00,2.00,2070000000,1.886804443e-01,-8.890249331e-01,-0.8304,-78.0177
255.00,2.00,2080000000,-1.445426509e-01,-8.980899472e-01,-0.8225,-99.1430
255.00,2.00,2090000000,-4.606581244e-01,-7.863328145e-01,-0.8065,-120.3631
255.00,2.00,2100000000,-7.158710991e-01,-5.658640047e-01,-0.7953,-141.6752
255.00,2.00,2110000000,-8.724639457e-01,-2.664300011e-01,-0.7978,-163.0186
255.00,2.00,2120000000,-9.083084024e-01,6.858312962e-02,-0.8106,175.6820
255.00,2.00,2130000000,-8.204688745e-01,3.920992834e-01,-0.8254,154.4570
255.00,2.00,2140000000,-6.227364234e-01,6.614447547e-01,-0.8338,133.2735
255.00,2.00,2150000000,-3.415520459e-01,8.417027195e-01,-0.8348,112.0867
255.00,2.00,2160000000,-1.370603512e-02,9.085729836e-01,-0.8318,90.8643
255.00,2.00,2170000000,3.166077979e-01,8.518946218e-01,-0.8304,69.6123
255.00,2.00,2180000000,6.037994244e-01,6.789440560e-01,-0.8326,48.3526
255.00,2.00,2190000000,8.083820079e-01,4.138064279e-01,-0.8369,27.1077
255.00,2.00,2200000000,9.029159473e-01,9.290163347e-02,-0.8413,5.8745
255.00,2.00,2210000000,8.750171276e-01,-2.407084672e-01,-0.8429,-15.3810
255.00,2.00,2220000000,7.281363061e-01,-5.410461547e-01,-0.8465,-36.6144
255.00,2.00,2230000000,4.824981791e-01,-7.674847591e-01,-0.8521,-57.8435
255.00,2.00,2240000000,1.717341658e-01,-8.895358347e-01,-0.8578,-79.0729
255.00,2.00,2250000000,-1.613239170e-01,-8.910719353e-01,-0.8617,-100.2619
255.00,2.00,2260000000,-4.727570301e-01,-7.724638979e-01,-0.8608,-121.4671
255.00,2.00,2270000000,-7.207592611e-01,-5.490817108e-01,-0.8566,-142.6995
255.00,2.00,2280000000,-8.711721346e-01,-2.506419324e-01,-0.8525,-163.9491
255.00,2.00,2290000000,-9.023733209e-01,8.279872283e-02,-0.8559,174.7574
255.00,2.00,2300000000,-8.102156583e-01,4.040058269e-01,-0.8636,153.4973
255.00,2.00,2310000000,-6.084374734e-01,6.690085805e-01,-0.8737,132.2853
255.00,2.00,2320000000,-3.253779935e-01,8.429488246e-01,-0.8808,111.1066
255.00,2.00,2330000000,9.739215717e-04,9.039303738e-01,-0.8773,89.9383
255.00,2.00,2340000000,3.282623631e-01,8.431255321e-01,-0.8692,68.7271
255.00,2.00,2350000000,6.122358538e-01,6.672667672e-01,-0.8615,47.4628
255.00,2.00,2360000000,8.131138952e-01,3.993414172e-01,-0.8585,26.1569
255.00,2.00,2370000000,9.016776093e-01,7.706580660e-02,-0.8674,4.8852
255.00,2.00,2380000000,8.672351936e-01,-2.544780333e-01,-0.8785,-16.3536
255.00,2.00,2390000000,7.159834658e-01,-5.503688096e-01,-0.8856,-37.5491
255.00,2.00,2400000000,4.689470356e-01,-7.717960578e-01,-0.8853,-58.7169
255.00,2.00,2410000000,1.579579439e-01,-8.899202966e-01,-0.8783,-79.9350
255.00,2.00,2420000000,-1.755897846e-01,-8.873466366e-01,-0.8713,-101.1932
255.00,2.00,2430000000,-4.859135920e-01,-7.631119215e-01,-0.8701,-122.4871
255.00,2.00,2440000000,-7.293163263e-01,-5.340611570e-01,-0.8771,-143.7856
255.00,2.00,2450000000,-8.722424678e-01,-2.333723045e-01,-0.8870,-165.0211
255.00,2.00,2460000000,-8.966249311e-01,9.788084711e-02,-0.8963,173.7699
255.00,2.00,2470000000,-8.003334672e-01,4.152436443e-01,-0.8993,152.5780
255.00,2.00,2480000000,-5.962722351e-01,6.769960811e-01,-0.8945,131.3724
255.00,2.00,2490000000,-3.106190627e-01,8.475134771e-01,-0.8897,110.1282
255.00,2.00,2500000000,1.816831900e-02,9.027423534e-01,-0.8870,88.8470
255.00,2.00,2510000000,3.445255220e-01,8.342707751e-01,-0.8900,67.5610
255.00,2.00,2520000000,6.229364388e-01,6.520470609e-01,-0.8979,46.3080
255.00,2.00,2530000000,8.162426432e-01,3.815532550e-01,-0.9053,25.0538
255.00,2.00,2540000000,8.984202302e-01,6.019966137e-02,-0.9110,3.8334
255.00,2.00,2550000000,8.590891851e-01,-2.690001475e-01,-0.9130,-17.3865
255.00,2.00,2560000000,7.030596893e-01,-5.622554076e-01,-0.9129,-38.6502
255.00,2.00,2570000000,4.516655167e-01,-7.786466993e-01,-0.9136,-59.8835
255.00,2.00,2580000000,1.390093224e-01,-8.892641312e-01,-0.9145,-81.1155
255.00,2.00,2590000000,-1.921415160e-01,-8.789901002e-01,-0.9176,-102.3305
255.00,2.00,2600000000,-4.969676644e-01,-7.495914245e-01,-0.9212,-123.5438
255.00,2.00,2610000000,-7.335989216e-01,-5.195170126e-01,-0.9255,-144.6948
255.00,2.00,2620000000,-8.715667534e-01,-2.188841116e-01,-0.9284,-165.9024
255.00,2.00,2630000000,-8.913601990e-01,1.116639531e-01,-0.9313,172.8595
255.00,2.00,2640000000,-7.900694071e-01,4.266864167e-01,-0.9352,151.6282
255.00,2.00,2650000000,-5.818113818e-01,6.837734242e-01,-0.9364,130.3939
255.00,2.00,2660000000,-2.945242355e-01,8.478927497e-01,-0.9384,109.1552
255.00,2.00,2670000000,3.272906908e-02,8.967894368e-01,-0.9404,87.9099
255.00,2.00,2680000000,3.553489249e-01,8.240825553e-01,-0.9400,66.6740
255.00,2.00,2690000000,6.296691509e-01,6.390544242e-01,-0.9427,45.4238
255.00,2.00,2700000000,8.182268112e-01,3.673899821e-01,-0.9449,24.1804
255.00,2.00,2710000000,8.955017691e-01,4.596136486e-02,-0.9472,2.9381
255.00,2.00,2720000000,8.509945384e-01,-2.813559757e-01,-0.9509,-18.2949
255.00,2.00,2730000000,6.910876059e-01,-5.702878096e-01,-0.9538,-39.5296
255.00,2.00,2740000000,4.377344716e-01,-7.816062281e-01,-0.9554,-60.7492
255.00,2.00,2750000000,1.251884272e-01,-8.869955164e-01,-0.9559,-81.9665
255.00,2.00,2760000000,-2.044734252e-01,-8.722986228e-01,-0.9544,-103.1924
255.00,2.00,2770000000,-5.068671275e-01,-7.394496900e-01,-0.9491,-124.4293
255.00,2.00,2780000000,-7.409018072e-01,-5.053922892e-01,-0.9455,-145.7009
255.00,2.00,2790000000,-8.737438417e-01,-2.017562252e-01,-0.9467,-166.9977
255.00,2.00,2800000000,-8.867375964e-01,1.291313570e-01,-0.9530,171.7145
255.00,2.00,2810000000,-7.784695151e-01,4.410399539e-01,-0.9662,150.4664
255.00,2.00,2820000000,-5.657046502e-01,6.918405671e-01,-0.9764,129.2722
255.00,2.00,2830000000,-2.778641912e-01,8.492039853e-01,-0.9780,108.1184
255.00,2.00,2840000000,4.752555070e-02,8.929829334e-01,-0.9709,86.9535
255.00,2.00,2850000000,3.686255014e-01,8.164422222e-01,-0.9558,65.7007
255.00,2.00,2860000000,6.410220620e-01,6.270115982e-01,-0.9472,44.3670
255.00,2.00,2870000000,8.248085128e-01,3.500034985e-01,-0.9539,22.9937
255.00,2.00,2880000000,8.934682163e-01,2.605399654e-02,-0.9747,1.6703
255.00,2.00,2890000000,8.399048847e-01,-2.978686143e-01,-1.0009,-19.5268
255.00,2.00,2900000000,6.752366730e-01,-5.792167642e-01,-1.0158,-40.6229
255.00,2.00,2910000000,4.220715179e-01,-7.839172054e-01,-1.0091,-61.7014
255.00,2.00,2920000000,1.109100662e-01,-8.858143314e-01,-0.9856,-82.8633
255.00,2.00,2930000000,-2.196638663e-01,-8.676245192e-01,-0.9635,-104.2075
255.00,2.00,2940000000,-5.219400924e-01,-7.275145698e-01,-0.9599,-125.6568
255.00,2.00,2950000000,-7.494869956e-01,-4.853786339e-01,-0.9837,-147.0723
255.00,2.00,2960000000,-8.704260853e-01,-1.796988712e-01,-1.0241,-168.3352
255.00,2.00,2970000000,-8.735409272e-01,1.446487182e-01,-1.0569,170.5978
255.00,2.00,2980000000,-7.632492554e-01,4.473969663e-01,-1.0640,149.6223
255.00,2.00,2990000000,-5.532846093e-01,6.933694099e-01,-1.0409,128.5886
255.00,2.00,3000000000,-2.658971052e-01,8.504378094e-01,-1.0021,107.3623
260.00,260.00,2000000000,2.996024842e-01,8.578529736e-01,-0.8319,70.7484
260.00,260.00,2010000000,5.895368549e-01,6.944322465e-01,-0.8103,49.6705
260.00,260.00,2020000000,8.039807417e-01,4.351888413e-01,-0.7791,28.4264
260.00,260.00,2030000000,9.092471747e-01,1.120457270e-01,-0.7609,7.0251
260.00,260.00,2040000000,8.865665762e-01,-2.277289142e-01,-0.7683,-14.4059
260.00,260.00,2050000000,7.408832874e-01,-5.330087228e-01,-0.7935,-35.7321
260.00,260.00,2060000000,4.967366794e-01,-7.624654327e-01,-0.8192,-56.9163
260.00,260.00,2070000000,1.886737371e-01,-8.891390052e-01,-0.8293,-78.0196
260.00,260.00,2080000000,-1.445199299e-01,-8.982169595e-01,-0.8214,-99.1404
260.00,260.00,2090000000,-4.606804277e-01,-7.865000577e-01,-0.8050,-120.3590
260.00,260.00,2100000000,-7.159624730e-01,-5.659628805e-01,-0.7940,-141.6739
260.00,260.00,2110000000,-8.725724786e-01,-2.664913559e-01,-0.7967,-163.0169
260.00,260.00,2120000000,-9.084628345e-01,6.854180345e-02,-0.8092,175.6853
260.00,260.00,2130000000,-8.205567352e-01,3.921461338e-01,-0.8245,154.4567
260.00,260.00,2140000000,-6.228262356e-01,6.615075384e-01,-0.8328,133.2749
260.00,260.00,2150000000,-3.416441820e-01,8.418492933e-01,-0.8332,112.0886
260.00,260.00,2160000000,-1.371793315e-02,9.087047907e-01,-0.8306,90.8649
260.00,260.00,2170000000,3.166321411e-01,8.520348431e-01,-0.8290,69.6140
260.00,260.00,2180000000,6.038815639e-01,6.790817665e-01,-0.8311,48.3545
260.00,260.00,2190000000,8.085148877e-01,4.139238913e-01,-0.8353,27.1104
260.00,260.00,2200000000,9.030850325e-01,9.295001734e-02,-0.8397,5.8765
260.00,260.00,2210000000,8.751446322e-01,-2.407259199e-01,-0.8416,-15.3800
260.00,260.00,2220000000,7.282391774e-01,-5.410944306e-01,-0.8454,-36.6130
260.00,260.00,2230000000,4.825734320e-01,-7.675814979e-01,-0.8510,-57.8427
260.00,260.00,2240000000,1.717819940e-01,-8.896704635e-01,-0.8564,-79.0715
260.00,260.00,2250000000,-1.613380268e-01,-8.912424292e-01,-0.8600,-100.2609
260.00,260.00,2260000000,-4.728592357e-01,-7.725745095e-01,-0.8594,-121.4690
260.00,260.00,2270000000,-7.208523916e-01,-5.491869583e-01,-0.8553,-142.6978
260.00,260.00,2280000000,-8.713621812e-01,-2.506773102e-01,-0.8507,-163.9503
260.00,260.00,2290000000,-9.025357888e-01,8.276764380e-02,-0.8543,174.7603
260.00,260.00,2300000000,-8.103428136e-01,4.040441728e-01,-0.8624,153.4987
260.00,260.00,2310000000,-6.085371122e-01,6.691004446e-01,-0.8724,132.2861
260.00,260.00,2320000000,-3.254687501e-01,8.430787387e-01,-0.8793,111.1090
260.00,260.00,2330000000,1.000133837e-03,9.040894656e-01,-0.8758,89.9366
260.00,260.00,2340000000,3.282999227e-01,8.432884475e-01,-0.8676,68.7286
260.00,260.00,2350000000,6.122884934e-01,6.673652519e-01,-0.8604,47.4645
260.00,260.00,2360000000,8.131858350e-01,3.993842559e-01,-0.8577,26.1573
260.00,260.00,2370000000,9.018015743e-01,7.707822137e-02,-0.8662,4.8853
260.00,260.00,2380000000,8.674045030e-01,-2.545290664e-01,-0.8768,-16.3537
260.00,260.00,2390000000,7.161398881e-01,-5.504010849e-01,-0.8842,-37.5447
260.00,260.00,2400000000,4.690246769e-01,-7.718577620e-01,-0.8844,-58.7148
260.00,260.00,2410000000,1.579861781e-01,-8.900141867e-01,-0.8773,-79.9343
260.00,260.00,2420000000,-1.756044104e-01,-8.874749014e-01,-0.8701,-101.1925
260.00,260.00,2430000000,-4.859515503e-01,-7.631976998e-01,-0.8692,-122.4862
260.00,260.00,2440000000,-7.293632541e-01,-5.341181212e-01,-0.8764,-143.7844
260.00,260.00,2450000000,-8.723416645e-01,-2.334087797e-01,-0.8860,-165.0205
260.00,260.00,2460000000,-8.967748634e-01,9.789666032e-02,-0.8949,173.7700
260.00,260.00,2470000000,-8.004208779e-01,4.153190397e-01,-0.8982,152.5763
260.00,260.00,2480000000,-5.963356150e-01,6.770561147e-01,-0.8936,131.3729
260.00,260.00,2490000000,-3.106553821e-01,8.475351470e-01,-0.8894,110.1299
260.00,260.00,2500000000,1.819524107e-02,9.027954639e-01,-0.8864,88.8454
260.00,260.00,2510000000,3.445672282e-01,8.343693998e-01,-0.8890,67.5610
260.00,260.00,2520000000,6.229691411e-01,6.521007758e-01,-0.8974,46.3088
260.00,260.00,2530000000,8.163306340e-01,3.816138873e-01,-0.9043,25.0549
260.00,260.00,2540000000,8.985393758e-01,6.021965106e-02,-0.9098,3.8342
260.00,260.00,2550000000,8.591263302e-01,-2.690807439e-01,-0.9125,-17.3907
260.00,260.00,2560000000,7.031597982e-01,-5.622948998e-01,-0.9119,-38.6482
260.00,260.00,2570000000,4.517518278e-01,-7.787585614e-01,-0.9122,-59.8823
260.00,260.00,2580000000,1.390629642e-01,-8.893645233e-01,-0.9135,-81.1131
260.00,260.00,2590000000,-1.921493911e-01,-8.791107423e-01,-0.9165,-102.3294
260.00,260.00,2600000000,-4.970055638e-01,-7.496962718e-01,-0.9202,-123.5421
260.00,260.00,2610000000,-7.337093609e-01,-5.196139637e-01,-0.9241,-144.6938
260.00,260.00,2620000000,-8.717016987e-01,-2.189085747e-01,-0.9270,-165.9030
260.00,260.00,2630000000,-8.915040550e-01,1.116720809e-01,-0.9299,172.8602
260.00,260.00,2640000000,-7.902167736e-01,4.267438021e-01,-0.9337,151.6295
260.00,260.00,2650000000,-5.818793485e-01,6.838405315e-01,-0.9355,130.3944
260.00,260.00,2660000000,-2.945174848e-01,8.480323614e-01,-0.9372,109.1519
260.00,260.00,2670000000,3.269201395e-02,8.969249048e-01,-0.9391,87.9126
260.00,260.00,2680000000,3.554075818e-01,8.241628740e-01,-0.9390,66.6726
260.00,260.00,2690000000,6.297176431e-01,6.391245777e-01,-0.9419,45.4248
260.00,260.00,2700000000,8.183717488e-01,3.673755970e-01,-0.9437,24.1758
260.00,260.00,2710000000,8.956393481e-01,4.595095188e-02,-0.9459,2.9370
260.00,260.00,2720000000,8.511452041e-01,-2.814314909e-01,-0.9493,-18.2965
260.00,260.00,2730000000,6.911818153e-01,-5.703715650e-01,-0.9525,-39.5299
260.00,260.00,2740000000,4.377206135e-01,-7.816925664e-01,-0.9548,-60.7527
260.00,260.00,2750000000,1.251858833e-01,-8.871529268e-01,-0.9544,-81.9680
260.00,260.00,2760000000,-2.045396114e-01,-8.723751179e-01,-0.9535,-103.1954
260.00,260.00,2770000000,-5.069770466e-01,-7.395919375e-01,-0.9473,-124.4299
260.00,260.00,2780000000,-7.410335828e-01,-5.054791131e-01,-0.9440,-145.7010
260.00,260.00,2790000000,-8.738718689e-01,-2.018049283e-01,-0.9454,-166.9965
260.00,260.00,2800000000,-8.868550682e-01,1.291507509e-01,-0.9518,171.7144
260.00,260.00,2810000000,-7.785896591e-01,4.411519018e-01,-0.9647,150.4639
260.00,260.00,2820000000,-5.657692139e-01,6.919534368e-01,-0.9751,129.2708
260.00,260.00,2830000000,-2.779251931e-01,8.492961627e-01,-0.9770,108.1203
260.00,260.00,2840000000,4.753019966e-02,8.931096925e-01,-0.9696,86.9537
260.00,260.00,2850000000,3.686649228e-01,8.165870817e-01,-0.9543,65.7022
260.00,260.00,2860000000,6.411372854e-01,6.271414320e-01,-0.9455,44.3677
260.00,260.00,2870000000,8.249469008e-01,3.500807779e-01,-0.9523,22.9948
260.00,260.00,2880000000,8.936160458e-01,2.605215236e-02,-0.9733,1.6699
260.00,260.00,2890000000,8.400859234e-01,-2.979004701e-01,-0.9991,-19.5249
260.00,260.00,2900000000,6.753653392e-01,-5.792888681e-01,-1.0144,-40.6211
260.00,260.00,2910000000,4.221580200e-01,-7.839679621e-01,-1.0082,-61.6980
260.00,260.00,2920000000,1.109315018e-01,-8.859471615e-01,-0.9843,-82.8630
260.00,260.00,2930000000,-2.196734790e-01,-8.677465597e-01,-0.9624,-104.2062
260.00,260.00,2940000000,-5.219839890e-01,-7.276641608e-01,-0.9585,-125.6535
260.00,260.00,2950000000,-7.495892395e-01,-4.854779796e-01,-0.9823,-147.0705
260.00,260.00,2960000000,-8.705236654e-01,-1.797332825e-01,-1.0231,-168.3343
260.00,260.00,2970000000,-8.736450319e-01,1.446870844e-01,-1.0558,170.5964
260.00,260.00,2980000000,-7.633492011e-01,4.474562939e-01,-1.0628,149.6222
260.00,260.00,2990000000,-5.533836968e-01,6.934739162e-01,-1.0395,128.5894
260.00,260.00,3000000000,-2.659324237e-01,8.505665249e-01,-1.0008,107.3620
265.00,265.00,2000000000,2.996620245e-01,8.578501130e-01,-0.8318,70.7448
265.00,265.00,2010000000,5.894942399e-01,6.944076343e-01,-0.8108,49.6715
265.00,265.00,2020000000,8.039765771e-01,4.351403815e-01,-0.7794,28.4238
265.00,265.00,2030000000,9.091908339e-01,1.120526491e-01,-0.7614,7.0260
265.00,265.00,2040000000,8.865443991e-01,-2.277023378e-01,-0.7685,-14.4046
265.00,265.00,2050000000,7.408352843e-01,-5.330338263e-01,-0.7937,-35.7352
265.00,265.00,2060000000,4.967033005e-01,-7.624618870e-01,-0.8194,-56.9179
265.00,265.00,2070000000,1.887014950e-01,-8.891125490e-01,-0.8295,-78.0176
265.00,265.00,2080000000,-1.445297882e-01,-8.981915926e-01,-0.8216,-99.1412
265.00,265.00,2090000000,-4.606751361e-01,-7.864673972e-01,-0.8053,-120.3597
265.00,265.00,2100000000,-7.159150614e-01,-5.659325368e-01,-0.7945,-141.6735
265.00,265.00,2110000000,-8.725659324e-01,-2.664713998e-01,-0.7968,-163.0179
265.00,265.00,2120000000,-9.083949685e-01,6.857719793e-02,-0.8098,175.6828
265.00,265.00,2130000000,-8.205141175e-01,3.921555227e-01,-0.8248,154.4551
265.00,265.00,2140000000,-6.227505646e-01,6.614825690e-01,-0.8335,133.2725
265.00,265.00,2150000000,-3.415577431e-01,8.418171260e-01,-0.8338,112.0843
265.00,265.00,2160000000,-1.371411093e-02,9.086872948e-01,-0.8307,90.8647
265.00,265.00,2170000000,3.166189683e-01,8.520135554e-01,-0.8293,69.6143
265.00,265.00,2180000000,6.038598738e-01,6.790540938e-01,-0.8315,48.3544
265.00,265.00,2190000000,8.084955388e-01,4.138532866e-01,-0.8358,27.1070
265.00,265.00,2200000000,9.030188179e-01,9.292070169e-02,-0.8403,5.8751
265.00,265.00,2210000000,8.750888270e-01,-2.407093985e-01,-0.8422,-15.3799
265.00,265.00,2220000000,7.281930998e-01,-5.410860377e-01,-0.8458,-36.6143
265.00,265.00,2230000000,4.825246545e-01,-7.675059435e-01,-0.8518,-57.8428
265.00,265.00,2240000000,1.717343947e-01,-8.896063681e-01,-0.8571,-79.0737
265.00,265.00,2250000000,-1.613421793e-01,-8.911725700e-01,-0.8607,-100.2619
265.00,265.00,2260000000,-4.728220075e-01,-7.725353193e-01,-0.8599,-121.4683
265.00,265.00,2270000000,-7.207994929e-01,-5.491662591e-01,-0.8559,-142.6968
265.00,265.00,2280000000,-8.712509198e-01,-2.506762206e-01,-0.8517,-163.9484
265.00,265.00,2290000000,-9.024763515e-01,8.275965688e-02,-0.8549,174.7605
265.00,265.00,2300000000,-8.103195493e-01,4.039913619e-01,-0.8628,153.5011
265.00,265.00,2310000000,-6.085363558e-01,6.690229559e-01,-0.8730,132.2893
265.00,265.00,2320000000,-3.254509801e-01,8.430134679e-01,-0.8800,111.1094
265.00,265.00,2330000000,9.645521746e-04,9.040202832e-01,-0.8764,89.9389
265.00,265.00,2340000000,3.282746557e-01,8.432330832e-01,-0.8682,68.7288
265.00,265.00,2350000000,6.122972184e-01,6.673730036e-01,-0.8603,47.4644
265.00,265.00,2360000000,8.131729568e-01,3.993895555e-01,-0.8578,26.1579
265.00,265.00,2370000000,9.017443663e-01,7.706940335e-02,-0.8667,4.8850
265.00,265.00,2380000000,8.673598294e-01,-2.544808758e-01,-0.8774,-16.3515
265.00,265.00,2390000000,7.160886191e-01,-5.504033745e-01,-0.8846,-37.5468
265.00,265.00,2400000000,4.689804384e-01,-7.718741902e-01,-0.8845,-58.7177
265.00,265.00,2410000000,1.580133128e-01,-8.899817275e-01,-0.8776,-79.9322
265.00,265.00,2420000000,-1.755808319e-01,-8.873785949e-01,-0.8710,-101.1922
265.00,265.00,2430000000,-4.859280523e-01,-7.631893692e-01,-0.8694,-122.4852
265.00,265.00,2440000000,-7.293623527e-01,-5.341430091e-01,-0.8763,-143.7831
265.00,265.00,2450000000,-8.723024974e-01,-2.334035506e-01,-0.8864,-165.0202
265.00,265.00,2460000000,-8.967543773e-01,9.786530020e-02,-0.8951,173.7718
265.00,265.00,2470000000,-8.004438209e-01,4.152864650e-01,-0.8982,152.5788
265.00,265.00,2480000000,-5.963379916e-01,6.770799941e-01,-0.8935,131.3720
265.00,265.00,2490000000,-3.106674248e-01,8.475667695e-01,-0.8890,110.1299
265.00,265.00,2500000000,1.817965410e-02,9.027932592e-01,-0.8865,88.8464
265.00,265.00,2510000000,3.445320051e-01,8.343479284e-01,-0.8893,67.5625
265.00,265.00,2520000000,6.229591362e-01,6.521511267e-01,-0.8971,46.3115
265.00,265.00,2530000000,8.163450736e-01,3.815843857e-01,-0.9043,25.0528
265.00,265.00,2540000000,8.984828640e-01,6.020009329e-02,-0.9104,3.8332
265.00,265.00,2550000000,8.591248371e-01,-2.690518429e-01,-0.9126,-17.3890
265.00,265.00,2560000000,7.031230715e-01,-5.623040247e-01,-0.9121,-38.6501
265.00,265.00,2570000000,4.517495309e-01,-7.787428784e-01,-0.9124,-59.8819
265.00,265.00,2580000000,1.390559928e-01,-8.893226626e-01,-0.9139,-81.1131
265.00,265.00,2590000000,-1.921359297e-01,-8.790952148e-01,-0.9166,-102.3288
265.00,265.00,2600000000,-4.970331292e-01,-7.496994499e-01,-0.9200,-123.5434
265.00,265.00,2610000000,-7.336611692e-01,-5.196347418e-01,-0.9244,-144.6910
265.00,265.00,2620000000,-8.716337890e-01,-2.189279059e-01,-0.9276,-165.9007
265.00,265.00,2630000000,-8.914823701e-01,1.116817641e-01,-0.9301,172.8594
265.00,265.00,2640000000,-7.902399219e-01,4.267221770e-01,-0.9336,151.6314
265.00,265.00,2650000000,-5.818911552e-01,6.838549359e-01,-0.9353,130.3944
265.00,265.00,2660000000,-2.945218322e-01,8.479560731e-01,-0.9379,109.1537
265.00,265.00,2670000000,3.274279740e-02,8.968946253e-01,-0.9394,87.9092
265.00,265.00,2680000000,3.554258982e-01,8.241853274e-01,-0.9388,66.6721
265.00,265.00,2690000000,6.297141676e-01,6.391071612e-01,-0.9421,45.4241
265.00,265.00,2700000000,8.183115285e-01,3.674037846e-01,-0.9441,24.1790
265.00,265.00,2710000000,8.955760614e-01,4.599048718e-02,-0.9465,2.9397
265.00,265.00,2720000000,8.511121646e-01,-2.813737844e-01,-0.9498,-18.2936
265.00,265.00,2730000000,6.911736492e-01,-5.703548185e-01,-0.9527,-39.5294
265.00,265.00,2740000000,4.377648481e-01,-7.816727307e-01,-0.9547,-60.7496
265.00,265.00,2750000000,1.252182514e-01,-8.870483448e-01,-0.9554,-81.9651
265.00,265.00,2760000000,-2.044742974e-01,-8.724026253e-01,-0.9534,-103.1909
265.00,265.00,2770000000,-5.069093914e-01,-7.395456904e-01,-0.9481,-124.4280
265.00,265.00,2780000000,-7.409735919e-01,-5.054231688e-01,-0.9448,-145.7018
265.00,265.00,2790000000,-8.738270352e-01,-2.017978853e-01,-0.9458,-166.9963
265.00,265.00,2800000000,-8.868517121e-01,1.291573742e-01,-0.9518,171.7139
265.00,265.00,2810000000,-7.785704743e-01,4.411009323e-01,-0.9651,150.4662
265.00,265.00,2820000000,-5.657806574e-01,6.919095385e-01,-0.9754,129.2732
265.00,265.00,2830000000,-2.779220097e-01,8.492534200e-01,-0.9774,108.1209
265.00,265.00,2840000000,4.752610276e-02,8.930431809e-01,-0.9703,86.9537
265.00,265.00,2850000000,3.686449480e-01,8.165855765e-01,-0.9544,65.7034
265.00,265.00,2860000000,6.411193697e-01,6.270955463e-01,-0.9459,44.3665
265.00,265.00,2870000000,8.249618753e-01,3.500519337e-01,-0.9523,22.9927
265.00,265.00,2880000000,8.935656335e-01,2.607925518e-02,-0.9738,1.6717
265.00,265.00,2890000000,8.400033944e-01,-2.978993522e-01,-0.9999,-19.5266
265.00,265.00,2900000000,6.753159014e-01,-5.792485261e-01,-1.0150,-40.6212
265.00,265.00,2910000000,4.221124407e-01,-7.839686818e-01,-1.0084,-61.7006
265.00,265.00,2920000000,1.109405665e-01,-8.858983163e-01,-0.9847,-82.8620
265.00,265.00,2930000000,-2.196280462e-01,-8.677068524e-01,-0.9629,-104.2040
265.00,265.00,2940000000,-5.219629183e-01,-7.275756236e-01,-0.9593,-125.6557
265.00,265.00,2950000000,-7.495590615e-01,-4.854249663e-01,-0.9828,-147.0723
265.00,265.00,2960000000,-8.704665918e-01,-1.797467145e-01,-1.0236,-168.3327
265.00,265.00,2970000000,-8.736325285e-01,1.447145807e-01,-1.0559,170.5945
265.00,265.00,2980000000,-7.633318450e-01,4.474194210e-01,-1.0632,149.6237
265.00,265.00,2990000000,-5.533701323e-01,6.934211471e-01,-1.0400,128.5909
265.00,265.00,3000000000,-2.659601467e-01,8.505098398e-01,-1.0012,107.3648
270.00,270.00,2000000000,2.997292006e-01,8.580063192e-01,-0.8301,70.7440
270.00,270.00,2010000000,5.896365932e-01,6.945334407e-01,-0.8090,49.6698
270.00,270.00,2020000000,8.041098969e-01,4.352827025e-01,-0.7776,28.4277
270.00,270.00,2030000000,9.093945879e-01,1.121046836e-01,-0.7595,7.0276
270.00,270.00,2040000000,8.867563886e-01,-2.277314624e-01,-0.7665,-14.4031
270.00,270.00,2050000000,7.410262461e-01,-5.331176485e-01,-0.7918,-35.7324
270.00,270.00,2060000000,4.967947284e-01,-7.626116204e-01,-0.8177,-56.9182
270.00,270.00,2070000000,1.887703963e-01,-8.892640074e-01,-0.8280,-78.0153
270.00,270.00,2080000000,-1.445260123e-01,-8.983248583e-01,-0.8204,-99.1397
270.00,270.00,2090000000,-4.607309478e-01,-7.866230949e-01,-0.8037,-120.3578
270.00,270.00,2100000000,-7.160694263e-01,-5.660459054e-01,-0.7927,-141.6740
270.00,270.00,2110000000,-8.726830531e-01,-2.665205642e-01,-0.7956,-163.0171
270.00,270.00,2120000000,-9.086043002e-01,6.856640228e-02,-0.8078,175.6844
270.00,270.00,2130000000,-8.207156010e-01,3.921971328e-01,-0.8229,154.4582
270.00,270.00,2140000000,-6.229667871e-01,6.616092878e-01,-0.8312,133.2770
270.00,270.00,2150000000,-3.416706282e-01,8.419782715e-01,-0.8320,112.0871
270.00,270.00,2160000000,-1.377015645e-02,9.088753671e-01,-0.8289,90.8680
270.00,270.00,2170000000,3.166634719e-01,8.521961941e-01,-0.8275,69.6157
270.00,270.00,2180000000,6.039786870e-01,6.792487421e-01,-0.8293,48.3569
270.00,270.00,2190000000,8.086729462e-01,4.139715982e-01,-0.8338,27.1086
270.00,270.00,2200000000,9.032518968e-01,9.296305687e-02,-0.8381,5.8762
270.00,270.00,2210000000,8.753241276e-01,-2.407510682e-01,-0.8399,-15.3785
270.00,270.00,2220000000,7.283576185e-01,-5.411775897e-01,-0.8440,-36.6127
270.00,270.00,2230000000,4.826549402e-01,-7.677083009e-01,-0.8495,-57.8426
270.00,270.00,2240000000,1.718103944e-01,-8.897954268e-01,-0.8552,-79.0713
270.00,270.00,2250000000,-1.613869869e-01,-8.914042833e-01,-0.8584,-100.2621
270.00,270.00,2260000000,-4.728719240e-01,-7.727131851e-01,-0.8582,-121.4651
270.00,270.00,2270000000,-7.209785280e-01,-5.493279364e-01,-0.8535,-142.6955
270.00,270.00,2280000000,-8.714400213e-01,-2.507463791e-01,-0.8498,-163.9475
270.00,270.00,2290000000,-9.026404705e-01,8.277391406e-02,-0.8533,174.7605
270.00,270.00,2300000000,-8.104991196e-01,4.041022532e-01,-0.8608,153.4999
270.00,270.00,2310000000,-6.086632207e-01,6.691787418e-01,-0.8710,132.2886
270.00,270.00,2320000000,-3.255294708e-01,8.432226270e-01,-0.8778,111.1093
270.00,270.00,2330000000,9.759804080e-04,9.042793405e-01,-0.8739,89.9382
270.00,270.00,2340000000,3.283291279e-01,8.434147167e-01,-0.8664,68.7298
270.00,270.00,2350000000,6.124109707e-01,6.675161202e-01,-0.8586,47.4653
270.00,270.00,2360000000,8.133531377e-01,3.995197214e-01,-0.8557,26.1603
270.00,270.00,2370000000,9.020053749e-01,7.714771794e-02,-0.8642,4.8886
270.00,270.00,2380000000,8.675624522e-01,-2.545659664e-01,-0.8753,-16.3531
270.00,270.00,2390000000,7.162604049e-01,-5.504766721e-01,-0.8828,-37.5438
270.00,270.00,2400000000,4.690880327e-01,-7.720452120e-01,-0.8826,-58.7175
270.00,270.00,2410000000,1.580557946e-01,-8.901764759e-01,-0.8757,-79.9317
270.00,270.00,2420000000,-1.756088868e-01,-8.876288360e-01,-0.8686,-101.1909
270.00,270.00,2430000000,-4.860202184e-01,-7.633548741e-01,-0.8676,-122.4845
270.00,270.00,2440000000,-7.295065309e-01,-5.342797007e-01,-0.8744,-143.7815
270.00,270.00,2450000000,-8.725244389e-01,-2.334745585e-01,-0.8841,-165.0195
270.00,270.00,2460000000,-8.969301960e-01,9.790885946e-02,-0.8934,173.7703
270.00,270.00,2470000000,-8.006060216e-01,4.154192444e-01,-0.8962,152.5761
270.00,270.00,2480000000,-5.964767713e-01,6.772237284e-01,-0.8915,131.3726
270.00,270.00,2490000000,-3.107472722e-01,8.477439220e-01,-0.8872,110.1308
270.00,270.00,2500000000,1.815620719e-02,9.030097824e-01,-0.8844,88.8481
270.00,270.00,2510000000,3.445470866e-01,8.345289173e-01,-0.8876,67.5660
270.00,270.00,2520000000,6.230749648e-01,6.522953910e-01,-0.8953,46.3125
270.00,270.00,2530000000,8.165449226e-01,3.817296258e-01,-0.9020,25.0558
270.00,270.00,2540000000,8.987143312e-01,6.023770871e-02,-0.9081,3.8346
270.00,270.00,2550000000,8.593495474e-01,-2.691006819e-01,-0.9103,-17.3877
270.00,270.00,2560000000,7.033270654e-01,-5.624086542e-01,-0.9099,-38.6472
270.00,270.00,2570000000,4.518550249e-01,-7.789020069e-01,-0.9105,-59.8812
270.00,270.00,2580000000,1.391055910e-01,-8.895280089e-01,-0.9119,-81.1120
270.00,270.00,2590000000,-1.921437997e-01,-8.793113519e-01,-0.9146,-102.3263
270.00,270.00,2600000000,-4.971213561e-01,-7.498830005e-01,-0.9181,-123.5417
270.00,270.00,2610000000,-7.337996722e-01,-5.197453798e-01,-0.9227,-144.6903
270.00,270.00,2620000000,-8.718437409e-01,-2.189444386e-01,-0.9256,-165.9029
270.00,270.00,2630000000,-8.916700127e-01,1.117138870e-01,-0.9283,172.8588
270.00,270.00,2640000000,-7.903857805e-01,4.268356496e-01,-0.9318,151.6294
270.00,270.00,2650000000,-5.819964904e-01,6.839970880e-01,-0.9336,130.3937
270.00,270.00,2660000000,-2.945978738e-01,8.481512646e-01,-0.9358,109.1542
270.00,270.00,2670000000,3.271738071e-02,8.970534335e-01,-0.9379,87.9112
270.00,270.00,2680000000,3.554924271e-01,8.243177069e-01,-0.9373,66.6716
270.00,270.00,2690000000,6.298594920e-01,6.392638940e-01,-0.9400,45.4246
270.00,270.00,2700000000,8.185329008e-01,3.674745322e-01,-0.9419,24.1774
270.00,270.00,2710000000,8.958210982e-01,4.598339153e-02,-0.9441,2.9385
270.00,270.00,2720000000,8.512934743e-01,-2.814349599e-01,-0.9479,-18.2937
270.00,270.00,2730000000,6.913433076e-01,-5.704967104e-01,-0.9506,-39.5295
270.00,270.00,2740000000,4.378285021e-01,-7.818266627e-01,-0.9531,-60.7509
270.00,270.00,2750000000,1.252174488e-01,-8.872528495e-01,-0.9534,-81.9669
270.00,270.00,2760000000,-2.045477913e-01,-8.725478668e-01,-0.9519,-103.1934
270.00,270.00,2770000000,-5.070222163e-01,-7.397567020e-01,-0.9458,-124.4264
270.00,270.00,2780000000,-7.411472289e-01,-5.056055944e-01,-0.9424,-145.6985
270.00,270.00,2790000000,-8.740242595e-01,-2.018563310e-01,-0.9439,-166.9955
270.00,270.00,2800000000,-8.870308175e-01,1.291894907e-01,-0.9501,171.7136
270.00,270.00,2810000000,-7.787651353e-01,4.412277787e-01,-0.9628,150.4653
270.00,270.00,2820000000,-5.658980549e-01,6.920595673e-01,-0.9735,129.2729
270.00,270.00,2830000000,-2.780016357e-01,8.494531089e-01,-0.9753,108.1218
270.00,270.00,2840000000,4.751888228e-02,8.932882646e-01,-0.9679,86.9550
270.00,270.00,2850000000,3.686893195e-01,8.167582460e-01,-0.9527,65.7053
270.00,270.00,2860000000,6.412842559e-01,6.272713536e-01,-0.9436,44.3671
270.00,270.00,2870000000,8.251423078e-01,3.501379349e-01,-0.9504,22.9933
270.00,270.00,2880000000,8.937478614e-01,2.607993791e-02,-0.9720,1.6714
270.00,270.00,2890000000,8.401513732e-01,-2.979282445e-01,-0.9984,-19.5251
270.00,270.00,2900000000,6.753769554e-01,-5.793478235e-01,-1.0140,-40.6235
270.00,270.00,2910000000,4.221807672e-01,-7.840603349e-01,-1.0073,-61.6996
270.00,270.00,2920000000,1.109414890e-01,-8.860295201e-01,-0.9835,-82.8630
270.00,270.00,2930000000,-2.196596529e-01,-8.678690546e-01,-0.9613,-104.2034
270.00,270.00,2940000000,-5.220816867e-01,-7.277598174e-01,-0.9572,-125.6550
270.00,270.00,2950000000,-7.496860310e-01,-4.855054954e-01,-0.9814,-147.0724
270.00,270.00,2960000000,-8.706142969e-01,-1.797498836e-01,-1.0222,-168.3344
270.00,270.00,2970000000,-8.737120634e-01,1.447189168e-01,-1.0551,170.5951
270.00,270.00,2980000000,-7.634290366e-01,4.474680342e-01,-1.0621,149.6242
270.00,270.00,2990000000,-5.534253811e-01,6.934922810e-01,-1.0391,128.5908
270.00,270.00,3000000000,-2.659975220e-01,8.506198972e-01,-1.0001,107.3650
275.00,275.00,2000000000,2.997267730e-01,8.580081758e-01,-0.8301,70.7442
275.00,275.00,2010000000,5.896382662e-01,6.945634302e-01,-0.8087,49.6710
275.00,275.00,2020000000,8.040901437e-01,4.352696643e-01,-0.7778,28.4275
275.00,275.00,2030000000,9.094043159e-01,1.120745039e-01,-0.7594,7.0257
275.00,275.00,2040000000,8.867138508e-01,-2.277398110e-01,-0.7669,-14.4043
275.00,275.00,2050000000,7.409974402e-01,-5.331333328e-01,-0.7919,-35.7343
275.00,275.00,2060000000,4.968194886e-01,-7.626176658e-01,-0.8175,-56.9171
275.00,275.00,2070000000,1.887515344e-01,-8.892442691e-01,-0.8282,-78.0162
275.00,275.00,2080000000,-1.445384945e-01,-8.983410885e-01,-0.8202,-99.1403
275.00,275.00,2090000000,-4.607466394e-01,-7.865856539e-01,-0.8040,-120.3599
275.00,275.00,2100000000,-7.160181164e-01,-5.660634027e-01,-0.7930,-141.6711
275.00,275.00,2110000000,-8.727296778e-01,-2.665296865e-01,-0.7951,-163.0174
275.00,275.00,2120000000,-9.085636859e-01,6.856388692e-02,-0.8082,175.6844
275.00,275.00,2130000000,-8.207315606e-01,3.922307969e-01,-0.8226,154.4567
275.00,275.00,2140000000,-6.229154243e-01,6.616261860e-01,-0.8314,133.2739
275.00,275.00,2150000000,-3.416753400e-01,8.419798366e-01,-0.8319,112.0873
275.00,275.00,2160000000,-1.371331799e-02,9.088420884e-01,-0.8292,90.8645
275.00,275.00,2170000000,3.166752871e-01,8.521843342e-01,-0.8276,69.6147
275.00,275.00,2180000000,6.039784824e-01,6.791870888e-01,-0.8298,48.3544
275.00,275.00,2190000000,8.086536193e-01,4.139469752e-01,-0.8340,27.1077
275.00,275.00,2200000000,9.031941825e-01,9.291851017e-02,-0.8387,5.8738
275.00,275.00,2210000000,8.752975630e-01,-2.407743382e-01,-0.8401,-15.3804
275.00,275.00,2220000000,7.283387742e-01,-5.412043511e-01,-0.8440,-36.6148
275.00,275.00,2230000000,4.826136273e-01,-7.676986949e-01,-0.8498,-57.8445
275.00,275.00,2240000000,1.717712602e-01,-8.897818662e-01,-0.8554,-79.0735
275.00,275.00,2250000000,-1.613577520e-01,-8.913715173e-01,-0.8588,-100.2607
275.00,275.00,2260000000,-4.728727141e-01,-7.727079035e-01,-0.8582,-121.4653
275.00,275.00,2270000000,-7.209740370e-01,-5.493304723e-01,-0.8536,-142.6952
275.00,275.00,2280000000,-8.714776635e-01,-2.507412647e-01,-0.8495,-163.9484
275.00,275.00,2290000000,-9.026789987e-01,8.279962510e-02,-0.8529,174.7591
275.00,275.00,2300000000,-8.104666488e-01,4.041333397e-01,-0.8609,153.4972
275.00,275.00,2310000000,-6.086038267e-01,6.692143403e-01,-0.8712,132.2843
275.00,275.00,2320000000,-3.254686291e-01,8.432021390e-01,-0.8782,111.1062
275.00,275.00,2330000000,9.516441422e-04,9.042019135e-01,-0.8747,89.9397
275.00,275.00,2340000000,3.283284061e-01,8.434038796e-01,-0.8665,68.7296
275.00,275.00,2350000000,6.124136945e-01,6.674652379e-01,-0.8589,47.4630
275.00,275.00,2360000000,8.133191159e-01,3.994737878e-01,-0.8562,26.1586
275.00,275.00,2370000000,9.019636730e-01,7.713650041e-02,-0.8646,4.8881
275.00,275.00,2380000000,8.675360075e-01,-2.545405775e-01,-0.8756,-16.3520
275.00,275.00,2390000000,7.162046201e-01,-5.504952479e-01,-0.8831,-37.5469
275.00,275.00,2400000000,4.691072761e-01,-7.720282958e-01,-0.8826,-58.7159
275.00,275.00,2410000000,1.580101164e-01,-8.901245302e-01,-0.8762,-79.9340
275.00,275.00,2420000000,-1.755965858e-01,-8.875892145e-01,-0.8690,-101.1906
275.00,275.00,2430000000,-4.860220077e-01,-7.633696988e-01,-0.8674,-122.4841
275.00,275.00,2440000000,-7.294939320e-01,-5.342758530e-01,-0.8745,-143.7812
275.00,275.00,2450000000,-8.725056529e-01,-2.334785125e-01,-0.8843,-165.0189
275.00,275.00,2460000000,-8.969541304e-01,9.788853434e-02,-0.8932,173.7717
275.00,275.00,2470000000,-8.006130803e-01,4.154130350e-01,-0.8962,152.5766
275.00,275.00,2480000000,-5.964471118e-01,6.771827984e-01,-0.8920,131.3729
275.00,275.00,2490000000,-3.107517815e-01,8.477062506e-01,-0.8875,110.1319
275.00,275.00,2500000000,1.816072677e-02,9.029344924e-01,-0.8851,88.8478
275.00,275.00,2510000000,3.445856084e-01,8.345556355e-01,-0.8872,67.5644
275.00,275.00,2520000000,6.230865166e-01,6.522741413e-01,-0.8954,46.3110
275.00,275.00,2530000000,8.164849732e-01,3.817058758e-01,-0.9026,25.0560
275.00,275.00,2540000000,8.987101324e-01,6.021762076e-02,-0.9082,3.8333
275.00,275.00,2550000000,8.592996648e-01,-2.691158039e-01,-0.9108,-17.3895
275.00,275.00,2560000000,7.032793178e-01,-5.623854430e-01,-0.9104,-38.6480
275.00,275.00,2570000000,4.518094378e-01,-7.788761367e-01,-0.9110,-59.8829
275.00,275.00,2580000000,1.390806821e-01,-8.895045015e-01,-0.9121,-81.1133
275.00,275.00,2590000000,-1.921863654e-01,-8.792480525e-01,-0.9151,-102.3298
275.00,275.00,2600000000,-4.971084268e-01,-7.498666711e-01,-0.9183,-123.5416
275.00,275.00,2610000000,-7.338645945e-01,-5.197231590e-01,-0.9223,-144.6939
275.00,275.00,2620000000,-8.718496787e-01,-2.189569687e-01,-0.9255,-165.9023
275.00,275.00,2630000000,-8.916915794e-01,1.116888183e-01,-0.9281,172.8606
275.00,275.00,2640000000,-7.903856422e-01,4.267944636e-01,-0.9320,151.6317
275.00,275.00,2650000000,-5.819889292e-01,6.839934704e-01,-0.9336,130.3934
275.00,275.00,2660000000,-2.945879298e-01,8.481758459e-01,-0.9357,109.1531
275.00,275.00,2670000000,3.269423433e-02,8.970669136e-01,-0.9377,87.9127
275.00,275.00,2680000000,3.554710122e-01,8.243678183e-01,-0.9370,66.6741
275.00,275.00,2690000000,6.298430798e-01,6.392950125e-01,-0.9399,45.4267
275.00,275.00,2700000000,8.185478276e-01,3.674454251e-01,-0.9418,24.1753
275.00,275.00,2710000000,8.958156700e-01,4.601500959e-02,-0.9442,2.9405
275.00,275.00,2720000000,8.512429581e-01,-2.814556207e-01,-0.9483,-18.2960
275.00,275.00,2730000000,6.912918554e-01,-5.704386003e-01,-0.9513,-39.5287
275.00,275.00,2740000000,4.378245339e-01,-7.818297235e-01,-0.9531,-60.7512
275.00,275.00,2750000000,1.252139857e-01,-8.872820836e-01,-0.9531,-81.9674
275.00,275.00,2760000000,-2.045340580e-01,-8.725294352e-01,-0.9521,-103.1928
275.00,275.00,2770000000,-5.070211472e-01,-7.397255360e-01,-0.9460,-124.4274
275.00,275.00,2780000000,-7.411393824e-01,-5.055615410e-01,-0.9427,-145.7005
275.00,275.00,2790000000,-8.740291471e-01,-2.018065466e-01,-0.9439,-166.9987
275.00,275.00,2800000000,-8.870364698e-01,1.291687553e-01,-0.9500,171.7149
275.00,275.00,2810000000,-7.787095763e-01,4.412231084e-01,-0.9633,150.4638
275.00,275.00,2820000000,-5.659172586e-01,6.920507080e-01,-0.9735,129.2742
275.00,275.00,2830000000,-2.779984064e-01,8.494684290e-01,-0.9752,108.1213
275.00,275.00,2840000000,4.749359356e-02,8.932812863e-01,-0.9680,86.9566
275.00,275.00,2850000000,3.687228579e-01,8.167877979e-01,-0.9523,65.7041
275.00,275.00,2860000000,6.412527864e-01,6.272575080e-01,-0.9439,44.3679
275.00,275.00,2870000000,8.251546878e-01,3.501347819e-01,-0.9503,22.9928
275.00,275.00,2880000000,8.938279685e-01,2.607372194e-02,-0.9712,1.6709
275.00,275.00,2890000000,8.402080032e-01,-2.979926761e-01,-0.9977,-19.5278
275.00,275.00,2900000000,6.754276477e-01,-5.794018443e-01,-1.0132,-40.6240
275.00,275.00,2910000000,4.222248919e-01,-7.841315942e-01,-1.0065,-61.6992
275.00,275.00,2920000000,1.109363825e-01,-8.860751824e-01,-0.9830,-82.8637
275.00,275.00,2930000000,-2.196898751e-01,-8.679130640e-01,-0.9608,-104.2046
275.00,275.00,2940000000,-5.221042173e-01,-7.277974508e-01,-0.9567,-125.6547
275.00,275.00,2950000000,-7.497360817e-01,-4.855401151e-01,-0.9808,-147.0723
275.00,275.00,2960000000,-8.707044026e-01,-1.797540131e-01,-1.0213,-168.3354
275.00,275.00,2970000000,-8.738449344e-01,1.447867186e-01,-1.0537,170.5922
275.00,275.00,2980000000,-7.634755310e-01,4.475508226e-01,-1.0613,149.6211
275.00,275.00,2990000000,-5.534661105e-01,6.935780411e-01,-1.0382,128.5894
275.00,275.00,3000000000,-2.659942585e-01,8.506925226e-01,-0.9994,107.3634
280.00,280.00,2000000000,2.997776095e-01,8.573446757e-01,-0.8360,70.7274
280.00,280.00,2010000000,5.895305291e-01,6.938832649e-01,-0.8143,49.6484
280.00,280.00,2020000000,8.036796258e-01,4.345797154e-01,-0.7844,28.4018
280.00,280.00,2030000000,9.086827872e-01,1.115693136e-01,-0.7668,6.9998
280.00,280.00,2040000000,8.858763187e-01,-2.279236551e-01,-0.7742,-14.4285
280.00,280.00,2050000000,7.401828358e-01,-5.329161169e-01,-0.7994,-35.7531
280.00,280.00,2060000000,4.961244739e-01,-7.620779270e-01,-0.8255,-56.9353
280.00,280.00,2070000000,1.882746175e-01,-8.886237086e-01,-0.8349,-78.0375
280.00,280.00,2080000000,-1.447705657e-01,-8.976235298e-01,-0.8266,-99.1619
280.00,280.00,2090000000,-4.606963299e-01,-7.858801290e-01,-0.8100,-120.3796
280.00,280.00,2100000000,-7.157466099e-01,-5.653772006e-01,-0.7991,-141.6944
280.00,280.00,2110000000,-8.722437965e-01,-2.660253284e-01,-0.8010,-163.0388
280.00,280.00,2120000000,-9.079618423e-01,6.877965790e-02,-0.8138,175.6680
280.00,280.00,2130000000,-8.199547059e-01,3.921967174e-01,-0.8294,154.4375
280.00,280.00,2140000000,-6.222108997e-01,6.613299417e-01,-0.8381,133.2543
280.00,280.00,2150000000,-3.410847944e-01,8.414190747e-01,-0.8390,112.0661
280.00,280.00,2160000000,-1.343191659e-02,9.081599717e-01,-0.8358,90.8474
280.00,280.00,2170000000,3.167388324e-01,8.513908589e-01,-0.8345,69.5935
280.00,280.00,2180000000,6.037331934e-01,6.784361545e-01,-0.8367,48.3345
280.00,280.00,2190000000,8.080991978e-01,4.133085012e-01,-0.8415,27.0878
280.00,280.00,2200000000,9.024752936e-01,9.249730236e-02,-0.8459,5.8520
280.00,280.00,2210000000,8.744552680e-01,-2.409050662e-01,-0.8475,-15.4024
280.00,280.00,2220000000,7.275438600e-01,-5.410470490e-01,-0.8510,-36.6368
280.00,280.00,2230000000,4.819370913e-01,-7.672166049e-01,-0.8572,-57.8645
280.00,280.00,2240000000,1.712989348e-01,-8.891198952e-01,-0.8625,-79.0949
280.00,280.00,2250000000,-1.615315095e-01,-8.906211930e-01,-0.8656,-100.2800
280.00,280.00,2260000000,-4.727976279e-01,-7.720020688e-01,-0.8644,-121.4846
280.00,280.00,2270000000,-7.206948944e-01,-5.487443866e-01,-0.8591,-142.7140
280.00,280.00,2280000000,-8.710086462e-01,-2.503055649e-01,-0.8549,-163.9667
280.00,280.00,2290000000,-9.020711562e-01,8.300724282e-02,-0.8586,174.7425
280.00,280.00,2300000000,-8.098106336e-01,4.041070900e-01,-0.8667,153.4801
280.00,280.00,2310000000,-6.080261681e-01,6.689429394e-01,-0.8768,132.2688
280.00,280.00,2320000000,-3.250338285e-01,8.427186706e-01,-0.8840,111.0915
280.00,280.00,2330000000,1.235329624e-03,9.036163301e-01,-0.8803,89.9217
280.00,280.00,2340000000,3.282943847e-01,8.427205324e-01,-0.8727,68.7159
280.00,280.00,2350000000,6.121815985e-01,6.667590851e-01,-0.8654,47.4436
280.00,280.00,2360000000,8.128479569e-01,3.988434383e-01,-0.8629,26.1360
280.00,280.00,2370000000,9.012351518e-01,7.672900475e-02,-0.8719,4.8663
280.00,280.00,2380000000,8.667334727e-01,-2.546157628e-01,-0.8828,-16.3709
280.00,280.00,2390000000,7.154738625e-01,-5.502557315e-01,-0.8901,-37.5631
280.00,280.00,2400000000,4.685237934e-01,-7.715239865e-01,-0.8897,-58.7309
280.00,280.00,2410000000,1.577129138e-01,-8.896073927e-01,-0.8816,-79.9468
280.00,280.00,2420000000,-1.757591464e-01,-8.870378820e-01,-0.8739,-101.2075
280.00,280.00,2430000000,-4.859693597e-01,-7.627317782e-01,-0.8729,-122.5030
280.00,280.00,2440000000,-7.291959623e-01,-5.336010867e-01,-0.8807,-143.8046
280.00,280.00,2450000000,-8.719041347e-01,-2.329401212e-01,-0.8912,-165.0421
280.00,280.00,2460000000,-8.961424613e-01,9.813080431e-02,-0.9007,173.7508
280.00,280.00,2470000000,-7.998545165e-01,4.152794319e-01,-0.9032,152.5619
280.00,280.00,2480000000,-5.957741414e-01,6.768286627e-01,-0.8989,131.3556
280.00,280.00,2490000000,-3.102309056e-01,8.471925057e-01,-0.8939,110.1121
280.00,280.00,2500000000,1.846880712e-02,9.022770674e-01,-0.8914,88.8274
280.00,280.00,2510000000,3.446621958e-01,8.337830113e-01,-0.8938,67.5412
280.00,280.00,2520000000,6.228435978e-01,6.515502988e-01,-0.9020,46.2904
280.00,280.00,2530000000,8.159799082e-01,3.811044657e-01,-0.9094,25.0350
280.00,280.00,2540000000,8.980477220e-01,5.989467020e-02,-0.9147,3.8157
280.00,280.00,2550000000,8.586149467e-01,-2.691696108e-01,-0.9169,-17.4058
280.00,280.00,2560000000,7.026817095e-01,-5.622177670e-01,-0.9160,-38.6634
280.00,280.00,2570000000,4.513275982e-01,-7.785429707e-01,-0.9161,-59.8988
280.00,280.00,2580000000,1.387534564e-01,-8.890374154e-01,-0.9171,-81.1293
280.00,280.00,2590000000,-1.923003843e-01,-8.786533663e-01,-0.9205,-102.3450
280.00,280.00,2600000000,-4.970079018e-01,-7.492561944e-01,-0.9237,-123.5577
280.00,280.00,2610000000,-7.334856285e-01,-5.191468228e-01,-0.9285,-144.7099
280.00,280.00,2620000000,-8.712728523e-01,-2.186094965e-01,-0.9318,-165.9148
280.00,280.00,2630000000,-8.910238981e-01,1.117878477e-01,-0.9344,172.8490
280.00,280.00,2640000000,-7.897287607e-01,4.267021160e-01,-0.9380,151.6170
280.00,280.00,2650000000,-5.814299215e-01,6.837252051e-01,-0.9391,130.3774
280.00,280.00,2660000000,-2.942159717e-01,8.476890020e-01,-0.9413,109.1409
280.00,280.00,2670000000,3.294153530e-02,8.964965834e-01,-0.9432,87.8956
280.00,280.00,2680000000,3.554611270e-01,8.237045860e-01,-0.9429,66.6579
280.00,280.00,2690000000,6.295890905e-01,6.386380406e-01,-0.9461,45.4088
280.00,280.00,2700000000,8.180245431e-01,3.669970682e-01,-0.9482,24.1628
280.00,280.00,2710000000,8.951891186e-01,4.572671370e-02,-0.9504,2.9242
280.00,280.00,2720000000,8.506551559e-01,-2.814229975e-01,-0.9539,-18.3058
280.00,280.00,2730000000,6.907703341e-01,-5.702794795e-01,-0.9562,-39.5421
280.00,280.00,2740000000,4.374100730e-01,-7.814626740e-01,-0.9582,-60.7628
280.00,280.00,2750000000,1.249424178e-01,-8.866578118e-01,-0.9595,-81.9790
280.00,280.00,2760000000,-2.046753710e-01,-8.718146043e-01,-0.9585,-103.2120
280.00,280.00,2770000000,-5.068503321e-01,-7.389043521e-01,-0.9535,-124.4481
280.00,280.00,2780000000,-7.406500093e-01,-5.048974235e-01,-0.9502,-145.7179
280.00,280.00,2790000000,-8.733189543e-01,-2.013844911e-01,-0.9515,-167.0148
280.00,280.00,2800000000,-8.861981281e-01,1.292964040e-01,-0.9579,171.6991
280.00,280.00,2810000000,-7.780706780e-01,4.410745693e-01,-0.9694,150.4519
280.00,280.00,2820000000,-5.653264217e-01,6.917641906e-01,-0.9793,129.2565
280.00,280.00,2830000000,-2.775988319e-01,8.489932144e-01,-0.9808,108.1064
280.00,280.00,2840000000,4.770220446e-02,8.927071408e-01,-0.9734,86.9413
280.00,280.00,2850000000,3.686976065e-01,8.161405995e-01,-0.9581,65.6886
280.00,280.00,2860000000,6.409689930e-01,6.266316586e-01,-0.9501,44.3520
280.00,280.00,2870000000,8.245931894e-01,3.496448132e-01,-0.9571,22.9780
280.00,280.00,2880000000,8.930908995e-01,2.583236402e-02,-0.9785,1.6568
280.00,280.00,2890000000,8.394632733e-01,-2.979099931e-01,-1.0048,-19.5388
280.00,280.00,2900000000,6.748613679e-01,-5.790506481e-01,-1.0197,-40.6306
280.00,280.00,2910000000,4.217483044e-01,-7.836128996e-01,-1.0132,-61.7104
280.00,280.00,2920000000,1.106335307e-01,-8.854210980e-01,-0.9897,-82.8778
280.00,280.00,2930000000,-2.197496789e-01,-8.671726360e-01,-0.9676,-104.2199
280.00,280.00,2940000000,-5.218663349e-01,-7.270514765e-01,-0.9640,-125.6702
280.00,280.00,2950000000,-7.492111634e-01,-4.849795238e-01,-0.9880,-147.0842
280.00,280.00,2960000000,-8.700338289e-01,-1.795036631e-01,-1.0282,-168.3424
280.00,280.00,2970000000,-8.732327558e-01,1.447635767e-01,-1.0597,170.5872
280.00,280.00,2980000000,-7.629516201e-01,4.473701376e-01,-1.0666,149.6140
280.00,280.00,2990000000,-5.530202092e-01,6.932493496e-01,-1.0434,128.5801
280.00,280.00,3000000000,-2.656495298e-01,8.502027051e-01,-1.0050,107.3516
285.00,285.00,2000000000,2.998318596e-01,8.579362579e-01,-0.8304,70.7365
285.00,285.00,2010000000,5.897454528e-01,6.944758420e-01,-0.8087,49.6622
285.00,285.00,2020000000,8.041835513e-01,4.351474724e-01,-0.7776,28.4180
285.00,285.00,2030000000,9.093656587e-01,1.118990754e-01,-0.7600,7.0151
285.00,285.00,2040000000,8.866674367e-01,-2.279217152e-01,-0.7669,-14.4160
285.00,285.00,2050000000,7.408977156e-01,-5.332524161e-01,-0.7921,-35.7440
285.00,285.00,2060000000,4.966936699e-01,-7.626593540e-01,-0.8178,-56.9252
285.00,285.00,2070000000,1.885972688e-01,-8.893029939e-01,-0.8279,-78.0265
285.00,285.00,2080000000,-1.446731135e-01,-8.982975757e-01,-0.8204,-99.1491
285.00,285.00,2090000000,-4.608532299e-01,-7.865157534e-01,-0.8040,-120.3679
285.00,285.00,2100000000,-7.161293454e-01,-5.659121805e-01,-0.7930,-141.6829
285.00,285.00,2110000000,-8.727152298e-01,-2.663617111e-01,-0.7957,-163.0273
285.00,285.00,2120000000,-9.085314616e-01,6.874448049e-02,-0.8084,175.6729
285.00,285.00,2130000000,-8.206157690e-01,3.923819347e-01,-0.8230,154.4449
285.00,285.00,2140000000,-6.227682760e-01,6.616892541e-01,-0.8319,133.2644
285.00,285.00,2150000000,-3.414837720e-01,8.419834723e-01,-0.8326,112.0760
285.00,285.00,2160000000,-1.358086831e-02,9.088328821e-01,-0.8293,90.8561
285.00,285.00,2170000000,3.168142995e-01,8.521357424e-01,-0.8275,69.6054
285.00,285.00,2180000000,6.040599122e-01,6.790622997e-01,-0.8301,48.3453
285.00,285.00,2190000000,8.086747226e-01,4.138129272e-01,-0.8344,27.0996
285.00,285.00,2200000000,9.032088872e-01,9.278125943e-02,-0.8386,5.8651
285.00,285.00,2210000000,8.752310518e-01,-2.409208096e-01,-0.8403,-15.3904
285.00,285.00,2220000000,7.282268113e-01,-5.412970584e-01,-0.8443,-36.6237
285.00,285.00,2230000000,4.825055823e-01,-7.677727831e-01,-0.8498,-57.8528
285.00,285.00,2240000000,1.716342870e-01,-8.897992515e-01,-0.8555,-79.0822
285.00,285.00,2250000000,-1.615042847e-01,-8.913055381e-01,-0.8592,-100.2705
285.00,285.00,2260000000,-4.730181304e-01,-7.725939506e-01,-0.8584,-121.4769
285.00,285.00,2270000000,-7.210541636e-01,-5.491497751e-01,-0.8540,-142.7074
285.00,285.00,2280000000,-8.714846970e-01,-2.505471327e-01,-0.8499,-163.9603
285.00,285.00,2290000000,-9.026399260e-01,8.292606942e-02,-0.8532,174.7509
285.00,285.00,2300000000,-8.104089522e-01,4.042393213e-01,-0.8610,153.4896
285.00,285.00,2310000000,-6.085171129e-01,6.692839563e-01,-0.8712,132.2773
285.00,285.00,2320000000,-3.253693184e-01,8.432834375e-01,-0.8778,111.0984
285.00,285.00,2330000000,1.144697147e-03,9.042193540e-01,-0.8745,89.9275
285.00,285.00,2340000000,3.284558400e-01,8.433583600e-01,-0.8664,68.7210
285.00,285.00,2350000000,6.124759414e-01,6.673489441e-01,-0.8593,47.4551
285.00,285.00,2360000000,8.133966795e-01,3.993603826e-01,-0.8560,26.1501
285.00,285.00,2370000000,9.019559198e-01,7.696371931e-02,-0.8648,4.8772
285.00,285.00,2380000000,8.675154708e-01,-2.547244821e-01,-0.8753,-16.3636
285.00,285.00,2390000000,7.161215239e-01,-5.506306672e-01,-0.8830,-37.5569
285.00,285.00,2400000000,4.689516471e-01,-7.720420470e-01,-0.8833,-58.7248
285.00,285.00,2410000000,1.579150568e-01,-8.901282258e-01,-0.8764,-79.9400
285.00,285.00,2420000000,-1.757495628e-01,-8.875800030e-01,-0.8688,-101.2002
285.00,285.00,2430000000,-4.861346914e-01,-7.632317561e-01,-0.8680,-122.4948
285.00,285.00,2440000000,-7.296015406e-01,-5.340881094e-01,-0.8748,-143.7949
285.00,285.00,2450000000,-8.725214217e-01,-2.333320507e-01,-0.8845,-165.0281
285.00,285.00,2460000000,-8.968716665e-01,9.805417833e-02,-0.8938,173.7607
285.00,285.00,2470000000,-8.004982604e-01,4.154849409e-01,-0.8968,152.5692
285.00,285.00,2480000000,-5.963324955e-01,6.772711701e-01,-0.8921,131.3637
285.00,285.00,2490000000,-3.106073467e-01,8.477809420e-01,-0.8873,110.1217
285.00,285.00,2500000000,1.829011322e-02,9.029514368e-01,-0.8849,88.8396
285.00,285.00,2510000000,3.447607817e-01,8.344765986e-01,-0.8873,67.5522
285.00,285.00,2520000000,6.231641665e-01,6.521554740e-01,-0.8957,46.3023
285.00,285.00,2530000000,8.165563841e-01,3.815417625e-01,-0.9026,25.0447
285.00,285.00,2540000000,8.986889321e-01,6.007495992e-02,-0.9084,3.8244
285.00,285.00,2550000000,8.592411139e-01,-2.692463043e-01,-0.9109,-17.3986
285.00,285.00,2560000000,7.031827848e-01,-5.625073328e-01,-0.9104,-38.6579
285.00,285.00,2570000000,4.516825746e-01,-7.789079610e-01,-0.9113,-59.8909
285.00,285.00,2580000000,1.389129117e-01,-8.895105317e-01,-0.9123,-81.1239
285.00,285.00,2590000000,-1.923147114e-01,-8.792544827e-01,-0.9148,-102.3377
285.00,285.00,2600000000,-4.972429416e-01,-7.497425059e-01,-0.9186,-123.5531
285.00,285.00,2610000000,-7.338995511e-01,-5.195272947e-01,-0.9231,-144.7053
285.00,285.00,2620000000,-8.718185552e-01,-2.187746660e-01,-0.9263,-165.9130
285.00,285.00,2630000000,-8.915716246e-01,1.118566598e-01,-0.9290,172.8490
285.00,285.00,2640000000,-7.902506952e-01,4.269511609e-01,-0.9324,151.6188
285.00,285.00,2650000000,-5.818206829e-01,6.840461033e-01,-0.9343,130.3831
285.00,285.00,2660000000,-2.944186155e-01,8.481579537e-01,-0.9364,109.1433
285.00,285.00,2670000000,3.288901704e-02,8.969925626e-01,-0.9384,87.9001
285.00,285.00,2680000000,3.556200831e-01,8.242014814e-01,-0.9379,66.6611
285.00,285.00,2690000000,6.299552544e-01,6.391311680e-01,-0.9402,45.4143
285.00,285.00,2700000000,8.185153195e-01,3.673197642e-01,-0.9426,24.1688
285.00,285.00,2710000000,8.957362293e-01,4.582458448e-02,-0.9450,2.9286
285.00,285.00,2720000000,8.511419974e-01,-2.815803759e-01,-0.9489,-18.3056
285.00,285.00,2730000000,6.911542631e-01,-5.705250091e-01,-0.9518,-39.5385
285.00,285.00,2740000000,4.376596413e-01,-7.818586034e-01,-0.9537,-60.7613
285.00,285.00,2750000000,1.250837595e-01,-8.872604856e-01,-0.9535,-81.9755
285.00,285.00,2760000000,-2.046893351e-01,-8.725002889e-01,-0.9520,-103.2029
285.00,285.00,2770000000,-5.071351254e-01,-7.395997390e-01,-0.9464,-124.4380
285.00,285.00,2780000000,-7.411903688e-01,-5.054388480e-01,-0.9429,-145.7088
285.00,285.00,2790000000,-8.740093850e-01,-2.016576675e-01,-0.9444,-167.0077
285.00,285.00,2800000000,-8.869616451e-01,1.293139959e-01,-0.9506,171.7050
285.00,285.00,2810000000,-7.786167068e-01,4.413502580e-01,-0.9635,150.4537
285.00,285.00,2820000000,-5.657194071e-01,6.921434644e-01,-0.9740,129.2606
285.00,285.00,2830000000,-2.778111166e-01,8.494402639e-01,-0.9760,108.1104
285.00,285.00,2840000000,4.765659446e-02,8.932135165e-01,-0.9685,86.9459
285.00,285.00,2850000000,3.688409430e-01,8.166613561e-01,-0.9530,65.6939
285.00,285.00,2860000000,6.412887080e-01,6.271192073e-01,-0.9446,44.3600
285.00,285.00,2870000000,8.251255604e-01,3.499536029e-01,-0.9512,22.9829
285.00,285.00,2880000000,8.937198190e-01,2.590649382e-02,-0.9723,1.6604
285.00,285.00,2890000000,8.400557199e-01,-2.981130584e-01,-0.9987,-19.5384
285.00,285.00,2900000000,6.752812396e-01,-5.794512032e-01,-1.0140,-40.6325
285.00,285.00,2910000000,4.220474106e-01,-7.841317308e-01,-1.0073,-61.7093
285.00,285.00,2920000000,1.108077224e-01,-8.860436898e-01,-0.9835,-82.8717
285.00,285.00,2930000000,-2.198460221e-01,-8.678369947e-01,-0.9611,-104.2155
285.00,285.00,2940000000,-5.222042881e-01,-7.276373536e-01,-0.9574,-125.6659
285.00,285.00,2950000000,-7.497577423e-01,-4.853507236e-01,-0.9816,-147.0833
285.00,285.00,2960000000,-8.706132212e-01,-1.795584560e-01,-1.0226,-168.3465
285.00,285.00,2970000000,-8.737216929e-01,1.448766889e-01,-1.0547,170.5851
285.00,285.00,2980000000,-7.633142447e-01,4.476064623e-01,-1.0624,149.6127
285.00,285.00,2990000000,-5.533160223e-01,6.936063003e-01,-1.0389,128.5807
285.00,285.00,3000000000,-2.658473241e-01,8.506919678e-01,-0.9999,107.3544
290.00,290.00,2000000000,2.998385729e-01,8.579596070e-01,-0.8302,70.7366
290.00,290.00,2010000000,5.897524836e-01,6.944445264e-01,-0.8089,49.6606
290.00,290.00,2020000000,8.042006285e-01,4.351536247e-01,-0.7774,28.4179
290.00,290.00,2030000000,9.094211633e-01,1.119343517e-01,-0.7594,7.0168
290.00,290.00,2040000000,8.867095597e-01,-2.279045827e-01,-0.7666,-14.4143
290.00,290.00,2050000000,7.409385613e-01,-5.332371712e-01,-0.7918,-35.7417
290.00,290.00,2060000000,4.966963379e-01,-7.626686800e-01,-0.8178,-56.9254
290.00,290.00,2070000000,1.885961291e-01,-8.893293648e-01,-0.8277,-78.0269
290.00,290.00,2080000000,-1.446804397e-01,-8.983425332e-01,-0.8199,-99.1491
290.00,290.00,2090000000,-4.608663850e-01,-7.865626441e-01,-0.8036,-120.3671
290.00,290.00,2100000000,-7.161484772e-01,-5.659200716e-01,-0.7929,-141.6832
290.00,290.00,2110000000,-8.727470500e-01,-2.663725971e-01,-0.7954,-163.0272
290.00,290.00,2120000000,-9.085516380e-01,6.872339122e-02,-0.8082,175.6744
290.00,290.00,2130000000,-8.206418705e-01,3.923529381e-01,-0.8229,154.4473
290.00,290.00,2140000000,-6.227805948e-01,6.617331526e-01,-0.8315,133.2631
290.00,290.00,2150000000,-3.415102766e-01,8.420146045e-01,-0.8322,112.0768
290.00,290.00,2160000000,-1.360726560e-02,9.088241393e-01,-0.8294,90.8578
290.00,290.00,2170000000,3.167972080e-01,8.521206363e-01,-0.8277,69.6061
290.00,290.00,2180000000,6.041004350e-01,6.790683748e-01,-0.8298,48.3437
290.00,290.00,2190000000,8.087029181e-01,4.138161254e-01,-0.8342,27.0990
290.00,290.00,2200000000,9.032392037e-01,9.279172399e-02,-0.8383,5.8655
290.00,290.00,2210000000,8.752760563e-01,-2.408991062e-01,-0.8400,-15.3883
290.00,290.00,2220000000,7.282192303e-01,-5.413069774e-01,-0.8443,-36.6245
290.00,290.00,2230000000,4.825322605e-01,-7.677302218e-01,-0.8500,-57.8499
290.00,290.00,2240000000,1.716672647e-01,-8.897789401e-01,-0.8556,-79.0800
290.00,290.00,2250000000,-1.614955369e-01,-8.913179866e-01,-0.8591,-100.2699
290.00,290.00,2260000000,-4.730138195e-01,-7.726079091e-01,-0.8583,-121.4762
290.00,290.00,2270000000,-7.210665502e-01,-5.491708574e-01,-0.8538,-142.7068
290.00,290.00,2280000000,-8.714908784e-01,-2.505956559e-01,-0.8497,-163.9575
290.00,290.00,2290000000,-9.025907325e-01,8.291260260e-02,-0.8537,174.7515
290.00,290.00,2300000000,-8.103750654e-01,4.042292943e-01,-0.8613,153.4892
290.00,290.00,2310000000,-6.085067416e-01,6.692864829e-01,-0.8713,132.2767
290.00,290.00,2320000000,-3.253742284e-01,8.432007720e-01,-0.8785,111.1006
290.00,290.00,2330000000,1.138217891e-03,9.041871425e-01,-0.8748,89.9279
290.00,290.00,2340000000,3.284196136e-01,8.433627177e-01,-0.8665,68.7232
290.00,290.00,2350000000,6.124703882e-01,6.674074486e-01,-0.8589,47.4578
290.00,290.00,2360000000,8.134104630e-01,3.993425966e-01,-0.8560,26.1487
290.00,290.00,2370000000,9.019478044e-01,7.695583691e-02,-0.8649,4.8768
290.00,290.00,2380000000,8.674915742e-01,-2.546904948e-01,-0.8756,-16.3619
290.00,290.00,2390000000,7.161554619e-01,-5.506173090e-01,-0.8828,-37.5549
290.00,290.00,2400000000,4.689682549e-01,-7.720700066e-01,-0.8830,-58.7248
290.00,290.00,2410000000,1.578725314e-01,-8.901587274e-01,-0.8762,-79.9430
290.00,290.00,2420000000,-1.757658130e-01,-8.875835301e-01,-0.8688,-101.2012
290.00,290.00,2430000000,-4.861366530e-01,-7.632550622e-01,-0.8678,-122.4941
290.00,290.00,2440000000,-7.296191121e-01,-5.340887048e-01,-0.8746,-143.7955
290.00,290.00,2450000000,-8.725150737e-01,-2.333206185e-01,-0.8846,-165.0287
290.00,290.00,2460000000,-8.968526325e-01,9.807309053e-02,-0.8940,173.7594
290.00,290.00,2470000000,-8.005277068e-01,4.155258831e-01,-0.8964,152.5678
290.00,290.00,2480000000,-5.963344133e-01,6.772660762e-01,-0.8921,131.3640
290.00,290.00,2490000000,-3.106117195e-01,8.477619890e-01,-0.8875,110.1223
290.00,290.00,2500000000,1.832268645e-02,9.029540554e-01,-0.8849,88.8375
290.00,290.00,2510000000,3.447050100e-01,8.344888546e-01,-0.8874,67.5558
290.00,290.00,2520000000,6.231975150e-01,6.521647914e-01,-0.8954,46.3011
290.00,290.00,2530000000,8.165383330e-01,3.815748174e-01,-0.9027,25.0471
290.00,290.00,2540000000,8.986998887e-01,6.002679833e-02,-0.9084,3.8213
290.00,290.00,2550000000,8.592569769e-01,-2.692371608e-01,-0.9108,-17.3977
290.00,290.00,2560000000,7.031507358e-01,-5.624909426e-01,-0.9108,-38.6583
290.00,290.00,2570000000,4.516820183e-01,-7.789302280e-01,-0.9111,-59.8916
290.00,290.00,2580000000,1.389404221e-01,-8.895334059e-01,-0.9121,-81.1224
290.00,290.00,2590000000,-1.923251776e-01,-8.792185700e-01,-0.9151,-102.3388
290.00,290.00,2600000000,-4.972323457e-01,-7.497367293e-01,-0.9187,-123.5527
290.00,290.00,2610000000,-7.339075323e-01,-5.195495006e-01,-0.9229,-144.7045
290.00,290.00,2620000000,-8.718303556e-01,-2.187730567e-01,-0.9262,-165.9133
290.00,290.00,2630000000,-8.916134917e-01,1.118507483e-01,-0.9287,172.8497
290.00,290.00,2640000000,-7.902727787e-01,4.269212604e-01,-0.9324,151.6212
290.00,290.00,2650000000,-5.818665934e-01,6.840818762e-01,-0.9338,130.3838
290.00,290.00,2660000000,-2.944579056e-01,8.482001579e-01,-0.9358,109.1448
290.00,290.00,2670000000,3.286796994e-02,8.970475908e-01,-0.9379,87.9016
290.00,290.00,2680000000,3.556095930e-01,8.242351436e-01,-0.9376,66.6626
290.00,290.00,2690000000,6.299174564e-01,6.391270414e-01,-0.9405,45.4158
290.00,290.00,2700000000,8.185586850e-01,3.673205871e-01,-0.9422,24.1677
290.00,290.00,2710000000,8.957472960e-01,4.581545133e-02,-0.9449,2.9280
290.00,290.00,2720000000,8.512231791e-01,-2.816034461e-01,-0.9481,-18.3054
290.00,290.00,2730000000,6.911629988e-01,-5.705828372e-01,-0.9514,-39.5410
290.00,290.00,2740000000,4.376661175e-01,-7.819089907e-01,-0.9532,-60.7625
290.00,290.00,2750000000,1.250776963e-01,-8.872693262e-01,-0.9534,-81.9759
290.00,290.00,2760000000,-2.047150323e-01,-8.724965253e-01,-0.9520,-103.2045
290.00,290.00,2770000000,-5.071279832e-01,-7.396150545e-01,-0.9463,-124.4371
290.00,290.00,2780000000,-7.412177302e-01,-5.054271658e-01,-0.9428,-145.7104
290.00,290.00,2790000000,-8.740249466e-01,-2.016756476e-01,-0.9442,-167.0068
290.00,290.00,2800000000,-8.869748273e-01,1.293184039e-01,-0.9504,171.7049
290.00,290.00,2810000000,-7.786108329e-01,4.413594624e-01,-0.9635,150.4530
290.00,290.00,2820000000,-5.657589703e-01,6.921375704e-01,-0.9738,129.2628
290.00,290.00,2830000000,-2.778145008e-01,8.494822040e-01,-0.9756,108.1098
290.00,290.00,2840000000,4.764431277e-02,8.931927812e-01,-0.9688,86.9466
290.00,290.00,2850000000,3.688731469e-01,8.166191686e-01,-0.9532,65.6909
290.00,290.00,2860000000,6.413408228e-01,6.271073291e-01,-0.9443,44.3571
290.00,290.00,2870000000,8.251294931e-01,3.499489565e-01,-0.9512,22.9825
290.00,290.00,2880000000,8.937082599e-01,2.588397705e-02,-0.9724,1.6590
290.00,290.00,2890000000,8.400751105e-01,-2.980811571e-01,-0.9986,-19.5360
290.00,290.00,2900000000,6.753391079e-01,-5.795003533e-01,-1.0133,-40.6325
290.00,290.00,2910000000,4.220407777e-01,-7.841398113e-01,-1.0073,-61.7099
290.00,290.00,2920000000,1.108066516e-01,-8.860995079e-01,-0.9830,-82.8722
290.00,290.00,2930000000,-2.198622484e-01,-8.678303910e-01,-0.9611,-104.2166
290.00,290.00,2940000000,-5.222236408e-01,-7.276138961e-01,-0.9575,-125.6678
290.00,290.00,2950000000,-7.497724187e-01,-4.853524538e-01,-0.9815,-147.0837
290.00,290.00,2960000000,-8.706116856e-01,-1.796023277e-01,-1.0225,-168.3437
290.00,290.00,2970000000,-8.737094146e-01,1.448734291e-01,-1.0549,170.5852
290.00,290.00,2980000000,-7.633243524e-01,4.475898419e-01,-1.0624,149.6140
290.00,290.00,2990000000,-5.533067792e-01,6.936304600e-01,-1.0388,128.5793
290.00,290.00,3000000000,-2.658415720e-01,8.506976884e-01,-0.9998,107.3539
295.00,29.00,2000000000,2.998475987e-01,8.579401575e-01,-0.8304,70.7356
295.00,29.00,2010000000,5.897302088e-01,6.944694975e-01,-0.8089,49.6627
295.00,29.00,2020000000,8.041615122e-01,4.351068290e-01,-0.7780,28.4164
295.00,29.00,2030000000,9.093396844e-01,1.119158560e-01,-0.7602,7.0163
295.00,29.00,2040000000,8.866273207e-01,-2.279125180e-01,-0.7673,-14.4161
295.00,29.00,2050000000,7.409069151e-01,-5.332251645e-01,-0.7921,-35.7423
295.00,29.00,2060000000,4.966191329e-01,-7.626473622e-01,-0.8183,-56.9287
295.00,29.00,2070000000,1.885778208e-01,-8.892868630e-01,-0.8281,-78.0275
295.00,29.00,2080000000,-1.446862977e-01,-8.982525962e-01,-0.8208,-99.1503
295.00,29.00,2090000000,-4.608621170e-01,-7.864876366e-01,-0.8042,-120.3692
295.00,29.00,2100000000,-7.161094892e-01,-5.659278742e-01,-0.7931,-141.6813
295.00,29.00,2110000000,-8.726981206e-01,-2.663365953e-01,-0.7960,-163.0285
295.00,29.00,2120000000,-9.085115901e-01,6.872790566e-02,-0.8086,175.6739
295.00,29.00,2130000000,-8.205590348e-01,3.923435029e-01,-0.8236,154.4456
295.00,29.00,2140000000,-6.227333539e-01,6.617142234e-01,-0.8320,133.2617
295.00,29.00,2150000000,-3.415106760e-01,8.419637679e-01,-0.8327,112.0781
295.00,29.00,2160000000,-1.357430946e-02,9.088123335e-01,-0.8295,90.8557
295.00,29.00,2170000000,3.167864338e-01,8.520935883e-01,-0.8280,69.6062
295.00,29.00,2180000000,6.040627651e-01,6.790482189e-01,-0.8302,48.3446
295.00,29.00,2190000000,8.086379109e-01,4.137956616e-01,-0.8348,27.0997
295.00,29.00,2200000000,9.031582873e-01,9.278587756e-02,-0.8391,5.8657
295.00,29.00,2210000000,8.752226699e-01,-2.409019493e-01,-0.8405,-15.3894
295.00,29.00,2220000000,7.282107371e-01,-5.412487871e-01,-0.8447,-36.6219
295.00,29.00,2230000000,4.824645117e-01,-7.677622288e-01,-0.8501,-57.8546
295.00,29.00,2240000000,1.716362080e-01,-8.897194881e-01,-0.8563,-79.0812
295.00,29.00,2250000000,-1.614521317e-01,-8.912719172e-01,-0.8596,-100.2677
295.00,29.00,2260000000,-4.729655312e-01,-7.725802680e-01,-0.8588,-121.4745
295.00,29.00,2270000000,-7.209972072e-01,-5.491261236e-01,-0.8546,-142.7064
295.00,29.00,2280000000,-8.714689482e-01,-2.505527266e-01,-0.8500,-163.9597
295.00,29.00,2290000000,-9.026080414e-01,8.294259058e-02,-0.8535,174.7497
295.00,29.00,2300000000,-8.103807586e-01,4.042127484e-01,-0.8613,153.4903
295.00,29.00,2310000000,-6.084784724e-01,6.692616504e-01,-0.8716,132.2764
295.00,29.00,2320000000,-3.253628679e-01,8.432356560e-01,-0.8783,111.0991
295.00,29.00,2330000000,1.108279329e-03,9.041726131e-01,-0.8750,89.9298
295.00,29.00,2340000000,3.283833383e-01,8.433308083e-01,-0.8669,68.7246
295.00,29.00,2350000000,6.124747069e-01,6.673756175e-01,-0.8591,47.4563
295.00,29.00,2360000000,8.133623479e-01,3.993350373e-01,-0.8564,26.1496
295.00,29.00,2370000000,9.019250256e-01,7.694346582e-02,-0.8651,4.8761
295.00,29.00,2380000000,8.673969846e-01,-2.546743069e-01,-0.8765,-16.3626
295.00,29.00,2390000000,7.160929320e-01,-5.505651655e-01,-0.8836,-37.5547
295.00,29.00,2400000000,4.689319579e-01,-7.720339542e-01,-0.8835,-58.7256
295.00,29.00,2410000000,1.578688550e-01,-8.901079639e-01,-0.8766,-79.9427
295.00,29.00,2420000000,-1.757457640e-01,-8.875456619e-01,-0.8692,-101.2004
295.00,29.00,2430000000,-4.861592611e-01,-7.632157634e-01,-0.8680,-122.4966
295.00,29.00,2440000000,-7.295728982e-01,-5.340780503e-01,-0.8750,-143.7943
295.00,29.00,2450000000,-8.724571298e-01,-2.332856239e-01,-0.8852,-165.0299
295.00,29.00,2460000000,-8.968211566e-01,9.807200911e-02,-0.8943,173.7592
295.00,29.00,2470000000,-8.004756041e-01,4.155016969e-01,-0.8969,152.5676
295.00,29.00,2480000000,-5.962797305e-01,6.772353948e-01,-0.8927,131.3627
295.00,29.00,2490000000,-3.105887759e-01,8.477666446e-01,-0.8875,110.1209
295.00,29.00,2500000000,1.834273672e-02,9.028802644e-01,-0.8856,88.8362
295.00,29.00,2510000000,3.447045969e-01,8.344033438e-01,-0.8882,67.5537
295.00,29.00,2520000000,6.231571768e-01,6.521233645e-01,-0.8959,46.3012
295.00,29.00,2530000000,8.164919280e-01,3.815118626e-01,-0.9033,25.0447
295.00,29.00,2540000000,8.986685092e-01,6.005186454e-02,-0.9087,3.8230
295.00,29.00,2550000000,8.592118106e-01,-2.692337712e-01,-0.9112,-17.3984
295.00,29.00,2560000000,7.031456601e-01,-5.624697863e-01,-0.9109,-38.6575
295.00,29.00,2570000000,4.516482971e-01,-7.789040956e-01,-0.9115,-59.8927
295.00,29.00,2580000000,1.388928439e-01,-8.894640918e-01,-0.9128,-81.1247
295.00,29.00,2590000000,-1.923097463e-01,-8.791844161e-01,-0.9154,-102.3384
295.00,29.00,2600000000,-4.972133510e-01,-7.497099697e-01,-0.9190,-123.5526
295.00,29.00,2610000000,-7.338772417e-01,-5.194912996e-01,-0.9235,-144.7064
295.00,29.00,2620000000,-8.717998912e-01,-2.187717229e-01,-0.9264,-165.9129
295.00,29.00,2630000000,-8.915793044e-01,1.118251588e-01,-0.9290,172.8511
295.00,29.00,2640000000,-7.902134028e-01,4.269073435e-01,-0.9329,151.6202
295.00,29.00,2650000000,-5.818280632e-01,6.840440592e-01,-0.9343,130.3835
295.00,29.00,2660000000,-2.944404065e-01,8.481324771e-01,-0.9365,109.1451
295.00,29.00,2670000000,3.287853677e-02,8.969590614e-01,-0.9387,87.9007
295.00,29.00,2680000000,3.555814805e-01,8.241953448e-01,-0.9381,66.6632
295.00,29.00,2690000000,6.299021031e-01,6.390843988e-01,-0.9409,45.4146
295.00,29.00,2700000000,8.184990003e-01,3.672952305e-01,-0.9429,24.1678
295.00,29.00,2710000000,8.957431937e-01,4.582808570e-02,-0.9450,2.9288
295.00,29.00,2720000000,8.511608524e-01,-2.815872260e-01,-0.9487,-18.3056
295.00,29.00,2730000000,6.911141626e-01,-5.705447355e-01,-0.9520,-39.5412
295.00,29.00,2740000000,4.376857519e-01,-7.818676515e-01,-0.9535,-60.7601
295.00,29.00,2750000000,1.250601432e-01,-8.872355098e-01,-0.9538,-81.9767
295.00,29.00,2760000000,-2.046812491e-01,-8.724645857e-01,-0.9524,-103.2029
295.00,29.00,2770000000,-5.071130199e-01,-7.395816166e-01,-0.9467,-124.4375
295.00,29.00,2780000000,-7.411438214e-01,-5.053725440e-01,-0.9437,-145.7106
295.00,29.00,2790000000,-8.739679001e-01,-2.016877458e-01,-0.9448,-167.0052
295.00,29.00,2800000000,-8.869118423e-01,1.293221900e-01,-0.9510,171.7041
295.00,29.00,2810000000,-7.785599607e-01,4.412688207e-01,-0.9644,150.4565
295.00,29.00,2820000000,-5.657168381e-01,6.920670980e-01,-0.9746,129.2636
295.00,29.00,2830000000,-2.777901899e-01,8.494151159e-01,-0.9763,108.1097
295.00,29.00,2840000000,4.766160622e-02,8.931543546e-01,-0.9691,86.9454
295.00,29.00,2850000000,3.688494297e-01,8.166182446e-01,-0.9533,65.6923
295.00,29.00,2860000000,6.412969996e-01,6.270620923e-01,-0.9449,44.3570
295.00,29.00,2870000000,8.251149978e-01,3.499445427e-01,-0.9514,22.9826
295.00,29.00,2880000000,8.937085773e-01,2.589798979e-02,-0.9724,1.6599
295.00,29.00,2890000000,8.400195148e-01,-2.980971424e-01,-0.9991,-19.5382
295.00,29.00,2900000000,6.752855506e-01,-5.794455013e-01,-1.0140,-40.6321
295.00,29.00,2910000000,4.220414809e-01,-7.841432225e-01,-1.0073,-61.7100
295.00,29.00,2920000000,1.107823255e-01,-8.860551238e-01,-0.9834,-82.8734
295.00,29.00,2930000000,-2.198547142e-01,-8.677839092e-01,-0.9616,-104.2169
295.00,29.00,2940000000,-5.221947190e-01,-7.276154834e-01,-0.9577,-125.6662
295.00,29.00,2950000000,-7.497237752e-01,-4.853883972e-01,-0.9817,-147.0801
295.00,29.00,2960000000,-8.705896427e-01,-1.796093507e-01,-1.0227,-168.3430
295.00,29.00,2970000000,-8.736663033e-01,1.448662117e-01,-1.0553,170.5852
295.00,29.00,2980000000,-7.633599272e-01,4.476027997e-01,-1.0620,149.6144
295.00,29.00,2990000000,-5.533096754e-01,6.935713074e-01,-1.0392,128.5818
295.00,29.00,3000000000,-2.658138834e-01,8.506474626e-01,-1.0004,107.3532
300.00,300.00,2000000000,3.000207586e-01,8.580822171e-01,-0.8285,70.7283
300.00,300.00,2010000000,5.899394793e-01,6.945582395e-01,-0.8069,49.6563
300.00,300.00,2020000000,8.043770777e-01,4.351636416e-01,-0.7759,28.4131
300.00,300.00,2030000000,9.096499211e-01,1.118636469e-01,-0.7573,7.0107
300.00,300.00,2040000000,8.868896119e-01,-2.280488296e-01,-0.7646,-14.4203
300.00,300.00,2050000000,7.410399458e-01,-5.334750825e-01,-0.7897,-35.7501
300.00,300.00,2060000000,4.966628735e-01,-7.629343715e-01,-0.8158,-56.9363
300.00,300.00,2070000000,1.885240066e-01,-8.894733207e-01,-0.8265,-78.0332
300.00,300.00,2080000000,-1.447992496e-01,-8.985047721e-01,-0.8182,-99.1548
300.00,300.00,2090000000,-4.610502558e-01,-7.866781140e-01,-0.8017,-120.3734
300.00,300.00,2100000000,-7.163487382e-01,-5.660092890e-01,-0.7908,-141.6866
300.00,300.00,2110000000,-8.729759672e-01,-2.663346202e-01,-0.7934,-163.0337
300.00,300.00,2120000000,-9.087818556e-01,6.882380271e-02,-0.8060,175.6691
300.00,300.00,2130000000,-8.207862537e-01,3.925548018e-01,-0.8208,154.4398
300.00,300.00,2140000000,-6.228981878e-01,6.619417730e-01,-0.8293,133.2594
300.00,300.00,2150000000,-3.415069906e-01,8.422312024e-01,-0.8303,112.0715
300.00,300.00,2160000000,-1.350162359e-02,9.090602050e-01,-0.8272,90.8509
300.00,300.00,2170000000,3.169448520e-01,8.522866339e-01,-0.8258,69.6010
300.00,300.00,2180000000,6.043038531e-01,6.791535016e-01,-0.8279,48.3376
300.00,300.00,2190000000,8.089309434e-01,4.138268216e-01,-0.8322,27.0930
300.00,300.00,2200000000,9.033941504e-01,9.271109781e-02,-0.8370,5.8595
300.00,300.00,2210000000,8.754253138e-01,-2.410527767e-01,-0.8382,-15.3952
300.00,300.00,2220000000,7.283105043e-01,-5.415121687e-01,-0.8425,-36.6315
300.00,300.00,2230000000,4.825207207e-01,-7.679830894e-01,-0.8480,-57.8590
300.00,300.00,2240000000,1.715482918e-01,-8.899857291e-01,-0.8539,-79.0898
300.00,300.00,2250000000,-1.616601517e-01,-8.914603832e-01,-0.8574,-100.2785
300.00,300.00,2260000000,-4.731946751e-01,-7.726576682e-01,-0.8570,-121.4843
300.00,300.00,2270000000,-7.212241838e-01,-5.491809510e-01,-0.8525,-142.7123
300.00,300.00,2280000000,-8.716875403e-01,-2.505693806e-01,-0.8480,-163.9625
300.00,300.00,2290000000,-9.028327141e-01,8.302209569e-02,-0.8513,174.7460
300.00,300.00,2300000000,-8.105257419e-01,4.044217314e-01,-0.8592,153.4825
300.00,300.00,2310000000,-6.085347848e-01,6.695344667e-01,-0.8693,132.2675
300.00,300.00,2320000000,-3.253272154e-01,8.435268738e-01,-0.8758,111.0904
300.00,300.00,2330000000,1.261702839e-03,9.043697101e-01,-0.8731,89.9201
300.00,300.00,2340000000,3.286093172e-01,8.434582483e-01,-0.8650,68.7142
300.00,300.00,2350000000,6.126715039e-01,6.674411523e-01,-0.8574,47.4499
300.00,300.00,2360000000,8.135773833e-01,3.993600217e-01,-0.8545,26.1450
300.00,300.00,2370000000,9.021879577e-01,7.688965492e-02,-0.8626,4.8713
300.00,300.00,2380000000,8.676350303e-01,-2.548298751e-01,-0.8739,-16.3678
300.00,300.00,2390000000,7.161937998e-01,-5.508364842e-01,-0.8812,-37.5645
300.00,300.00,2400000000,4.689340131e-01,-7.722986297e-01,-0.8813,-58.7342
300.00,300.00,2410000000,1.577317221e-01,-8.903097049e-01,-0.8750,-79.9534
300.00,300.00,2420000000,-1.758428921e-01,-8.876851003e-01,-0.8677,-101.2048
300.00,300.00,2430000000,-4.862809472e-01,-7.633386582e-01,-0.8663,-122.4990
300.00,300.00,2440000000,-7.297368017e-01,-5.341844302e-01,-0.8732,-143.7950
300.00,300.00,2450000000,-8.727226906e-01,-2.333089698e-01,-0.8827,-165.0329
300.00,300.00,2460000000,-8.970298422e-01,9.816494301e-02,-0.8922,173.7548
300.00,300.00,2470000000,-8.006238048e-01,4.157304140e-01,-0.8947,152.5590
300.00,300.00,2480000000,-5.963570368e-01,6.774497055e-01,-0.8907,131.3574
300.00,300.00,2490000000,-3.105364435e-01,8.478554521e-01,-0.8869,110.1158
300.00,300.00,2500000000,1.836055595e-02,9.030696615e-01,-0.8838,88.8353
300.00,300.00,2510000000,3.448236223e-01,8.346271774e-01,-0.8857,67.5522
300.00,300.00,2520000000,6.233362983e-01,6.522780557e-01,-0.8937,46.2997
300.00,300.00,2530000000,8.167551205e-01,3.815963450e-01,-0.9007,25.0425
300.00,300.00,2540000000,8.989105280e-01,5.992937930e-02,-0.9064,3.8142
300.00,300.00,2550000000,8.594242966e-01,-2.694021876e-01,-0.9088,-17.4045
300.00,300.00,2560000000,7.032299200e-01,-5.626563566e-01,-0.9092,-38.6634
300.00,300.00,2570000000,4.517097320e-01,-7.790969015e-01,-0.9096,-59.8954
300.00,300.00,2580000000,1.389287461e-01,-8.896834376e-01,-0.9107,-81.1246
300.00,300.00,2590000000,-1.923911169e-01,-8.794111839e-01,-0.9131,-102.3403
300.00,300.00,2600000000,-4.974275954e-01,-7.499151303e-01,-0.9162,-123.5568
300.00,300.00,2610000000,-7.341072887e-01,-5.196089722e-01,-0.9210,-144.7087
300.00,300.00,2620000000,-8.720839540e-01,-2.187580817e-01,-0.9238,-165.9182
300.00,300.00,2630000000,-8.918226264e-01,1.119787167e-01,-0.9265,172.8433
300.00,300.00,2640000000,-7.903793648e-01,4.271164214e-01,-0.9306,151.6135
300.00,300.00,2650000000,-5.819032715e-01,6.842538984e-01,-0.9323,130.3785
300.00,300.00,2660000000,-2.944514370e-01,8.484287761e-01,-0.9338,109.1396
300.00,300.00,2670000000,3.294456130e-02,8.972973288e-01,-0.9354,87.8973
300.00,300.00,2680000000,3.557773856e-01,8.243973117e-01,-0.9355,66.6569
300.00,300.00,2690000000,6.301635074e-01,6.392908178e-01,-0.9377,45.4119
300.00,300.00,2700000000,8.187974678e-01,3.673015839e-01,-0.9402,24.1604
300.00,300.00,2710000000,8.959910488e-01,4.573917870e-02,-0.9426,2.9223
300.00,300.00,2720000000,8.513445534e-01,-2.817833919e-01,-0.9464,-18.3138
300.00,300.00,2730000000,6.912721812e-01,-5.707682666e-01,-0.9494,-39.5457
300.00,300.00,2740000000,4.377011738e-01,-7.820980250e-01,-0.9514,-60.7664
300.00,300.00,2750000000,1.250258529e-01,-8.874405991e-01,-0.9519,-81.9807
300.00,300.00,2760000000,-2.048270378e-01,-8.726893241e-01,-0.9499,-103.2087
300.00,300.00,2770000000,-5.073308973e-01,-7.397546416e-01,-0.9441,-124.4427
300.00,300.00,2780000000,-7.414127415e-01,-5.054494492e-01,-0.9411,-145.7162
300.00,300.00,2790000000,-8.742628542e-01,-2.016122936e-01,-0.9421,-167.0141
300.00,300.00,2800000000,-8.871322261e-01,1.294756966e-01,-0.9487,171.6964
300.00,300.00,2810000000,-7.787516199e-01,4.415655162e-01,-0.9613,150.4460
300.00,300.00,2820000000,-5.657789120e-01,6.923443039e-01,-0.9721,129.2555
300.00,300.00,2830000000,-2.777789005e-01,8.496626644e-01,-0.9741,108.1040
300.00,300.00,2840000000,4.775420799e-02,8.934156870e-01,-0.9665,86.9404
300.00,300.00,2850000000,3.690228488e-01,8.168233817e-01,-0.9508,65.6876
300.00,300.00,2860000000,6.415615365e-01,6.271979208e-01,-0.9422,44.3514
300.00,300.00,2870000000,8.254375513e-01,3.499461934e-01,-0.9485,22.9746
300.00,300.00,2880000000,8.939813107e-01,2.574811751e-02,-0.9698,1.6498
300.00,300.00,2890000000,8.402262308e-01,-2.983150051e-01,-0.9965,-19.5470
300.00,300.00,2900000000,6.753599398e-01,-5.797100600e-01,-1.0118,-40.6419
300.00,300.00,2910000000,4.220737600e-01,-7.843461612e-01,-1.0054,-61.7143
300.00,300.00,2920000000,1.107754862e-01,-8.863281973e-01,-0.9808,-82.8760
300.00,300.00,2930000000,-2.199766923e-01,-8.680901944e-01,-0.9584,-104.2196
300.00,300.00,2940000000,-5.224307622e-01,-7.278592635e-01,-0.9544,-125.6694
300.00,300.00,2950000000,-7.500644861e-01,-4.854619882e-01,-0.9785,-147.0880
300.00,300.00,2960000000,-8.709002172e-01,-1.795150183e-01,-1.0199,-168.3530
300.00,300.00,2970000000,-8.738920441e-01,1.450600768e-01,-1.0528,170.5752
300.00,300.00,2980000000,-7.634535038e-01,4.478277183e-01,-1.0601,149.6049
300.00,300.00,2990000000,-5.533643069e-01,6.938116266e-01,-1.0370,128.5749
300.00,300.00,3000000000,-2.658542833e-01,8.509507758e-01,-0.9974,107.3499
305.00,305.00,2000000000,3.000009858e-01,8.580784095e-01,-0.8286,70.7294
305.00,305.00,2010000000,5.899200380e-01,6.945463516e-01,-0.8071,49.6568
305.00,305.00,2020000000,8.043673790e-01,4.351625141e-01,-0.7760,28.4134
305.00,305.00,2030000000,9.096442340e-01,1.118979706e-01,-0.7573,7.0129
305.00,305.00,2040000000,8.869176676e-01,-2.280663786e-01,-0.7643,-14.4209
305.00,305.00,2050000000,7.410297075e-01,-5.334644638e-01,-0.7899,-35.7500
305.00,305.00,2060000000,4.966777317e-01,-7.629265729e-01,-0.8158,-56.9352
305.00,305.00,2070000000,1.884715639e-01,-8.895168223e-01,-0.8262,-78.0370
305.00,305.00,2080000000,-1.448225692e-01,-8.984511795e-01,-0.8187,-99.1568
305.00,305.00,2090000000,-4.610611062e-01,-7.866785555e-01,-0.8017,-120.3740
305.00,305.00,2100000000,-7.163422178e-01,-5.660023052e-01,-0.7909,-141.6867
305.00,305.00,2110000000,-8.729843147e-01,-2.663583443e-01,-0.7933,-163.0324
305.00,305.00,2120000000,-9.087539172e-01,6.881908066e-02,-0.8062,175.6693
305.00,305.00,2130000000,-8.207676773e-01,3.925273065e-01,-0.8211,154.4408
305.00,305.00,2140000000,-6.228585912e-01,6.619403561e-01,-0.8296,133.2577
305.00,305.00,2150000000,-3.415098662e-01,8.422298575e-01,-0.8303,112.0717
305.00,305.00,2160000000,-1.351917472e-02,9.090675924e-01,-0.8271,90.8520
305.00,305.00,2170000000,3.169442969e-01,8.522848538e-01,-0.8258,69.6010
305.00,305.00,2180000000,6.042919725e-01,6.792053347e-01,-0.8276,48.3404
305.00,305.00,2190000000,8.089479107e-01,4.138221498e-01,-0.8321,27.0923
305.00,305.00,2200000000,9.034621035e-01,9.274100842e-02,-0.8363,5.8609
305.00,305.00,2210000000,8.754250188e-01,-2.410491694e-01,-0.8382,-15.3949
305.00,305.00,2220000000,7.283850390e-01,-5.415137140e-01,-0.8419,-36.6287
305.00,305.00,2230000000,4.825398107e-01,-7.680016156e-01,-0.8477,-57.8586
305.00,305.00,2240000000,1.715666943e-01,-8.900138268e-01,-0.8536,-79.0890
305.00,305.00,2250000000,-1.616430676e-01,-8.914614299e-01,-0.8575,-100.2774
305.00,305.00,2260000000,-4.731977327e-01,-7.727331918e-01,-0.8564,-121.4820
305.00,305.00,2270000000,-7.212556442e-01,-5.491701852e-01,-0.8524,-142.7140
305.00,305.00,2280000000,-8.717273231e-01,-2.505390918e-01,-0.8477,-163.9651
305.00,305.00,2290000000,-9.028456353e-01,8.303051764e-02,-0.8512,174.7456
305.00,305.00,2300000000,-8.105813077e-01,4.044433899e-01,-0.8586,153.4829
305.00,305.00,2310000000,-6.085661755e-01,6.695890181e-01,-0.8687,132.2666
305.00,305.00,2320000000,-3.252927700e-01,8.435074391e-01,-0.8761,111.0888
305.00,305.00,2330000000,1.273888792e-03,9.044021836e-01,-0.8728,89.9193
305.00,305.00,2340000000,3.286148181e-01,8.434250216e-01,-0.8653,68.7131
305.00,305.00,2350000000,6.126514592e-01,6.674539683e-01,-0.8574,47.4514
305.00,305.00,2360000000,8.136268017e-01,3.993644112e-01,-0.8540,26.1439
305.00,305.00,2370000000,9.021709140e-01,7.692165452e-02,-0.8628,4.8734
305.00,305.00,2380000000,8.676479221e-01,-2.548821806e-01,-0.8736,-16.3708
305.00,305.00,2390000000,7.162042084e-01,-5.508562709e-01,-0.8810,-37.5651
305.00,305.00,2400000000,4.689199294e-01,-7.723220776e-01,-0.8811,-58.7357
305.00,305.00,2410000000,1.577977381e-01,-8.903428542e-01,-0.8745,-79.9497
305.00,305.00,2420000000,-1.758541188e-01,-8.877220180e-01,-0.8673,-101.2050
305.00,305.00,2430000000,-4.862834069e-01,-7.633281499e-01,-0.8664,-122.4995
305.00,305.00,2440000000,-7.297780855e-01,-5.341898044e-01,-0.8728,-143.7963
305.00,305.00,2450000000,-8.727860860e-01,-2.332712858e-01,-0.8822,-165.0362
305.00,305.00,2460000000,-8.970936450e-01,9.819946245e-02,-0.8915,173.7530
305.00,305.00,2470000000,-8.006411166e-01,4.156992739e-01,-0.8947,152.5613
305.00,305.00,2480000000,-5.963308310e-01,6.774702354e-01,-0.8907,131.3553
305.00,305.00,2490000000,-3.105349680e-01,8.479376229e-01,-0.8861,110.1139
305.00,305.00,2500000000,1.835892731e-02,9.031033927e-01,-0.8835,88.8354
305.00,305.00,2510000000,3.448314193e-01,8.346387004e-01,-0.8856,67.5520
305.00,305.00,2520000000,6.233829060e-01,6.522548499e-01,-0.8935,46.2966
305.00,305.00,2530000000,8.167731288e-01,3.815991867e-01,-0.9005,25.0421
305.00,305.00,2540000000,8.989299051e-01,5.994749498e-02,-0.9062,3.8153
305.00,305.00,2550000000,8.593925491e-01,-2.693974403e-01,-0.9091,-17.4049
305.00,305.00,2560000000,7.032496851e-01,-5.626745095e-01,-0.9089,-38.6635
305.00,305.00,2570000000,4.516428686e-01,-7.791189200e-01,-0.9098,-59.8998
305.00,305.00,2580000000,1.389186131e-01,-8.897063703e-01,-0.9105,-81.1255
305.00,305.00,2590000000,-1.924204612e-01,-8.794208649e-01,-0.9130,-102.3420
305.00,305.00,2600000000,-4.974301430e-01,-7.499090397e-01,-0.9162,-123.5571
305.00,305.00,2610000000,-7.341486096e-01,-5.196224581e-01,-0.9206,-144.7096
305.00,305.00,2620000000,-8.720468171e-01,-2.187416145e-01,-0.9242,-165.9186
305.00,305.00,2630000000,-8.918058336e-01,1.119740367e-01,-0.9267,172.8435
305.00,305.00,2640000000,-7.903903182e-01,4.271167612e-01,-0.9305,151.6138
305.00,305.00,2650000000,-5.819235017e-01,6.842769069e-01,-0.9320,130.3785
305.00,305.00,2660000000,-2.944600132e-01,8.483939565e-01,-0.9341,109.1408
305.00,305.00,2670000000,3.294147419e-02,8.972531704e-01,-0.9359,87.8974
305.00,305.00,2680000000,3.557878099e-01,8.243984896e-01,-0.9355,66.6563
305.00,305.00,2690000000,6.301442631e-01,6.392299818e-01,-0.9383,45.4101
305.00,305.00,2700000000,8.187990216e-01,3.672970819e-01,-0.9402,24.1601
305.00,305.00,2710000000,8.959839831e-01,4.568844049e-02,-0.9427,2.9191
305.00,305.00,2720000000,8.513963676e-01,-2.817727874e-01,-0.9460,-18.3122
305.00,305.00,2730000000,6.912229442e-01,-5.707797622e-01,-0.9497,-39.5483
305.00,305.00,2740000000,4.376485039e-01,-7.820784586e-01,-0.9519,-60.7688
305.00,305.00,2750000000,1.249777368e-01,-8.874829742e-01,-0.9515,-81.9842
305.00,305.00,2760000000,-2.048117686e-01,-8.727237063e-01,-0.9496,-103.2072
305.00,305.00,2770000000,-5.073055318e-01,-7.397541869e-01,-0.9442,-124.4414
305.00,305.00,2780000000,-7.413973177e-01,-5.054667043e-01,-0.9411,-145.7148
305.00,305.00,2790000000,-8.742798488e-01,-2.016048813e-01,-0.9420,-167.0148
305.00,305.00,2800000000,-8.870774461e-01,1.294881513e-01,-0.9492,171.6951
305.00,305.00,2810000000,-7.787105225e-01,4.415749870e-01,-0.9616,150.4442
305.00,305.00,2820000000,-5.657589566e-01,6.923613917e-01,-0.9721,129.2538
305.00,305.00,2830000000,-2.778015227e-01,8.496934754e-01,-0.9737,108.1048
305.00,305.00,2840000000,4.776059840e-02,8.933690603e-01,-0.9670,86.9398
305.00,305.00,2850000000,3.689696563e-01,8.168040064e-01,-0.9512,65.6902
305.00,305.00,2860000000,6.415524379e-01,6.271992769e-01,-0.9422,44.3519
305.00,305.00,2870000000,8.254325483e-01,3.499208771e-01,-0.9486,22.9733
305.00,305.00,2880000000,8.940019544e-01,2.572383951e-02,-0.9696,1.6482
305.00,305.00,2890000000,8.402222289e-01,-2.983323859e-01,-0.9965,-19.5481
305.00,305.00,2900000000,6.753622864e-01,-5.796886349e-01,-1.0119,-40.6407
305.00,305.00,2910000000,4.221053968e-01,-7.843632700e-01,-1.0051,-61.7131
305.00,305.00,2920000000,1.107640711e-01,-8.862993833e-01,-0.9811,-82.8765
305.00,305.00,2930000000,-2.199622501e-01,-8.680347588e-01,-0.9590,-104.2196
305.00,305.00,2940000000,-5.224560315e-01,-7.278008201e-01,-0.9547,-125.6729
305.00,305.00,2950000000,-7.500964421e-01,-4.854552862e-01,-0.9783,-147.0894
305.00,305.00,2960000000,-8.709198610e-01,-1.794826317e-01,-1.0198,-168.3553
305.00,305.00,2970000000,-8.739298143e-01,1.450829835e-01,-1.0524,170.5742
305.00,305.00,2980000000,-7.634443191e-01,4.478264865e-01,-1.0602,149.6047
305.00,305.00,2990000000,-5.533941196e-01,6.938148425e-01,-1.0368,128.5762
305.00,305.00,3000000000,-2.658822356e-01,8.509472446e-01,-0.9974,107.3516
310.00,310.00,2000000000,3.000151066e-01,8.582297050e-01,-0.8272,70.7317
310.00,310.00,2010000000,5.900131825e-01,6.946786730e-01,-0.8056,49.6577
310.00,310.00,2020000000,8.044581723e-01,4.353232791e-01,-0.7745,28.4195
310.00,310.00,2030000000,9.098087613e-01,1.119300539e-01,-0.7558,7.0136
310.00,310.00,2040000000,8.871145993e-01,-2.280740830e-01,-0.7624,-14.4183
310.00,310.00,2050000000,7.411970340e-01,-5.335500855e-01,-0.7881,-35.7482
310.00,310.00,2060000000,4.967768189e-01,-7.630820461e-01,-0.8140,-56.9353
310.00,310.00,2070000000,1.885835863e-01,-8.896492373e-01,-0.8247,-78.0319
310.00,310.00,2080000000,-1.447861754e-01,-8.986192696e-01,-0.8172,-99.1529
310.00,310.00,2090000000,-4.610541348e-01,-7.867874661e-01,-0.8008,-120.3701
310.00,310.00,2100000000,-7.164276990e-01,-5.661135664e-01,-0.7896,-141.6846
310.00,310.00,2110000000,-8.731253771e-01,-2.664330683e-01,-0.7918,-163.0305
310.00,310.00,2120000000,-9.089198447e-01,6.883508340e-02,-0.8047,175.6691
310.00,310.00,2130000000,-8.209541076e-01,3.925698999e-01,-0.8193,154.4435
310.00,310.00,2140000000,-6.229913266e-01,6.620556567e-01,-0.8279,133.2588
310.00,310.00,2150000000,-3.416141837e-01,8.423584967e-01,-0.8288,112.0748
310.00,310.00,2160000000,-1.350246363e-02,9.092107898e-01,-0.8258,90.8508
310.00,310.00,2170000000,3.170043703e-01,8.524525141e-01,-0.8241,69.6012
310.00,310.00,2180000000,6.043782588e-01,6.793059875e-01,-0.8264,48.3405
310.00,310.00,2190000000,8.090465628e-01,4.139733402e-01,-0.8306,27.0979
310.00,310.00,2200000000,9.035697439e-01,9.278179640e-02,-0.8352,5.8628
310.00,310.00,2210000000,8.755864870e-01,-2.410637761e-01,-0.8367,-15.3931
310.00,310.00,2220000000,7.285453061e-01,-5.415606454e-01,-0.8404,-36.6251
310.00,310.00,2230000000,4.826324132e-01,-7.680954951e-01,-0.8465,-57.8568
310.00,310.00,2240000000,1.716403835e-01,-8.901893345e-01,-0.8518,-79.0865
310.00,310.00,2250000000,-1.616513141e-01,-8.916184177e-01,-0.8560,-100.2762
310.00,310.00,2260000000,-4.732175372e-01,-7.728251563e-01,-0.8555,-121.4800
310.00,310.00,2270000000,-7.213429898e-01,-5.492704919e-01,-0.8511,-142.7123
310.00,310.00,2280000000,-8.718250794e-01,-2.506091305e-01,-0.8466,-163.9625
310.00,310.00,2290000000,-9.030624665e-01,8.300618845e-02,-0.8491,174.7483
310.00,310.00,2300000000,-8.107090618e-01,4.044375280e-01,-0.8575,153.4868
310.00,310.00,2310000000,-6.086958792e-01,6.696492372e-01,-0.8675,132.2701
310.00,310.00,2320000000,-3.253809424e-01,8.436724187e-01,-0.8743,111.0902
310.00,310.00,2330000000,1.224921472e-03,9.045238298e-01,-0.8716,89.9224
310.00,310.00,2340000000,3.286263799e-01,8.436218217e-01,-0.8635,68.7170
310.00,310.00,2350000000,6.127290527e-01,6.675727301e-01,-0.8561,47.4529
310.00,310.00,2360000000,8.137194459e-01,3.994841351e-01,-0.8527,26.1481
310.00,310.00,2370000000,9.023195076e-01,7.693268940e-02,-0.8613,4.8733
310.00,310.00,2380000000,8.678303743e-01,-2.548337789e-01,-0.8721,-16.3646
310.00,310.00,2390000000,7.163550430e-01,-5.509382319e-01,-0.8794,-37.5634
310.00,310.00,2400000000,4.690132683e-01,-7.724281339e-01,-0.8798,-58.7342
310.00,310.00,2410000000,1.578710406e-01,-8.904478089e-01,-0.8734,-79.9463
310.00,310.00,2420000000,-1.758510695e-01,-8.878223712e-01,-0.8664,-101.2036
310.00,310.00,2430000000,-4.863179425e-01,-7.634896352e-01,-0.8649,-122.4958
310.00,310.00,2440000000,-7.299001030e-01,-5.343563110e-01,-0.8709,-143.7923
310.00,310.00,2450000000,-8.729189074e-01,-2.334084502e-01,-0.8806,-165.0300
310.00,310.00,2460000000,-8.972824427e-01,9.816834068e-02,-0.8897,173.7563
310.00,310.00,2470000000,-8.007505246e-01,4.157799180e-01,-0.8934,152.5600
310.00,310.00,2480000000,-5.964738474e-01,6.775678657e-01,-0.8891,131.3580
310.00,310.00,2490000000,-3.106187028e-01,8.480260736e-01,-0.8851,110.1170
310.00,310.00,2500000000,1.834486074e-02,9.032447115e-01,-0.8821,88.8365
310.00,310.00,2510000000,3.448281094e-01,8.347966658e-01,-0.8842,67.5560
310.00,310.00,2520000000,6.234827587e-01,6.524292768e-01,-0.8917,46.2996
310.00,310.00,2530000000,8.169062141e-01,3.816929870e-01,-0.8990,25.0440
310.00,310.00,2540000000,8.990703807e-01,6.001916453e-02,-0.9048,3.8192
310.00,310.00,2550000000,8.595936074e-01,-2.694457949e-01,-0.9071,-17.4040
310.00,310.00,2560000000,7.034032475e-01,-5.627682452e-01,-0.9072,-38.6621
310.00,310.00,2570000000,4.518066115e-01,-7.791959086e-01,-0.9083,-59.8933
310.00,310.00,2580000000,1.389953220e-01,-8.898257989e-01,-0.9092,-81.1219
310.00,310.00,2590000000,-1.923959321e-01,-8.795798567e-01,-0.9115,-102.3383
310.00,310.00,2600000000,-4.974493312e-01,-7.500867026e-01,-0.9147,-123.5519
310.00,310.00,2610000000,-7.342580425e-01,-5.197140607e-01,-0.9192,-144.7088
310.00,310.00,2620000000,-8.722458424e-01,-2.188174336e-01,-0.9222,-165.9170
310.00,310.00,2630000000,-8.919481374e-01,1.119506754e-01,-0.9253,172.8461
310.00,310.00,2640000000,-7.905341742e-01,4.271323137e-01,-0.9292,151.6173
310.00,310.00,2650000000,-5.820431316e-01,6.843488872e-01,-0.9307,130.3814
310.00,310.00,2660000000,-2.945198585e-01,8.485378968e-01,-0.9326,109.1414
310.00,310.00,2670000000,3.289578605e-02,8.974450002e-01,-0.9340,87.9008
310.00,310.00,2680000000,3.558234139e-01,8.245738909e-01,-0.9338,66.6586
310.00,310.00,2690000000,6.302495608e-01,6.393752883e-01,-0.9366,45.4118
310.00,310.00,2700000000,8.189356223e-01,3.674220826e-01,-0.9385,24.1638
310.00,310.00,2710000000,8.961279651e-01,4.576686279e-02,-0.9413,2.9237
310.00,310.00,2720000000,8.515890436e-01,-2.817604326e-01,-0.9442,-18.3075
310.00,310.00,2730000000,6.913931176e-01,-5.708780409e-01,-0.9478,-39.5462
310.00,310.00,2740000000,4.377964942e-01,-7.822540851e-01,-0.9497,-60.7660
310.00,310.00,2750000000,1.250635612e-01,-8.876159899e-01,-0.9501,-81.9799
310.00,310.00,2760000000,-2.048200111e-01,-8.728583827e-01,-0.9483,-103.2058
310.00,310.00,2770000000,-5.074026210e-01,-7.399158588e-01,-0.9424,-124.4407
310.00,310.00,2780000000,-7.415562118e-01,-5.056186634e-01,-0.9390,-145.7125
310.00,310.00,2790000000,-8.744384831e-01,-2.016632498e-01,-0.9404,-167.0135
310.00,310.00,2800000000,-8.873292231e-01,1.295112585e-01,-0.9468,171.6960
310.00,310.00,2810000000,-7.788893934e-01,4.416145523e-01,-0.9599,150.4476
310.00,310.00,2820000000,-5.658759700e-01,6.924711831e-01,-0.9706,129.2551
310.00,310.00,2830000000,-2.778497267e-01,8.497866721e-01,-0.9727,108.1059
310.00,310.00,2840000000,4.769642128e-02,8.935619273e-01,-0.9652,86.9446
310.00,310.00,2850000000,3.690776446e-01,8.170274146e-01,-0.9488,65.6898
310.00,310.00,2860000000,6.417214625e-01,6.273923282e-01,-0.9397,44.3531
310.00,310.00,2870000000,8.256000348e-01,3.500421423e-01,-0.9467,22.9762
310.00,310.00,2880000000,8.941772470e-01,2.577284662e-02,-0.9679,1.6510
310.00,310.00,2890000000,8.403930985e-01,-2.983726741e-01,-0.9948,-19.5469
310.00,310.00,2900000000,6.755114284e-01,-5.797652317e-01,-1.0103,-40.6382
310.00,310.00,2910000000,4.221627321e-01,-7.845139293e-01,-1.0035,-61.7144
310.00,310.00,2920000000,1.107900521e-01,-8.864349875e-01,-0.9797,-82.8759
310.00,310.00,2930000000,-2.200001522e-01,-8.682451355e-01,-0.9569,-104.2186
310.00,310.00,2940000000,-5.225378737e-01,-7.279948955e-01,-0.9527,-125.6699
310.00,310.00,2950000000,-7.502431141e-01,-4.855640221e-01,-0.9765,-147.0887
310.00,310.00,2960000000,-8.710821448e-01,-1.795088143e-01,-1.0182,-168.3557
310.00,310.00,2970000000,-8.740610012e-01,1.451283298e-01,-1.0511,170.5727
310.00,310.00,2980000000,-7.635710471e-01,4.479081174e-01,-1.0587,149.6043
310.00,310.00,2990000000,-5.535228160e-01,6.939763493e-01,-1.0348,128.5762
310.00,310.00,3000000000,-2.659382195e-01,8.510683287e-01,-0.9961,107.3528
315.00,315.00,2000000000,3.000250549e-01,8.582643159e-01,-0.8269,70.7318
315.00,315.00,2010000000,5.899864207e-01,6.947078040e-01,-0.8055,49.6601
315.00,315.00,2020000000,8.044827384e-01,4.353224682e-01,-0.7743,28.4187
315.00,315.00,2030000000,9.098374692e-01,1.119612135e-01,-0.7555,7.0153
315.00,315.00,2040000000,8.871124786e-01,-2.280615541e-01,-0.7625,-14.4176
315.00,315.00,2050000000,7.411915735e-01,-5.335548783e-01,-0.7881,-35.7486
315.00,315.00,2060000000,4.967813466e-01,-7.630737064e-01,-0.8141,-56.9348
315.00,315.00,2070000000,1.885739298e-01,-8.896599680e-01,-0.8247,-78.0326
315.00,315.00,2080000000,-1.447825755e-01,-8.986307076e-01,-0.8171,-99.1525
315.00,315.00,2090000000,-4.610581473e-01,-7.868422947e-01,-0.8004,-120.3686
315.00,315.00,2100000000,-7.164969441e-01,-5.661258592e-01,-0.7890,-141.6867
315.00,315.00,2110000000,-8.731426629e-01,-2.664726445e-01,-0.7915,-163.0284
315.00,315.00,2120000000,-9.089611149e-01,6.879984315e-02,-0.8043,175.6715
315.00,315.00,2130000000,-8.209639619e-01,3.925973670e-01,-0.8191,154.4422
315.00,315.00,2140000000,-6.229902607e-01,6.620170689e-01,-0.8282,133.2604
315.00,315.00,2150000000,-3.416292871e-01,8.423888429e-01,-0.8285,112.0749
315.00,315.00,2160000000,-1.354185236e-02,9.091989966e-01,-0.8259,90.8533
315.00,315.00,2170000000,3.170065502e-01,8.524786265e-01,-0.8238,69.6016
315.00,315.00,2180000000,6.043694772e-01,6.793490023e-01,-0.8261,48.3427
315.00,315.00,2190000000,8.090869601e-01,4.139918814e-01,-0.8301,27.0978
315.00,315.00,2200000000,9.036488842e-01,9.281354224e-02,-0.8344,5.8643
315.00,315.00,2210000000,8.756565626e-01,-2.410351523e-01,-0.8361,-15.3902
315.00,315.00,2220000000,7.285371574e-01,-5.415926543e-01,-0.8403,-36.6270
315.00,315.00,2230000000,4.826630872e-01,-7.681374909e-01,-0.8460,-57.8566
315.00,315.00,2240000000,1.716433546e-01,-8.902049773e-01,-0.8517,-79.0865
315.00,315.00,2250000000,-1.616201616e-01,-8.916589103e-01,-0.8556,-100.2738
315.00,315.00,2260000000,-4.732438412e-01,-7.728637569e-01,-0.8551,-121.4802
315.00,315.00,2270000000,-7.213722724e-01,-5.493445243e-01,-0.8505,-142.7097
315.00,315.00,2280000000,-8.718426280e-01,-2.506465687e-01,-0.8464,-163.9606
315.00,315.00,2290000000,-9.030317777e-01,8.300807918e-02,-0.8494,174.7480
315.00,315.00,2300000000,-8.107687535e-01,4.044686743e-01,-0.8569,153.4867
315.00,315.00,2310000000,-6.087029943e-01,6.696680244e-01,-0.8673,132.2697
315.00,315.00,2320000000,-3.253453240e-01,8.436291250e-01,-0.8748,111.0891
315.00,315.00,2330000000,1.223457592e-03,9.045687033e-01,-0.8712,89.9225
315.00,315.00,2340000000,3.286148834e-01,8.436187769e-01,-0.8636,68.7176
315.00,315.00,2350000000,6.127446614e-01,6.676103943e-01,-0.8557,47.4537
315.00,315.00,2360000000,8.137093339e-01,3.995116050e-01,-0.8527,26.1499
315.00,315.00,2370000000,9.023351241e-01,7.696781747e-02,-0.8612,4.8754
315.00,315.00,2380000000,8.678352781e-01,-2.548298335e-01,-0.8721,-16.3643
315.00,315.00,2390000000,7.163902333e-01,-5.509140433e-01,-0.8793,-37.5608
315.00,315.00,2400000000,4.690356012e-01,-7.724287499e-01,-0.8797,-58.7330
315.00,315.00,2410000000,1.578474785e-01,-8.904873572e-01,-0.8731,-79.9482
315.00,315.00,2420000000,-1.758363167e-01,-8.878719560e-01,-0.8659,-101.2020
315.00,315.00,2430000000,-4.863366916e-01,-7.635293568e-01,-0.8645,-122.4955
315.00,315.00,2440000000,-7.299052926e-01,-5.343311069e-01,-0.8710,-143.7938
315.00,315.00,2450000000,-8.729128308e-01,-2.333828835e-01,-0.8807,-165.0314
315.00,315.00,2460000000,-8.972517662e-01,9.815191983e-02,-0.8901,173.7571
315.00,315.00,2470000000,-8.007705875e-01,4.157472347e-01,-0.8933,152.5624
315.00,315.00,2480000000,-5.964451129e-01,6.775698934e-01,-0.8892,131.3565
315.00,315.00,2490000000,-3.106388470e-01,8.480315754e-01,-0.8849,110.1181
315.00,315.00,2500000000,1.829640160e-02,9.032946375e-01,-0.8816,88.8396
315.00,315.00,2510000000,3.448232911e-01,8.347548307e-01,-0.8846,67.5553
315.00,315.00,2520000000,6.234199744e-01,6.524430701e-01,-0.8920,46.3031
315.00,315.00,2530000000,8.169142097e-01,3.816860423e-01,-0.8989,25.0433
315.00,315.00,2540000000,8.991205985e-01,5.997313186e-02,-0.9044,3.8161
315.00,315.00,2550000000,8.596043924e-01,-2.694656818e-01,-0.9069,-17.4050
315.00,315.00,2560000000,7.034228884e-01,-5.627835926e-01,-0.9070,-38.6621
315.00,315.00,2570000000,4.518411267e-01,-7.792267430e-01,-0.9079,-59.8923
315.00,315.00,2580000000,1.389755475e-01,-8.898803342e-01,-0.9087,-81.1236
315.00,315.00,2590000000,-1.923859859e-01,-8.796168445e-01,-0.9112,-102.3372
315.00,315.00,2600000000,-4.974632487e-01,-7.501074862e-01,-0.9144,-123.5519
315.00,315.00,2610000000,-7.342791038e-01,-5.197537923e-01,-0.9189,-144.7075
315.00,315.00,2620000000,-8.722771749e-01,-2.188185361e-01,-0.9219,-165.9174
315.00,315.00,2630000000,-8.919967184e-01,1.119918212e-01,-0.9248,172.8439
315.00,315.00,2640000000,-7.905568520e-01,4.271828647e-01,-0.9288,151.6151
315.00,315.00,2650000000,-5.820802684e-01,6.843727908e-01,-0.9303,130.3822
315.00,315.00,2660000000,-2.945257581e-01,8.485387604e-01,-0.9325,109.1418
315.00,315.00,2670000000,3.288540970e-02,8.974139392e-01,-0.9343,87.9014
315.00,315.00,2680000000,3.558419076e-01,8.246296456e-01,-0.9332,66.6590
315.00,315.00,2690000000,6.302707623e-01,6.393954235e-01,-0.9363,45.4118
315.00,315.00,2700000000,8.189299730e-01,3.674328648e-01,-0.9385,24.1645
315.00,315.00,2710000000,8.962095754e-01,4.573965875e-02,-0.9405,2.9217
315.00,315.00,2720000000,8.515728503e-01,-2.817658720e-01,-0.9444,-18.3082
315.00,315.00,2730000000,6.914300738e-01,-5.708732179e-01,-0.9476,-39.5445
315.00,315.00,2740000000,4.377932063e-01,-7.822445114e-01,-0.9498,-60.7659
315.00,315.00,2750000000,1.250727111e-01,-8.876428871e-01,-0.9499,-81.9796
315.00,315.00,2760000000,-2.048194190e-01,-8.728408494e-01,-0.9485,-103.2060
315.00,315.00,2770000000,-5.074125400e-01,-7.399334687e-01,-0.9422,-124.4405
315.00,315.00,2780000000,-7.415618703e-01,-5.056062410e-01,-0.9391,-145.7133
315.00,315.00,2790000000,-8.744683118e-01,-2.016588727e-01,-0.9401,-167.0142
315.00,315.00,2800000000,-8.873385072e-01,1.294768274e-01,-0.9467,171.6982
315.00,315.00,2810000000,-7.788773738e-01,4.416021424e-01,-0.9601,150.4480
315.00,315.00,2820000000,-5.659055523e-01,6.924647549e-01,-0.9704,129.2569
315.00,315.00,2830000000,-2.778536442e-01,8.497932146e-01,-0.9726,108.1060
315.00,315.00,2840000000,4.769468085e-02,8.935378043e-01,-0.9654,86.9446
315.00,315.00,2850000000,3.690582893e-01,8.169899588e-01,-0.9492,65.6899
315.00,315.00,2860000000,6.416741175e-01,6.273263750e-01,-0.9405,44.3522
315.00,315.00,2870000000,8.255507562e-01,3.500676117e-01,-0.9470,22.9789
315.00,315.00,2880000000,8.941466870e-01,2.579263079e-02,-0.9682,1.6523
315.00,315.00,2890000000,8.403878771e-01,-2.983892615e-01,-0.9948,-19.5480
315.00,315.00,2900000000,6.754884872e-01,-5.797461046e-01,-1.0106,-40.6382
315.00,315.00,2910000000,4.221560154e-01,-7.844802035e-01,-1.0038,-61.7138
315.00,315.00,2920000000,1.108192409e-01,-8.864307194e-01,-0.9798,-82.8740
315.00,315.00,2930000000,-2.199649253e-01,-8.682648473e-01,-0.9568,-104.2161
315.00,315.00,2940000000,-5.225412868e-01,-7.280263833e-01,-0.9525,-125.6689
315.00,315.00,2950000000,-7.502339394e-01,-4.855528622e-01,-0.9766,-147.0890
315.00,315.00,2960000000,-8.711215183e-01,-1.795038217e-01,-1.0178,-168.3566
315.00,315.00,2970000000,-8.741096189e-01,1.450880514e-01,-1.0506,170.5757
315.00,315.00,2980000000,-7.635915891e-01,4.478925595e-01,-1.0586,149.6058
315.00,315.00,2990000000,-5.535010944e-01,6.939773855e-01,-1.0349,128.5751
315.00,315.00,3000000000,-2.659749047e-01,8.511023282e-01,-0.9957,107.3544
320.00,320.00,2000000000,3.000001899e-01,8.582886713e-01,-0.8267,70.7338
320.00,320.00,2010000000,5.899883329e-01,6.947104114e-01,-0.8055,49.6602
320.00,320.00,2020000000,8.045217027e-01,4.353300462e-01,-0.7740,28.4180
320.00,320.00,2030000000,9.098140086e-01,1.119815653e-01,-0.7556,7.0168
320.00,320.00,2040000000,8.871128123e-01,-2.280254446e-01,-0.7626,-14.4154
320.00,320.00,2050000000,7.412050768e-01,-5.335323087e-01,-0.7881,-35.7470
320.00,320.00,2060000000,4.968243843e-01,-7.630471447e-01,-0.8141,-56.9316
320.00,320.00,2070000000,1.885762518e-01,-8.896376335e-01,-0.8249,-78.0322
320.00,320.00,2080000000,-1.447953916e-01,-8.986427107e-01,-0.8169,-99.1532
320.00,320.00,2090000000,-4.610643370e-01,-7.868380231e-01,-0.8004,-120.3691
320.00,320.00,2100000000,-7.164483666e-01,-5.662109678e-01,-0.7889,-141.6806
320.00,320.00,2110000000,-8.731049925e-01,-2.664402873e-01,-0.7920,-163.0297
320.00,320.00,2120000000,-9.089730545e-01,6.880083969e-02,-0.8042,175.6715
320.00,320.00,2130000000,-8.209390590e-01,3.925608200e-01,-0.8195,154.4436
320.00,320.00,2140000000,-6.230264461e-01,6.620651589e-01,-0.8276,133.2600
320.00,320.00,2150000000,-3.416184264e-01,8.423945469e-01,-0.8285,112.0742
320.00,320.00,2160000000,-1.353263694e-02,9.092785959e-01,-0.8251,90.8527
320.00,320.00,2170000000,3.169952355e-01,8.524993533e-01,-0.8237,69.6027
320.00,320.00,2180000000,6.043564567e-01,6.793073698e-01,-0.8265,48.3416
320.00,320.00,2190000000,8.090408811e-01,4.139461750e-01,-0.8307,27.0966
320.00,320.00,2200000000,9.036225157e-01,9.282771390e-02,-0.8347,5.8653
320.00,320.00,2210000000,8.756205896e-01,-2.410286460e-01,-0.8365,-15.3904
320.00,320.00,2220000000,7.285624955e-01,-5.415639219e-01,-0.8402,-36.6246
320.00,320.00,2230000000,4.826870116e-01,-7.681406447e-01,-0.8459,-57.8554
320.00,320.00,2240000000,1.716606826e-01,-8.901800133e-01,-0.8519,-79.0852
320.00,320.00,2250000000,-1.616327195e-01,-8.917228821e-01,-0.8550,-100.2738
320.00,320.00,2260000000,-4.732735281e-01,-7.728563920e-01,-0.8550,-121.4820
320.00,320.00,2270000000,-7.213657189e-01,-5.493408747e-01,-0.8505,-142.7097
320.00,320.00,2280000000,-8.718247684e-01,-2.506810235e-01,-0.8464,-163.9582
320.00,320.00,2290000000,-9.030113033e-01,8.297946849e-02,-0.8496,174.7497
320.00,320.00,2300000000,-8.107518848e-01,4.044548131e-01,-0.8571,153.4870
320.00,320.00,2310000000,-6.087377356e-01,6.696685406e-01,-0.8671,132.2713
320.00,320.00,2320000000,-3.253781192e-01,8.436322082e-01,-0.8747,111.0910
320.00,320.00,2330000000,1.244200509e-03,9.045660692e-01,-0.8712,89.9212
320.00,320.00,2340000000,3.286399247e-01,8.436650440e-01,-0.8631,68.7172
320.00,320.00,2350000000,6.127292263e-01,6.676240680e-01,-0.8557,47.4550
320.00,320.00,2360000000,8.137434668e-01,3.995306706e-01,-0.8523,26.1501
320.00,320.00,2370000000,9.023805544e-01,7.698095628e-02,-0.8607,4.8760
320.00,320.00,2380000000,8.678594055e-01,-2.548673962e-01,-0.8717,-16.3661
320.00,320.00,2390000000,7.163838177e-01,-5.509166983e-01,-0.8793,-37.5612
320.00,320.00,2400000000,4.690346214e-01,-7.724115788e-01,-0.8798,-58.7325
320.00,320.00,2410000000,1.578626534e-01,-8.904787282e-01,-0.8731,-79.9471
320.00,320.00,2420000000,-1.758699290e-01,-8.878497994e-01,-0.8661,-101.2044
320.00,320.00,2430000000,-4.863336634e-01,-7.635057363e-01,-0.8647,-122.4961
320.00,320.00,2440000000,-7.298870269e-01,-5.343399606e-01,-0.8711,-143.7927
320.00,320.00,2450000000,-8.729165522e-01,-2.333750123e-01,-0.8807,-165.0320
320.00,320.00,2460000000,-8.972512513e-01,9.815232506e-02,-0.8901,173.7571
320.00,320.00,2470000000,-8.007584159e-01,4.157463939e-01,-0.8934,152.5621
320.00,320.00,2480000000,-5.964646825e-01,6.775553576e-01,-0.8892,131.3581
320.00,320.00,2490000000,-3.106422976e-01,8.480444597e-01,-0.8848,110.1180
320.00,320.00,2500000000,1.834102602e-02,9.032758843e-01,-0.8818,88.8368
320.00,320.00,2510000000,3.448267568e-01,8.347886690e-01,-0.8843,67.5559
320.00,320.00,2520000000,6.234023752e-01,6.524483830e-01,-0.8921,46.3042
320.00,320.00,2530000000,8.169292509e-01,3.816990668e-01,-0.8987,25.0437
320.00,320.00,2540000000,8.990872589e-01,6.003655984e-02,-0.9046,3.8203
320.00,320.00,2550000000,8.595523160e-01,-2.694108646e-01,-0.9076,-17.4026
320.00,320.00,2560000000,7.033732013e-01,-5.627387672e-01,-0.9076,-38.6618
320.00,320.00,2570000000,4.517822608e-01,-7.792049125e-01,-0.9084,-59.8949
320.00,320.00,2580000000,1.389880877e-01,-8.898049772e-01,-0.9094,-81.1221
320.00,320.00,2590000000,-1.924214717e-01,-8.795665369e-01,-0.9116,-102.3401
320.00,320.00,2600000000,-4.974918990e-01,-7.500734233e-01,-0.9146,-123.5546
320.00,320.00,2610000000,-7.342775536e-01,-5.197797851e-01,-0.9187,-144.7061
320.00,320.00,2620000000,-8.722283431e-01,-2.188336928e-01,-0.9223,-165.9158
320.00,320.00,2630000000,-8.919623567e-01,1.119584959e-01,-0.9252,172.8457
320.00,320.00,2640000000,-7.905371102e-01,4.271697823e-01,-0.9290,151.6153
320.00,320.00,2650000000,-5.820507509e-01,6.843464572e-01,-0.9307,130.3818
320.00,320.00,2660000000,-2.945324560e-01,8.485474427e-01,-0.9324,109.1420
320.00,320.00,2670000000,3.291210145e-02,8.974240563e-01,-0.9342,87.8997
320.00,320.00,2680000000,3.558230647e-01,8.245918202e-01,-0.9336,66.6591
320.00,320.00,2690000000,6.302578125e-01,6.394124514e-01,-0.9363,45.4131
320.00,320.00,2700000000,8.189454400e-01,3.674388971e-01,-0.9384,24.1645
320.00,320.00,2710000000,8.961874309e-01,4.576740495e-02,-0.9407,2.9235
320.00,320.00,2720000000,8.515831479e-01,-2.817677618e-01,-0.9443,-18.3081
320.00,320.00,2730000000,6.914222651e-01,-5.708494099e-01,-0.9478,-39.5436
320.00,320.00,2740000000,4.378315354e-01,-7.822716030e-01,-0.9494,-60.7646
320.00,320.00,2750000000,1.250520059e-01,-8.876317755e-01,-0.9500,-81.9808
320.00,320.00,2760000000,-2.048103830e-01,-8.728537321e-01,-0.9484,-103.2053
320.00,320.00,2770000000,-5.073683456e-01,-7.398902302e-01,-0.9428,-124.4398
320.00,320.00,2780000000,-7.415632800e-01,-5.055984374e-01,-0.9391,-145.7138
320.00,320.00,2790000000,-8.744305333e-01,-2.017049851e-01,-0.9403,-167.0108
320.00,320.00,2800000000,-8.873554628e-01,1.294618053e-01,-0.9466,171.6993
320.00,320.00,2810000000,-7.788666369e-01,4.415781196e-01,-0.9603,150.4489
320.00,320.00,2820000000,-5.658993773e-01,6.924802843e-01,-0.9703,129.2559
320.00,320.00,2830000000,-2.778894496e-01,8.498261213e-01,-0.9722,108.1075
320.00,320.00,2840000000,4.770965793e-02,8.935787674e-01,-0.9650,86.9438
320.00,320.00,2850000000,3.690329176e-01,8.170125795e-01,-0.9491,65.6920
320.00,320.00,2860000000,6.416700556e-01,6.274200984e-01,-0.9399,44.3567
320.00,320.00,2870000000,8.256009668e-01,3.500359732e-01,-0.9467,22.9758
320.00,320.00,2880000000,8.942030592e-01,2.579693631e-02,-0.9677,1.6525
320.00,320.00,2890000000,8.404235055e-01,-2.983265922e-01,-0.9946,-19.5434
320.00,320.00,2900000000,6.754919072e-01,-5.797861231e-01,-1.0103,-40.6401
320.00,320.00,2910000000,4.221728920e-01,-7.844844198e-01,-1.0037,-61.7129
320.00,320.00,2920000000,1.108287592e-01,-8.864609046e-01,-0.9794,-82.8736
320.00,320.00,2930000000,-2.199733420e-01,-8.682556100e-01,-0.9569,-104.2168
320.00,320.00,2940000000,-5.225424466e-01,-7.280207134e-01,-0.9525,-125.6692
320.00,320.00,2950000000,-7.502251793e-01,-4.856008562e-01,-0.9765,-147.0861
320.00,320.00,2960000000,-8.711164769e-01,-1.795321790e-01,-1.0178,-168.3547
320.00,320.00,2970000000,-8.740772608e-01,1.451034540e-01,-1.0509,170.5744
320.00,320.00,2980000000,-7.636049639e-01,4.478950039e-01,-1.0585,149.6061
320.00,320.00,2990000000,-5.535021953e-01,6.939460092e-01,-1.0351,128.5764
320.00,320.00,3000000000,-2.659740132e-01,8.510906836e-01,-0.9958,107.3545
325.00,325.00,2000000000,2.999996642e-01,8.582664980e-01,-0.8269,70.7334
325.00,325.00,2010000000,5.899627451e-01,6.947467206e-01,-0.8054,49.6629
325.00,325.00,2020000000,8.045130416e-01,4.353315241e-01,-0.7740,28.4183
325.00,325.00,2030000000,9.098379781e-01,1.119591636e-01,-0.7554,7.0152
325.00,325.00,2040000000,8.870740829e-01,-2.280359458e-01,-0.7629,-14.4166
325.00,325.00,2050000000,7.412386499e-01,-5.335359950e-01,-0.7878,-35.7460
325.00,325.00,2060000000,4.968151828e-01,-7.630116025e-01,-0.8144,-56.9309
325.00,325.00,2070000000,1.885680243e-01,-8.896429897e-01,-0.8248,-78.0328
325.00,325.00,2080000000,-1.447712191e-01,-8.986555629e-01,-0.8169,-99.1516
325.00,325.00,2090000000,-4.610435098e-01,-7.868387454e-01,-0.8005,-120.3679
325.00,325.00,2100000000,-7.164568729e-01,-5.661627230e-01,-0.7891,-141.6833
325.00,325.00,2110000000,-8.731631684e-01,-2.664632557e-01,-0.7914,-163.0294
325.00,325.00,2120000000,-9.089612913e-01,6.879752772e-02,-0.8043,175.6716
325.00,325.00,2130000000,-8.209497769e-01,3.925854392e-01,-0.8193,154.4425
325.00,325.00,2140000000,-6.230362920e-01,6.620332552e-01,-0.8278,133.2618
325.00,325.00,2150000000,-3.416440760e-01,8.423926109e-01,-0.8284,112.0757
325.00,325.00,2160000000,-1.355974833e-02,9.092103243e-01,-0.8257,90.8544
325.00,325.00,2170000000,3.169967928e-01,8.524891628e-01,-0.8238,69.6024
325.00,325.00,2180000000,6.043639861e-01,6.793535460e-01,-0.8261,48.3432
325.00,325.00,2190000000,8.090476981e-01,4.139618496e-01,-0.8306,27.0973
325.00,325.00,2200000000,9.036307672e-01,9.276861196e-02,-0.8346,5.8616
325.00,325.00,2210000000,8.756368157e-01,-2.410235019e-01,-0.8363,-15.3898
325.00,325.00,2220000000,7.285705568e-01,-5.415805763e-01,-0.8401,-36.6251
325.00,325.00,2230000000,4.826960553e-01,-7.681188599e-01,-0.8460,-57.8542
325.00,325.00,2240000000,1.716755485e-01,-8.901947853e-01,-0.8517,-79.0844
325.00,325.00,2250000000,-1.616195499e-01,-8.916756642e-01,-0.8555,-100.2735
325.00,325.00,2260000000,-4.732478241e-01,-7.728976084e-01,-0.8548,-121.4793
325.00,325.00,2270000000,-7.213580975e-01,-5.493511972e-01,-0.8505,-142.7089
325.00,325.00,2280000000,-8.718366171e-01,-2.506495041e-01,-0.8464,-163.9603
325.00,325.00,2290000000,-9.030423710e-01,8.300023165e-02,-0.8493,174.7486
325.00,325.00,2300000000,-8.107634791e-01,4.044840491e-01,-0.8569,153.4857
325.00,325.00,2310000000,-6.087520158e-01,6.696686230e-01,-0.8670,132.2719
325.00,325.00,2320000000,-3.254076178e-01,8.436699088e-01,-0.8742,111.0919
325.00,325.00,2330000000,1.201556814e-03,9.045686917e-01,-0.8712,89.9239
325.00,325.00,2340000000,3.286540280e-01,8.436273430e-01,-0.8633,68.7155
325.00,325.00,2350000000,6.127468754e-01,6.676219329e-01,-0.8556,47.4541
325.00,325.00,2360000000,8.137036197e-01,3.995275192e-01,-0.8527,26.1510
325.00,325.00,2370000000,9.023666081e-01,7.699832867e-02,-0.8608,4.8772
325.00,325.00,2380000000,8.678811256e-01,-2.548629864e-01,-0.8715,-16.3655
325.00,325.00,2390000000,7.163954989e-01,-5.509378225e-01,-0.8791,-37.5618
325.00,325.00,2400000000,4.690436863e-01,-7.724103429e-01,-0.8798,-58.7319
325.00,325.00,2410000000,1.578574884e-01,-8.904945953e-01,-0.8730,-79.9476
325.00,325.00,2420000000,-1.758395509e-01,-8.878361798e-01,-0.8662,-101.2027
325.00,325.00,2430000000,-4.863015131e-01,-7.635551276e-01,-0.8645,-122.4927
325.00,325.00,2440000000,-7.298998429e-01,-5.343241686e-01,-0.8711,-143.7940
325.00,325.00,2450000000,-8.729165531e-01,-2.333738894e-01,-0.8807,-165.0321
325.00,325.00,2460000000,-8.972916368e-01,9.817273373e-02,-0.8896,173.7561
325.00,325.00,2470000000,-8.008250568e-01,4.157644022e-01,-0.8928,152.5630
325.00,325.00,2480000000,-5.964793623e-01,6.775488106e-01,-0.8892,131.3590
325.00,325.00,2490000000,-3.106646449e-01,8.480352846e-01,-0.8848,110.1195
325.00,325.00,2500000000,1.829386439e-02,9.032598055e-01,-0.8820,88.8397
325.00,325.00,2510000000,3.447899653e-01,8.347888816e-01,-0.8844,67.5581
325.00,325.00,2520000000,6.234614794e-01,6.524577637e-01,-0.8916,46.3019
325.00,325.00,2530000000,8.169439730e-01,3.817235710e-01,-0.8985,25.0447
325.00,325.00,2540000000,8.990964110e-01,6.001311854e-02,-0.9046,3.8187
325.00,325.00,2550000000,8.595643161e-01,-2.694272435e-01,-0.9074,-17.4034
325.00,325.00,2560000000,7.033842040e-01,-5.628050893e-01,-0.9071,-38.6647
325.00,325.00,2570000000,4.518006455e-01,-7.792165295e-01,-0.9082,-59.8942
325.00,325.00,2580000000,1.389618643e-01,-8.898394271e-01,-0.9091,-81.1241
325.00,325.00,2590000000,-1.923798218e-01,-8.795996504e-01,-0.9114,-102.3371
325.00,325.00,2600000000,-4.974568564e-01,-7.500713554e-01,-0.9148,-123.5528
325.00,325.00,2610000000,-7.342845791e-01,-5.197153690e-01,-0.9190,-144.7097
325.00,325.00,2620000000,-8.722403154e-01,-2.188216860e-01,-0.9222,-165.9167
325.00,325.00,2630000000,-8.919602639e-01,1.119491731e-01,-0.9252,172.8463
325.00,325.00,2640000000,-7.905278779e-01,4.271684819e-01,-0.9291,151.6151
325.00,325.00,2650000000,-5.820654003e-01,6.843557276e-01,-0.9305,130.3822
325.00,325.00,2660000000,-2.945607151e-01,8.485361117e-01,-0.9325,109.1439
325.00,325.00,2670000000,3.291152140e-02,8.974301273e-01,-0.9342,87.8997
325.00,325.00,2680000000,3.557916200e-01,8.245910365e-01,-0.9338,66.6609
325.00,325.00,2690000000,6.302604643e-01,6.394027243e-01,-0.9363,45.4126
325.00,325.00,2700000000,8.189817432e-01,3.674465346e-01,-0.9380,24.1640
325.00,325.00,2710000000,8.961543352e-01,4.576066524e-02,-0.9410,2.9232
325.00,325.00,2720000000,8.515638046e-01,-2.817420740e-01,-0.9445,-18.3069
325.00,325.00,2730000000,6.914135931e-01,-5.708648838e-01,-0.9478,-39.5447
325.00,325.00,2740000000,4.377823924e-01,-7.822307513e-01,-0.9499,-60.7661
325.00,325.00,2750000000,1.250791815e-01,-8.876167406e-01,-0.9501,-81.9789
325.00,325.00,2760000000,-2.048301853e-01,-8.728890613e-01,-0.9480,-103.2060
325.00,325.00,2770000000,-5.073927406e-01,-7.398973609e-01,-0.9426,-124.4408
325.00,325.00,2780000000,-7.415724879e-01,-5.056193015e-01,-0.9389,-145.7130
325.00,325.00,2790000000,-8.744552957e-01,-2.017044451e-01,-0.9401,-167.0112
325.00,325.00,2800000000,-8.873432563e-01,1.294939569e-01,-0.9466,171.6972
325.00,325.00,2810000000,-7.788889013e-01,4.416144393e-01,-0.9599,150.4476
325.00,325.00,2820000000,-5.659078464e-01,6.924793394e-01,-0.9703,129.2564
325.00,325.00,2830000000,-2.778628410e-01,8.498431299e-01,-0.9721,108.1056
325.00,325.00,2840000000,4.771055669e-02,8.936012536e-01,-0.9648,86.9438
325.00,325.00,2850000000,3.690424613e-01,8.170567688e-01,-0.9487,65.6926
325.00,325.00,2860000000,6.416869164e-01,6.273810582e-01,-0.9401,44.3541
325.00,325.00,2870000000,8.256211138e-01,3.500524891e-01,-0.9464,22.9763
325.00,325.00,2880000000,8.942057807e-01,2.579384043e-02,-0.9676,1.6523
325.00,325.00,2890000000,8.404025962e-01,-2.983293449e-01,-0.9948,-19.5440
325.00,325.00,2900000000,6.755220701e-01,-5.797839405e-01,-1.0101,-40.6387
325.00,325.00,2910000000,4.221932516e-01,-7.844864656e-01,-1.0036,-61.7118
325.00,325.00,2920000000,1.108613886e-01,-8.864807877e-01,-0.9792,-82.8717
325.00,325.00,2930000000,-2.199341146e-01,-8.683117446e-01,-0.9564,-104.2135
325.00,325.00,2940000000,-5.225117551e-01,-7.280181226e-01,-0.9527,-125.6677
325.00,325.00,2950000000,-7.502483465e-01,-4.855885638e-01,-0.9763,-147.0876
325.00,325.00,2960000000,-8.710913201e-01,-1.795246820e-01,-1.0181,-168.3549
325.00,325.00,2970000000,-8.740582745e-01,1.450725051e-01,-1.0512,170.5762
325.00,325.00,2980000000,-7.636205576e-01,4.478676803e-01,-1.0585,149.6081
325.00,325.00,2990000000,-5.535255830e-01,6.939686322e-01,-1.0348,128.5767
325.00,325.00,3000000000,-2.659974542e-01,8.510849960e-01,-0.9958,107.3561
330.00,330.00,2000000000,2.999919317e-01,8.582943713e-01,-0.8267,70.7344
330.00,330.00,2010000000,5.899903417e-01,6.947114687e-01,-0.8055,49.6601
330.00,330.00,2020000000,8.045356157e-01,4.353431967e-01,-0.7738,28.4183
330.00,330.00,2030000000,9.098608896e-01,1.119984381e-01,-0.7552,7.0175
330.00,330.00,2040000000,8.871312336e-01,-2.280710319e-01,-0.7623,-14.4178
330.00,330.00,2050000000,7.412291755e-01,-5.335581716e-01,-0.7878,-35.7474
330.00,330.00,2060000000,4.968559699e-01,-7.630657729e-01,-0.8137,-56.9306
330.00,330.00,2070000000,1.886030365e-01,-8.896517443e-01,-0.8247,-78.0307
330.00,330.00,2080000000,-1.447825730e-01,-8.986540803e-01,-0.8169,-99.1523
330.00,330.00,2090000000,-4.610763711e-01,-7.868414498e-01,-0.8003,-120.3696
330.00,330.00,2100000000,-7.164313586e-01,-5.661609505e-01,-0.7893,-141.6824
330.00,330.00,2110000000,-8.731904317e-01,-2.664816197e-01,-0.7911,-163.0288
330.00,330.00,2120000000,-9.089924231e-01,6.877752384e-02,-0.8040,175.6730
330.00,330.00,2130000000,-8.209439336e-01,3.925863256e-01,-0.8193,154.4423
330.00,330.00,2140000000,-6.230587793e-01,6.620543316e-01,-0.8275,133.2619
330.00,330.00,2150000000,-3.416576794e-01,8.423960146e-01,-0.8283,112.0764
330.00,330.00,2160000000,-1.353911495e-02,9.092391209e-01,-0.8255,90.8531
330.00,330.00,2170000000,3.169469217e-01,8.525290324e-01,-0.8236,69.6062
330.00,330.00,2180000000,6.043816409e-01,6.793652995e-01,-0.8259,48.3428
330.00,330.00,2190000000,8.090772624e-01,4.139990351e-01,-0.8302,27.0985
330.00,330.00,2200000000,9.036163167e-01,9.284049543e-02,-0.8347,5.8662
330.00,330.00,2210000000,8.756715751e-01,-2.410257108e-01,-0.8360,-15.3894
330.00,330.00,2220000000,7.285367557e-01,-5.415941606e-01,-0.8403,-36.6271
330.00,330.00,2230000000,4.826841524e-01,-7.681415661e-01,-0.8459,-57.8556
330.00,330.00,2240000000,1.716767717e-01,-8.902139470e-01,-0.8515,-79.0846
330.00,330.00,2250000000,-1.616195291e-01,-8.916912880e-01,-0.8553,-100.2734
330.00,330.00,2260000000,-4.732710947e-01,-7.729438460e-01,-0.8543,-121.4790
330.00,330.00,2270000000,-7.213796197e-01,-5.493646903e-01,-0.8503,-142.7090
330.00,330.00,2280000000,-8.718902239e-01,-2.506502479e-01,-0.8459,-163.9612
330.00,330.00,2290000000,-9.030618311e-01,8.301678117e-02,-0.8491,174.7477
330.00,330.00,2300000000,-8.107756190e-01,4.044733800e-01,-0.8568,153.4867
330.00,330.00,2310000000,-6.087288863e-01,6.696472511e-01,-0.8673,132.2718
330.00,330.00,2320000000,-3.254074201e-01,8.436835105e-01,-0.8741,111.0915
330.00,330.00,2330000000,1.198264400e-03,9.045777503e-01,-0.8711,89.9241
330.00,330.00,2340000000,3.286128254e-01,8.436045519e-01,-0.8637,68.7174
330.00,330.00,2350000000,6.127610082e-01,6.676114646e-01,-0.8556,47.4530
330.00,330.00,2360000000,8.137331375e-01,3.995099868e-01,-0.8525,26.1492
330.00,330.00,2370000000,9.023875931e-01,7.698209996e-02,-0.8606,4.8761
330.00,330.00,2380000000,8.679145828e-01,-2.548360802e-01,-0.8713,-16.3632
330.00,330.00,2390000000,7.164080140e-01,-5.509198199e-01,-0.8791,-37.5604
330.00,330.00,2400000000,4.690472042e-01,-7.724526822e-01,-0.8794,-58.7331
330.00,330.00,2410000000,1.578495422e-01,-8.905097140e-01,-0.8729,-79.9483
330.00,330.00,2420000000,-1.758243208e-01,-8.878966969e-01,-0.8657,-101.2010
330.00,330.00,2430000000,-4.863244065e-01,-7.635383155e-01,-0.8645,-122.4945
330.00,330.00,2440000000,-7.299608091e-01,-5.343803790e-01,-0.8703,-143.7934
330.00,330.00,2450000000,-8.729646243e-01,-2.333905611e-01,-0.8802,-165.0318
330.00,330.00,2460000000,-8.972595348e-01,9.818348907e-02,-0.8899,173.7552
330.00,330.00,2470000000,-8.008399570e-01,4.157758804e-01,-0.8926,152.5628
330.00,330.00,2480000000,-5.965294362e-01,6.775815630e-01,-0.8886,131.3601
330.00,330.00,2490000000,-3.106451069e-01,8.480885535e-01,-0.8844,110.1172
330.00,330.00,2500000000,1.833026732e-02,9.032748739e-01,-0.8818,88.8374
330.00,330.00,2510000000,3.448149822e-01,8.348190775e-01,-0.8841,67.5573
330.00,330.00,2520000000,6.234667530e-01,6.524812646e-01,-0.8914,46.3027
330.00,330.00,2530000000,8.169506442e-01,3.817028948e-01,-0.8985,25.0433
330.00,330.00,2540000000,8.991134055e-01,6.003191014e-02,-0.9044,3.8198
330.00,330.00,2550000000,8.596286374e-01,-2.694258637e-01,-0.9068,-17.4021
330.00,330.00,2560000000,7.034376914e-01,-5.627685433e-01,-0.9069,-38.6607
330.00,330.00,2570000000,4.518235589e-01,-7.792307036e-01,-0.9079,-59.8934
330.00,330.00,2580000000,1.389734781e-01,-8.898982565e-01,-0.9085,-81.1239
330.00,330.00,2590000000,-1.924036769e-01,-8.795835574e-01,-0.9115,-102.3388
330.00,330.00,2600000000,-4.974659173e-01,-7.500922769e-01,-0.9146,-123.5526
330.00,330.00,2610000000,-7.342738721e-01,-5.197753920e-01,-0.9188,-144.7062
330.00,330.00,2620000000,-8.723270343e-01,-2.188289506e-01,-0.9214,-165.9176
330.00,330.00,2630000000,-8.919963005e-01,1.119327294e-01,-0.9249,172.8476
330.00,330.00,2640000000,-7.905791292e-01,4.271354557e-01,-0.9288,151.6185
330.00,330.00,2650000000,-5.820797619e-01,6.843837892e-01,-0.9302,130.3817
330.00,330.00,2660000000,-2.945681452e-01,8.485936527e-01,-0.9319,109.1432
330.00,330.00,2670000000,3.290822200e-02,8.974806079e-01,-0.9337,87.9001
330.00,330.00,2680000000,3.558207212e-01,8.246367564e-01,-0.9332,66.6604
330.00,330.00,2690000000,6.302992535e-01,6.394060517e-01,-0.9360,45.4109
330.00,330.00,2700000000,8.189889068e-01,3.674528770e-01,-0.9379,24.1642
330.00,330.00,2710000000,8.962073357e-01,4.578722759e-02,-0.9405,2.9247
330.00,330.00,2720000000,8.516022157e-01,-2.817904949e-01,-0.9440,-18.3091
330.00,330.00,2730000000,6.914520859e-01,-5.708759440e-01,-0.9474,-39.5437
330.00,330.00,2740000000,4.377950433e-01,-7.822704682e-01,-0.9495,-60.7666
330.00,330.00,2750000000,1.250785860e-01,-8.876776306e-01,-0.9495,-81.9795
330.00,330.00,2760000000,-2.048280900e-01,-8.729221399e-01,-0.9477,-103.2054
330.00,330.00,2770000000,-5.074105923e-01,-7.399517068e-01,-0.9421,-124.4398
330.00,330.00,2780000000,-7.415866215e-01,-5.056192458e-01,-0.9388,-145.7135
330.00,330.00,2790000000,-8.744604769e-01,-2.017155855e-01,-0.9400,-167.0105
330.00,330.00,2800000000,-8.873697684e-01,1.294817071e-01,-0.9464,171.6982
330.00,330.00,2810000000,-7.789351914e-01,4.415938145e-01,-0.9596,150.4502
330.00,330.00,2820000000,-5.659438165e-01,6.924599984e-01,-0.9702,129.2589
330.00,330.00,2830000000,-2.779249906e-01,8.498242273e-01,-0.9721,108.1097
330.00,330.00,2840000000,4.772899300e-02,8.935928320e-01,-0.9648,86.9426
330.00,330.00,2850000000,3.690421879e-01,8.170609686e-01,-0.9486,65.6927
330.00,330.00,2860000000,6.417148800e-01,6.274123787e-01,-0.9396,44.3543
330.00,330.00,2870000000,8.256211879e-01,3.500827583e-01,-0.9463,22.9781
330.00,330.00,2880000000,8.942324091e-01,2.579547262e-02,-0.9674,1.6523
330.00,330.00,2890000000,8.404274923e-01,-2.983569538e-01,-0.9945,-19.5452
330.00,330.00,2900000000,6.755339384e-01,-5.797942043e-01,-1.0100,-40.6387
330.00,330.00,2910000000,4.222252118e-01,-7.844815017e-01,-1.0035,-61.7099
330.00,330.00,2920000000,1.108182313e-01,-8.864857402e-01,-0.9792,-82.8745
330.00,330.00,2930000000,-2.199934260e-01,-8.683049309e-01,-0.9564,-104.2173
330.00,330.00,2940000000,-5.225513789e-01,-7.280370962e-01,-0.9523,-125.6690
330.00,330.00,2950000000,-7.502294778e-01,-4.855947416e-01,-0.9765,-147.0866
330.00,330.00,2960000000,-8.711328881e-01,-1.795397286e-01,-1.0176,-168.3545
330.00,330.00,2970000000,-8.740846042e-01,1.450807242e-01,-1.0509,170.5760
330.00,330.00,2980000000,-7.636495797e-01,4.478842488e-01,-1.0582,149.6082
330.00,330.00,2990000000,-5.535329292e-01,6.939824485e-01,-1.0347,128.5765
330.00,330.00,3000000000,-2.659482393e-01,8.511290322e-01,-0.9955,107.3522
335.00,335.00,2000000000,2.999957456e-01,8.583058728e-01,-0.8266,70.7344
335.00,335.00,2010000000,5.899619982e-01,6.947227098e-01,-0.8056,49.6619
335.00,335.00,2020000000,8.045294755e-01,4.353195622e-01,-0.7739,28.4172
335.00,335.00,2030000000,9.098323088e-01,1.119856005e-01,-0.7555,7.0169
335.00,335.00,2040000000,8.871563334e-01,-2.280463087e-01,-0.7621,-14.4160
335.00,335.00,2050000000,7.412351192e-01,-5.335488577e-01,-0.7878,-35.7467
335.00,335.00,2060000000,4.968184180e-01,-7.630365789e-01,-0.8142,-56.9316
335.00,335.00,2070000000,1.885891300e-01,-8.896670269e-01,-0.8246,-78.0318
335.00,335.00,2080000000,-1.447771392e-01,-8.986724801e-01,-0.8167,-99.1518
335.00,335.00,2090000000,-4.611039952e-01,-7.868539738e-01,-0.8000,-120.3707
335.00,335.00,2100000000,-7.164611816e-01,-5.661987963e-01,-0.7889,-141.6817
335.00,335.00,2110000000,-8.731747739e-01,-2.664712378e-01,-0.7913,-163.0291
335.00,335.00,2120000000,-9.089665663e-01,6.875916857e-02,-0.8043,175.6741
335.00,335.00,2130000000,-8.209525649e-01,3.925695363e-01,-0.8193,154.4434
335.00,335.00,2140000000,-6.230344039e-01,6.620431322e-01,-0.8277,133.2613
335.00,335.00,2150000000,-3.416524994e-01,8.423661085e-01,-0.8286,112.0768
335.00,335.00,2160000000,-1.359005460e-02,9.092139036e-01,-0.8257,90.8563
335.00,335.00,2170000000,3.169624353e-01,8.524884723e-01,-0.8239,69.6044
335.00,335.00,2180000000,6.043218381e-01,6.793833981e-01,-0.8262,48.3464
335.00,335.00,2190000000,8.090188473e-01,4.139980801e-01,-0.8307,27.1001
335.00,335.00,2200000000,9.036117486e-01,9.282521224e-02,-0.8348,5.8652
335.00,335.00,2210000000,8.756293893e-01,-2.410298690e-01,-0.8364,-15.3904
335.00,335.00,2220000000,7.285636302e-01,-5.415493702e-01,-0.8403,-36.6238
335.00,335.00,2230000000,4.827137076e-01,-7.681085333e-01,-0.8460,-57.8529
335.00,335.00,2240000000,1.716656005e-01,-8.901947454e-01,-0.8517,-79.0850
335.00,335.00,2250000000,-1.616073083e-01,-8.916682280e-01,-0.8556,-100.2729
335.00,335.00,2260000000,-4.732149301e-01,-7.729073990e-01,-0.8549,-121.4772
335.00,335.00,2270000000,-7.213615709e-01,-5.493777264e-01,-0.8503,-142.7077
335.00,335.00,2280000000,-8.718677042e-01,-2.506762709e-01,-0.8460,-163.9592
335.00,335.00,2290000000,-9.030736162e-01,8.294989385e-02,-0.8490,174.7519
335.00,335.00,2300000000,-8.107795747e-01,4.044506129e-01,-0.8569,153.4881
335.00,335.00,2310000000,-6.087350524e-01,6.696760121e-01,-0.8670,132.2708
335.00,335.00,2320000000,-3.254114130e-01,8.436424625e-01,-0.8745,111.0927
335.00,335.00,2330000000,1.180788140e-03,9.045537082e-01,-0.8713,89.9252
335.00,335.00,2340000000,3.286030413e-01,8.436602913e-01,-0.8632,68.7192
335.00,335.00,2350000000,6.127641176e-01,6.676237977e-01,-0.8555,47.4534
335.00,335.00,2360000000,8.137368650e-01,3.995268312e-01,-0.8524,26.1500
335.00,335.00,2370000000,9.023554507e-01,7.698036896e-02,-0.8610,4.8761
335.00,335.00,2380000000,8.678787120e-01,-2.548455760e-01,-0.8716,-16.3645
335.00,335.00,2390000000,7.164001642e-01,-5.509054124e-01,-0.8792,-37.5600
335.00,335.00,2400000000,4.691140838e-01,-7.724093475e-01,-0.8795,-58.7281
335.00,335.00,2410000000,1.578799100e-01,-8.905179593e-01,-0.8727,-79.9465
335.00,335.00,2420000000,-1.758071288e-01,-8.878610747e-01,-0.8661,-101.2004
335.00,335.00,2430000000,-4.863346771e-01,-7.635650354e-01,-0.8642,-122.4941
335.00,335.00,2440000000,-7.298983493e-01,-5.343273653e-01,-0.8711,-143.7937
335.00,335.00,2450000000,-8.729299900e-01,-2.334114551e-01,-0.8805,-165.0300
335.00,335.00,2460000000,-8.972975956e-01,9.815511907e-02,-0.8896,173.7573
335.00,335.00,2470000000,-8.008262653e-01,4.158118384e-01,-0.8926,152.5604
335.00,335.00,2480000000,-5.964836576e-01,6.775848197e-01,-0.8889,131.3577
335.00,335.00,2490000000,-3.106505527e-01,8.480403298e-01,-0.8848,110.1186
335.00,335.00,2500000000,1.834788674e-02,9.032858088e-01,-0.8817,88.8363
335.00,335.00,2510000000,3.448328607e-01,8.348296095e-01,-0.8839,67.5565
335.00,335.00,2520000000,6.234230947e-01,6.524870540e-01,-0.8916,46.3049
335.00,335.00,2530000000,8.169541173e-01,3.817416433e-01,-0.8983,25.0455
335.00,335.00,2540000000,8.991043856e-01,6.002504397e-02,-0.9045,3.8195
335.00,335.00,2550000000,8.595883174e-01,-2.694416746e-01,-0.9072,-17.4038
335.00,335.00,2560000000,7.034120456e-01,-5.627913609e-01,-0.9070,-38.6629
335.00,335.00,2570000000,4.518066742e-01,-7.792387798e-01,-0.9080,-59.8946
335.00,335.00,2580000000,1.390084852e-01,-8.898308362e-01,-0.9091,-81.1211
335.00,335.00,2590000000,-1.923952028e-01,-8.795848918e-01,-0.9115,-102.3382
335.00,335.00,2600000000,-4.974643312e-01,-7.500803419e-01,-0.9147,-123.5529
335.00,335.00,2610000000,-7.342847686e-01,-5.198070697e-01,-0.9185,-144.7050
335.00,335.00,2620000000,-8.722477253e-01,-2.188393133e-01,-0.9221,-165.9157
335.00,335.00,2630000000,-8.919847190e-01,1.119248114e-01,-0.9250,172.8480
335.00,335.00,2640000000,-7.905763409e-01,4.271644234e-01,-0.9287,151.6167
335.00,335.00,2650000000,-5.820869908e-01,6.843692812e-01,-0.9303,130.3827
335.00,335.00,2660000000,-2.945741878e-01,8.485575249e-01,-0.9322,109.1443
335.00,335.00,2670000000,3.287601005e-02,8.974720733e-01,-0.9338,87.9021
335.00,335.00,2680000000,3.558109722e-01,8.246013110e-01,-0.9336,66.6601
335.00,335.00,2690000000,6.302508748e-01,6.393813139e-01,-0.9365,45.4120
335.00,335.00,2700000000,8.189104598e-01,3.674815848e-01,-0.9385,24.1679
335.00,335.00,2710000000,8.961706701e-01,4.578800532e-02,-0.9409,2.9249
335.00,335.00,2720000000,8.515581963e-01,-2.817637990e-01,-0.9445,-18.3084
335.00,335.00,2730000000,6.914544409e-01,-5.708621879e-01,-0.9475,-39.5430
335.00,335.00,2740000000,4.378344992e-01,-7.822395123e-01,-0.9496,-60.7634
335.00,335.00,2750000000,1.250807779e-01,-8.876646068e-01,-0.9496,-81.9793
335.00,335.00,2760000000,-2.048205950e-01,-8.729176190e-01,-0.9478,-103.2050
335.00,335.00,2770000000,-5.074166888e-01,-7.399645382e-01,-0.9419,-124.4396
335.00,335.00,2780000000,-7.415808659e-01,-5.056284840e-01,-0.9388,-145.7129
335.00,335.00,2790000000,-8.744978711e-01,-2.017000275e-01,-0.9397,-167.0121
335.00,335.00,2800000000,-8.873977841e-01,1.294671995e-01,-0.9462,171.6994
335.00,335.00,2810000000,-7.789555909e-01,4.416129336e-01,-0.9594,150.4498
335.00,335.00,2820000000,-5.659339879e-01,6.924426046e-01,-0.9704,129.2592
335.00,335.00,2830000000,-2.778849507e-01,8.497698840e-01,-0.9727,108.1084
335.00,335.00,2840000000,4.769975654e-02,8.936173896e-01,-0.9646,86.9445
335.00,335.00,2850000000,3.690159973e-01,8.170231804e-01,-0.9491,65.6932
335.00,335.00,2860000000,6.416670467e-01,6.274158761e-01,-0.9400,44.3566
335.00,335.00,2870000000,8.256196153e-01,3.500655774e-01,-0.9464,22.9771
335.00,335.00,2880000000,8.942251888e-01,2.579377129e-02,-0.9675,1.6522
335.00,335.00,2890000000,8.404466561e-01,-2.983439317e-01,-0.9944,-19.5440
335.00,335.00,2900000000,6.755310272e-01,-5.797873706e-01,-1.0100,-40.6385
335.00,335.00,2910000000,4.222056396e-01,-7.844961261e-01,-1.0035,-61.7114
335.00,335.00,2920000000,1.108185049e-01,-8.865099015e-01,-0.9790,-82.8747
335.00,335.00,2930000000,-2.199448140e-01,-8.682887534e-01,-0.9566,-104.2145
335.00,335.00,2940000000,-5.225432741e-01,-7.279950176e-01,-0.9527,-125.6702
335.00,335.00,2950000000,-7.502390516e-01,-4.855756575e-01,-0.9765,-147.0879
335.00,335.00,2960000000,-8.711721001e-01,-1.795690644e-01,-1.0172,-168.3531
335.00,335.00,2970000000,-8.741157411e-01,1.450853377e-01,-1.0506,170.5760
335.00,335.00,2980000000,-7.636321591e-01,4.478912694e-01,-1.0583,149.6072
335.00,335.00,2990000000,-5.535418024e-01,6.939460383e-01,-1.0349,128.5784
335.00,335.00,3000000000,-2.659819431e-01,8.511013794e-01,-0.9957,107.3548
340.00,340.00,2000000000,2.999871550e-01,8.582863649e-01,-0.8268,70.7345
340.00,340.00,2010000000,5.899582196e-01,6.947175100e-01,-0.8056,49.6619
340.00,340.00,2020000000,8.045056230e-01,4.353767042e-01,-0.7739,28.4211
340.00,340.00,2030000000,9.098144339e-01,1.119847868e-01,-0.7556,7.0170
340.00,340.00,2040000000,8.871598004e-01,-2.280453317e-01,-0.7621,-14.4158
340.00,340.00,2050000000,7.412425470e-01,-5.335422867e-01,-0.7878,-35.7461
340.00,340.00,2060000000,4.968416627e-01,-7.630401802e-01,-0.8140,-56.9305
340.00,340.00,2070000000,1.886103688e-01,-8.896170828e-01,-0.8250,-78.0298
340.00,340.00,2080000000,-1.447379644e-01,-8.986124440e-01,-0.8173,-99.1499
340.00,340.00,2090000000,-4.610495730e-01,-7.868207498e-01,-0.8006,-120.3688
340.00,340.00,2100000000,-7.164508302e-01,-5.661881665e-01,-0.7890,-141.6818
340.00,340.00,2110000000,-8.731447629e-01,-2.664858770e-01,-0.7915,-163.0277
340.00,340.00,2120000000,-9.089703143e-01,6.877022132e-02,-0.8042,175.6734
340.00,340.00,2130000000,-8.209428372e-01,3.925458783e-01,-0.8195,154.4445
340.00,340.00,2140000000,-6.229989643e-01,6.620592916e-01,-0.8278,133.2590
340.00,340.00,2150000000,-3.416108004e-01,8.423617656e-01,-0.8288,112.0745
340.00,340.00,2160000000,-1.357546160e-02,9.092153129e-01,-0.8257,90.8554
340.00,340.00,2170000000,3.169554837e-01,8.524866328e-01,-0.8239,69.6048
340.00,340.00,2180000000,6.043604230e-01,6.793427443e-01,-0.8262,48.3429
340.00,340.00,2190000000,8.090707395e-01,4.139773251e-01,-0.8303,27.0975
340.00,340.00,2200000000,9.036147792e-01,9.279758142e-02,-0.8348,5.8635
340.00,340.00,2210000000,8.756419630e-01,-2.410338622e-01,-0.8363,-15.3904
340.00,340.00,2220000000,7.285672934e-01,-5.415599935e-01,-0.8402,-36.6242
340.00,340.00,2230000000,4.826901606e-01,-7.681150598e-01,-0.8461,-57.8544
340.00,340.00,2240000000,1.717061726e-01,-8.902336200e-01,-0.8513,-79.0830
340.00,340.00,2250000000,-1.616173211e-01,-8.916831998e-01,-0.8554,-100.2733
340.00,340.00,2260000000,-4.732145140e-01,-7.728893539e-01,-0.8550,-121.4778
340.00,340.00,2270000000,-7.213606012e-01,-5.493529837e-01,-0.8505,-142.7089
340.00,340.00,2280000000,-8.718815421e-01,-2.506740917e-01,-0.8459,-163.9596
340.00,340.00,2290000000,-9.030535825e-01,8.299464529e-02,-0.8492,174.7490
340.00,340.00,2300000000,-8.107376980e-01,4.044197035e-01,-0.8574,153.4886
340.00,340.00,2310000000,-6.087463622e-01,6.696571538e-01,-0.8671,132.2721
340.00,340.00,2320000000,-3.254075668e-01,8.436424177e-01,-0.8745,111.0925
340.00,340.00,2330000000,1.157594387e-03,9.045474956e-01,-0.8714,89.9267
340.00,340.00,2340000000,3.286132801e-01,8.436447581e-01,-0.8633,68.7183
340.00,340.00,2350000000,6.127262328e-01,6.676482534e-01,-0.8556,47.4562
340.00,340.00,2360000000,8.137365257e-01,3.995225140e-01,-0.8524,26.1498
340.00,340.00,2370000000,9.023834716e-01,7.697563836e-02,-0.8607,4.8757
340.00,340.00,2380000000,8.678655844e-01,-2.548393622e-01,-0.8718,-16.3643
340.00,340.00,2390000000,7.163925276e-01,-5.508948795e-01,-0.8794,-37.5597
340.00,340.00,2400000000,4.690583394e-01,-7.724266261e-01,-0.8796,-58.7317
340.00,340.00,2410000000,1.578671942e-01,-8.904678552e-01,-0.8732,-79.9467
340.00,340.00,2420000000,-1.758284069e-01,-8.878602957e-01,-0.8660,-101.2017
340.00,340.00,2430000000,-4.863104209e-01,-7.635404504e-01,-0.8646,-122.4937
340.00,340.00,2440000000,-7.298741839e-01,-5.343790050e-01,-0.8710,-143.7902
340.00,340.00,2450000000,-8.729182233e-01,-2.334013612e-01,-0.8806,-165.0304
340.00,340.00,2460000000,-8.972854988e-01,9.814708165e-02,-0.8897,173.7577
340.00,340.00,2470000000,-8.008385414e-01,4.157738658e-01,-0.8926,152.5629
340.00,340.00,2480000000,-5.964589072e-01,6.775743415e-01,-0.8891,131.3570
340.00,340.00,2490000000,-3.106806803e-01,8.480433360e-01,-0.8847,110.1203
340.00,340.00,2500000000,1.830957212e-02,9.032526989e-01,-0.8820,88.8387
340.00,340.00,2510000000,3.448303478e-01,8.347812530e-01,-0.8843,67.5555
340.00,340.00,2520000000,6.234157133e-01,6.524731992e-01,-0.8918,46.3046
340.00,340.00,2530000000,8.169346872e-01,3.817113025e-01,-0.8986,25.0443
340.00,340.00,2540000000,8.991096129e-01,6.000663034e-02,-0.9044,3.8183
340.00,340.00,2550000000,8.596431409e-01,-2.694455901e-01,-0.9066,-17.4030
340.00,340.00,2560000000,7.033982660e-01,-5.627519052e-01,-0.9073,-38.6615
340.00,340.00,2570000000,4.518239017e-01,-7.792287192e-01,-0.9080,-59.8934
340.00,340.00,2580000000,1.389893815e-01,-8.898087173e-01,-0.9094,-81.1221
340.00,340.00,2590000000,-1.924213761e-01,-8.795844095e-01,-0.9114,-102.3399
340.00,340.00,2600000000,-4.974814909e-01,-7.501042677e-01,-0.9144,-123.5530
340.00,340.00,2610000000,-7.342730646e-01,-5.197717381e-01,-0.9188,-144.7064
340.00,340.00,2620000000,-8.722430599e-01,-2.188433048e-01,-0.9221,-165.9154
340.00,340.00,2630000000,-8.919324072e-01,1.119386606e-01,-0.9255,172.8467
340.00,340.00,2640000000,-7.906013754e-01,4.271356669e-01,-0.9286,151.6191
340.00,340.00,2650000000,-5.821083668e-01,6.843814751e-01,-0.9300,130.3832
340.00,340.00,2660000000,-2.945596016e-01,8.485833539e-01,-0.9320,109.1429
340.00,340.00,2670000000,3.288667946e-02,8.974484646e-01,-0.9340,87.9014
340.00,340.00,2680000000,3.558156225e-01,8.246162272e-01,-0.9334,66.6602
340.00,340.00,2690000000,6.302183488e-01,6.394238464e-01,-0.9364,45.4154
340.00,340.00,2700000000,8.189382604e-01,3.674253710e-01,-0.9385,24.1639
340.00,340.00,2710000000,8.961893956e-01,4.574761428e-02,-0.9407,2.9222
340.00,340.00,2720000000,8.515802353e-01,-2.817555233e-01,-0.9443,-18.3074
340.00,340.00,2730000000,6.914303872e-01,-5.708445891e-01,-0.9478,-39.5431
340.00,340.00,2740000000,4.378029011e-01,-7.822272497e-01,-0.9499,-60.7648
340.00,340.00,2750000000,1.250647597e-01,-8.876333047e-01,-0.9500,-81.9800
340.00,340.00,2760000000,-2.047814065e-01,-8.728513737e-01,-0.9485,-103.2035
340.00,340.00,2770000000,-5.073866591e-01,-7.399268103e-01,-0.9424,-124.4394
340.00,340.00,2780000000,-7.415302196e-01,-5.056487119e-01,-0.9391,-145.7100
340.00,340.00,2790000000,-8.744467849e-01,-2.016741014e-01,-0.9403,-167.0129
340.00,340.00,2800000000,-8.873500008e-01,1.295003668e-01,-0.9466,171.6968
340.00,340.00,2810000000,-7.789088770e-01,4.415976309e-01,-0.9598,150.4492
340.00,340.00,2820000000,-5.659144986e-01,6.924658255e-01,-0.9704,129.2573
340.00,340.00,2830000000,-2.778927470e-01,8.497915042e-01,-0.9725,108.1084
340.00,340.00,2840000000,4.769640289e-02,8.935625639e-01,-0.9651,86.9446
340.00,340.00,2850000000,3.690145649e-01,8.170401761e-01,-0.9489,65.6938
340.00,340.00,2860000000,6.416606801e-01,6.273776073e-01,-0.9403,44.3552
340.00,340.00,2870000000,8.255869320e-01,3.500785474e-01,-0.9466,22.9787
340.00,340.00,2880000000,8.941911770e-01,2.584407856e-02,-0.9678,1.6555
340.00,340.00,2890000000,8.404322477e-01,-2.983498717e-01,-0.9945,-19.5446
340.00,340.00,2900000000,6.755512638e-01,-5.797809458e-01,-1.0099,-40.6373
340.00,340.00,2910000000,4.222026132e-01,-7.844815264e-01,-1.0036,-61.7112
340.00,340.00,2920000000,1.108102477e-01,-8.864304800e-01,-0.9798,-82.8746
340.00,340.00,2930000000,-2.199342316e-01,-8.682818582e-01,-0.9567,-104.2140
340.00,340.00,2940000000,-5.224877645e-01,-7.280519319e-01,-0.9526,-125.6652
340.00,340.00,2950000000,-7.502192595e-01,-4.855844094e-01,-0.9766,-147.0868
340.00,340.00,2960000000,-8.711291741e-01,-1.795791796e-01,-1.0176,-168.3519
340.00,340.00,2970000000,-8.740790608e-01,1.450683151e-01,-1.0510,170.5767
340.00,340.00,2980000000,-7.636257062e-01,4.478811681e-01,-1.0584,149.6076
340.00,340.00,2990000000,-5.535060125e-01,6.939164082e-01,-1.0354,128.5778
340.00,340.00,3000000000,-2.659709558e-01,8.510701433e-01,-0.9960,107.3547
345.00,345.00,2000000000,3.000013021e-01,8.583157366e-01,-0.8265,70.7343
345.00,345.00,2010000000,5.899915877e-01,6.947083775e-01,-0.8055,49.6599
345.00,345.00,2020000000,8.045165977e-01,4.353366991e-01,-0.7740,28.4185
345.00,345.00,2030000000,9.098070486e-01,1.120096648e-01,-0.7557,7.0186
345.00,345.00,2040000000,8.871322996e-01,-2.280542074e-01,-0.7623,-14.4168
345.00,345.00,2050000000,7.412255140e-01,-5.335559572e-01,-0.7878,-35.7475
345.00,345.00,2060000000,4.968309768e-01,-7.630671521e-01,-0.8139,-56.9320
345.00,345.00,2070000000,1.886257198e-01,-8.897076737e-01,-0.8241,-78.0300
345.00,345.00,2080000000,-1.447890364e-01,-8.986381748e-01,-0.8170,-99.1529
345.00,345.00,2090000000,-4.610791226e-01,-7.868586317e-01,-0.8001,-120.3692
345.00,345.00,2100000000,-7.164430038e-01,-5.661801560e-01,-0.7891,-141.6819
345.00,345.00,2110000000,-8.731304505e-01,-2.664747247e-01,-0.7916,-163.0281
345.00,345.00,2120000000,-9.089577025e-01,6.882553202e-02,-0.8043,175.6699
345.00,345.00,2130000000,-8.209478363e-01,3.926012625e-01,-0.8192,154.4415
345.00,345.00,2140000000,-6.230070405e-01,6.620166352e-01,-0.8281,133.2612
345.00,345.00,2150000000,-3.416166318e-01,8.424018281e-01,-0.8284,112.0739
345.00,345.00,2160000000,-1.356889527e-02,9.092054605e-01,-0.8258,90.8550
345.00,345.00,2170000000,3.169642790e-01,8.525169261e-01,-0.8236,69.6050
345.00,345.00,2180000000,6.043603396e-01,6.793374031e-01,-0.8263,48.3427
345.00,345.00,2190000000,8.090737325e-01,4.139542055e-01,-0.8304,27.0961
345.00,345.00,2200000000,9.036314728e-01,9.286648016e-02,-0.8345,5.8677
345.00,345.00,2210000000,8.756032337e-01,-2.410524227e-01,-0.8366,-15.3922
345.00,345.00,2220000000,7.285432813e-01,-5.415888897e-01,-0.8402,-36.6266
345.00,345.00,2230000000,4.826735785e-01,-7.681367297e-01,-0.8460,-57.8560
345.00,345.00,2240000000,1.716448042e-01,-8.902029501e-01,-0.8517,-79.0864
345.00,345.00,2250000000,-1.616423093e-01,-8.916976992e-01,-0.8552,-100.2747
345.00,345.00,2260000000,-4.732792605e-01,-7.729002856e-01,-0.8546,-121.4809
345.00,345.00,2270000000,-7.213444296e-01,-5.493352801e-01,-0.8507,-142.7091
345.00,345.00,2280000000,-8.718260287e-01,-2.506775384e-01,-0.8464,-163.9584
345.00,345.00,2290000000,-9.030511311e-01,8.298249245e-02,-0.8492,174.7498
345.00,345.00,2300000000,-8.107716159e-01,4.044722759e-01,-0.8568,153.4866
345.00,345.00,2310000000,-6.087205886e-01,6.696829019e-01,-0.8671,132.2698
345.00,345.00,2320000000,-3.254262550e-01,8.436578247e-01,-0.8743,111.0932
345.00,345.00,2330000000,1.196167528e-03,9.045343047e-01,-0.8715,89.9242
345.00,345.00,2340000000,3.286169259e-01,8.436332108e-01,-0.8634,68.7178
345.00,345.00,2350000000,6.126981610e-01,6.676273675e-01,-0.8559,47.4566
345.00,345.00,2360000000,8.137821196e-01,3.995655729e-01,-0.8518,26.1510
345.00,345.00,2370000000,9.023748190e-01,7.701771317e-02,-0.8607,4.8784
345.00,345.00,2380000000,8.678975097e-01,-2.548414756e-01,-0.8715,-16.3639
345.00,345.00,2390000000,7.163880061e-01,-5.508859486e-01,-0.8794,-37.5595
345.00,345.00,2400000000,4.690788990e-01,-7.724068987e-01,-0.8797,-58.7299
345.00,345.00,2410000000,1.578375387e-01,-8.905172100e-01,-0.8728,-79.9491
345.00,345.00,2420000000,-1.758494194e-01,-8.878767866e-01,-0.8658,-101.2028
345.00,345.00,2430000000,-4.863396359e-01,-7.635436392e-01,-0.8644,-122.4951
345.00,345.00,2440000000,-7.299206234e-01,-5.343386492e-01,-0.8709,-143.7940
345.00,345.00,2450000000,-8.729306853e-01,-2.334131048e-01,-0.8805,-165.0299
345.00,345.00,2460000000,-8.973087468e-01,9.813917514e-02,-0.8895,173.7583
345.00,345.00,2470000000,-8.007924071e-01,4.157674509e-01,-0.8931,152.5619
345.00,345.00,2480000000,-5.964742650e-01,6.775414394e-01,-0.8893,131.3591
345.00,345.00,2490000000,-3.106159916e-01,8.480485778e-01,-0.8849,110.1163
345.00,345.00,2500000000,1.833700959e-02,9.032786222e-01,-0.8818,88.8370
345.00,345.00,2510000000,3.448485554e-01,8.347835652e-01,-0.8842,67.5545
345.00,345.00,2520000000,6.234513123e-01,6.524808809e-01,-0.8915,46.3033
345.00,345.00,2530000000,8.169510746e-01,3.817100570e-01,-0.8985,25.0437
345.00,345.00,2540000000,8.991434511e-01,6.004506053e-02,-0.9041,3.8206
345.00,345.00,2550000000,8.596136587e-01,-2.694298681e-01,-0.9070,-17.4026
345.00,345.00,2560000000,7.034338678e-01,-5.628037376e-01,-0.9068,-38.6626
345.00,345.00,2570000000,4.518257872e-01,-7.792096500e-01,-0.9081,-59.8926
345.00,345.00,2580000000,1.389861481e-01,-8.898580642e-01,-0.9089,-81.1227
345.00,345.00,2590000000,-1.923703443e-01,-8.795981706e-01,-0.9114,-102.3365
345.00,345.00,2600000000,-4.974788897e-01,-7.501207181e-01,-0.9143,-123.5523
345.00,345.00,2610000000,-7.342847414e-01,-5.197940700e-01,-0.9186,-144.7056
345.00,345.00,2620000000,-8.723052300e-01,-2.188720963e-01,-0.9215,-165.9146
345.00,345.00,2630000000,-8.920070222e-01,1.119468623e-01,-0.9248,172.8468
345.00,345.00,2640000000,-7.905949719e-01,4.271771299e-01,-0.9285,151.6166
345.00,345.00,2650000000,-5.820912064e-01,6.843656812e-01,-0.9303,130.3830
345.00,345.00,2660000000,-2.945889812e-01,8.485414737e-01,-0.9323,109.1455
345.00,345.00,2670000000,3.287715490e-02,8.974635592e-01,-0.9338,87.9020
345.00,345.00,2680000000,3.557773087e-01,8.246574215e-01,-0.9332,66.6635
345.00,345.00,2690000000,6.302966301e-01,6.394737680e-01,-0.9356,45.4141
345.00,345.00,2700000000,8.189556325e-01,3.674716709e-01,-0.9381,24.1661
345.00,345.00,2710000000,8.961874630e-01,4.576930881e-02,-0.9407,2.9236
345.00,345.00,2720000000,8.515962941e-01,-2.817825978e-01,-0.9441,-18.3087
345.00,345.00,2730000000,6.914830603e-01,-5.708965150e-01,-0.9471,-39.5435
345.00,345.00,2740000000,4.378164085e-01,-7.822432678e-01,-0.9497,-60.7645
345.00,345.00,2750000000,1.250793872e-01,-8.876942172e-01,-0.9494,-81.9796
345.00,345.00,2760000000,-2.048410538e-01,-8.729195371e-01,-0.9477,-103.2062
345.00,345.00,2770000000,-5.074020923e-01,-7.399108767e-01,-0.9424,-124.4408
345.00,345.00,2780000000,-7.415802882e-01,-5.056621489e-01,-0.9386,-145.7111
345.00,345.00,2790000000,-8.744787053e-01,-2.016993884e-01,-0.9399,-167.0118
345.00,345.00,2800000000,-8.873412750e-01,1.294726499e-01,-0.9467,171.6985
345.00,345.00,2810000000,-7.789051653e-01,4.416118150e-01,-0.9598,150.4483
345.00,345.00,2820000000,-5.659187723e-01,6.925073963e-01,-0.9700,129.2558
345.00,345.00,2830000000,-2.778940820e-01,8.498388933e-01,-0.9721,108.1075
345.00,345.00,2840000000,4.768794900e-02,8.935854909e-01,-0.9649,86.9452
345.00,345.00,2850000000,3.690096986e-01,8.170419828e-01,-0.9489,65.6941
345.00,345.00,2860000000,6.417257088e-01,6.274210519e-01,-0.9395,44.3542
345.00,345.00,2870000000,8.256233624e-01,3.500914156e-01,-0.9463,22.9785
345.00,345.00,2880000000,8.941977313e-01,2.581020174e-02,-0.9677,1.6533
345.00,345.00,2890000000,8.404378009e-01,-2.983462708e-01,-0.9944,-19.5443
345.00,345.00,2900000000,6.755684442e-01,-5.797867005e-01,-1.0098,-40.6369
345.00,345.00,2910000000,4.222156043e-01,-7.844633070e-01,-1.0037,-61.7099
345.00,345.00,2920000000,1.108625636e-01,-8.864822039e-01,-0.9792,-82.8717
345.00,345.00,2930000000,-2.199463903e-01,-8.683037620e-01,-0.9565,-104.2144
345.00,345.00,2940000000,-5.225373657e-01,-7.280435204e-01,-0.9523,-125.6681
345.00,345.00,2950000000,-7.502716389e-01,-4.855900673e-01,-0.9761,-147.0883
345.00,345.00,2960000000,-8.711520913e-01,-1.795501551e-01,-1.0174,-168.3540
345.00,345.00,2970000000,-8.740881004e-01,1.450847979e-01,-1.0509,170.5757
345.00,345.00,2980000000,-7.636610275e-01,4.478812090e-01,-1.0581,149.6087
345.00,345.00,2990000000,-5.535334465e-01,6.939773251e-01,-1.0347,128.5767
345.00,345.00,3000000000,-2.660042938e-01,8.511158683e-01,-0.9955,107.3559
350.00,350.00,2000000000,3.000039270e-01,8.583333618e-01,-0.8263,70.7345
350.00,350.00,2010000000,5.899760398e-01,6.947363645e-01,-0.8054,49.6618
350.00,350.00,2020000000,8.045312845e-01,4.352940641e-01,-0.7740,28.4157
350.00,350.00,2030000000,9.098203089e-01,1.119899568e-01,-0.7556,7.0173
350.00,350.00,2040000000,8.871392997e-01,-2.280467584e-01,-0.7623,-14.4162
350.00,350.00,2050000000,7.412456554e-01,-5.335468215e-01,-0.7877,-35.7462
350.00,350.00,2060000000,4.968711345e-01,-7.630665744e-01,-0.8137,-56.9298
350.00,350.00,2070000000,1.886016874e-01,-8.897126679e-01,-0.8241,-78.0316
350.00,350.00,2080000000,-1.447923280e-01,-8.986862183e-01,-0.8165,-99.1526
350.00,350.00,2090000000,-4.610484372e-01,-7.868445542e-01,-0.8004,-120.3680
350.00,350.00,2100000000,-7.164712227e-01,-5.662090652e-01,-0.7887,-141.6816
350.00,350.00,2110000000,-8.731928754e-01,-2.664705339e-01,-0.7911,-163.0295
350.00,350.00,2120000000,-9.089706954e-01,6.876918790e-02,-0.8042,175.6735
350.00,350.00,2130000000,-8.209833018e-01,3.925757109e-01,-0.8190,154.4439
350.00,350.00,2140000000,-6.230412875e-01,6.620245738e-01,-0.8278,133.2624
350.00,350.00,2150000000,-3.416161990e-01,8.423724124e-01,-0.8287,112.0746
350.00,350.00,2160000000,-1.358858914e-02,9.092373156e-01,-0.8255,90.8562
350.00,350.00,2170000000,3.169832371e-01,8.524793974e-01,-0.8239,69.6030
350.00,350.00,2180000000,6.043607748e-01,6.793639183e-01,-0.8261,48.3438
350.00,350.00,2190000000,8.090782189e-01,4.140292332e-01,-0.8301,27.1002
350.00,350.00,2200000000,9.036294226e-01,9.278315470e-02,-0.8346,5.8625
350.00,350.00,2210000000,8.756328176e-01,-2.410348086e-01,-0.8364,-15.3906
350.00,350.00,2220000000,7.285772108e-01,-5.416294802e-01,-0.8397,-36.6274
350.00,350.00,2230000000,4.827136633e-01,-7.681591617e-01,-0.8456,-57.8546
350.00,350.00,2240000000,1.716651620e-01,-8.902079008e-01,-0.8516,-79.0852
350.00,350.00,2250000000,-1.616254855e-01,-8.916926613e-01,-0.8553,-100.2737
350.00,350.00,2260000000,-4.732431924e-01,-7.729102757e-01,-0.8547,-121.4786
350.00,350.00,2270000000,-7.213753789e-01,-5.493397021e-01,-0.8505,-142.7101
350.00,350.00,2280000000,-8.718741011e-01,-2.506746488e-01,-0.8460,-163.9594
350.00,350.00,2290000000,-9.030822423e-01,8.299981400e-02,-0.8489,174.7489
350.00,350.00,2300000000,-8.107652796e-01,4.044684057e-01,-0.8569,153.4867
350.00,350.00,2310000000,-6.087203550e-01,6.696651079e-01,-0.8672,132.2706
350.00,350.00,2320000000,-3.254169415e-01,8.436227275e-01,-0.8746,111.0935
350.00,350.00,2330000000,1.233230647e-03,9.045744257e-01,-0.8711,89.9219
350.00,350.00,2340000000,3.286655036e-01,8.436611837e-01,-0.8630,68.7156
350.00,350.00,2350000000,6.127264307e-01,6.676429461e-01,-0.8556,47.4560
350.00,350.00,2360000000,8.137302167e-01,3.995183314e-01,-0.8525,26.1497
350.00,350.00,2370000000,9.023837755e-01,7.703640409e-02,-0.8606,4.8795
350.00,350.00,2380000000,8.678828618e-01,-2.548151555e-01,-0.8717,-16.3625
350.00,350.00,2390000000,7.163753256e-01,-5.509264917e-01,-0.8793,-37.5620
350.00,350.00,2400000000,4.690461748e-01,-7.724521521e-01,-0.8794,-58.7332
350.00,350.00,2410000000,1.578776696e-01,-8.905335195e-01,-0.8726,-79.9468
350.00,350.00,2420000000,-1.758400872e-01,-8.878855244e-01,-0.8658,-101.2021
350.00,350.00,2430000000,-4.863134051e-01,-7.635646275e-01,-0.8643,-122.4930
350.00,350.00,2440000000,-7.299338924e-01,-5.343538648e-01,-0.8707,-143.7937
350.00,350.00,2450000000,-8.729279872e-01,-2.333935354e-01,-0.8806,-165.0310
350.00,350.00,2460000000,-8.973015015e-01,9.816787511e-02,-0.8896,173.7565
350.00,350.00,2470000000,-8.008018815e-01,4.157660127e-01,-0.8930,152.5622
350.00,350.00,2480000000,-5.964621252e-01,6.775698296e-01,-0.8891,131.3573
350.00,350.00,2490000000,-3.106643414e-01,8.480863165e-01,-0.8844,110.1184
350.00,350.00,2500000000,1.832638052e-02,9.033012951e-01,-0.8816,88.8377
350.00,350.00,2510000000,3.448226974e-01,8.347796416e-01,-0.8844,67.5559
350.00,350.00,2520000000,6.234468140e-01,6.524819613e-01,-0.8915,46.3036
350.00,350.00,2530000000,8.169542744e-01,3.817304080e-01,-0.8984,25.0448
350.00,350.00,2540000000,8.991335028e-01,6.004566961e-02,-0.9042,3.8206
350.00,350.00,2550000000,8.595946836e-01,-2.694331899e-01,-0.9071,-17.4032
350.00,350.00,2560000000,7.034466201e-01,-5.627835853e-01,-0.9068,-38.6611
350.00,350.00,2570000000,4.518420285e-01,-7.792549394e-01,-0.9077,-59.8932
350.00,350.00,2580000000,1.389847540e-01,-8.898249841e-01,-0.9092,-81.1225
350.00,350.00,2590000000,-1.924004162e-01,-8.796184013e-01,-0.9111,-102.3381
350.00,350.00,2600000000,-4.974491118e-01,-7.500839804e-01,-0.9147,-123.5520
350.00,350.00,2610000000,-7.342689905e-01,-5.198042268e-01,-0.9187,-144.7045
350.00,350.00,2620000000,-8.722879265e-01,-2.188413373e-01,-0.9217,-165.9162
350.00,350.00,2630000000,-8.919679617e-01,1.119296554e-01,-0.9252,172.8476
350.00,350.00,2640000000,-7.905671499e-01,4.271607178e-01,-0.9288,151.6167
350.00,350.00,2650000000,-5.821266946e-01,6.843732798e-01,-0.9300,130.3844
350.00,350.00,2660000000,-2.945702335e-01,8.485578536e-01,-0.9322,109.1440
350.00,350.00,2670000000,3.289225398e-02,8.974491415e-01,-0.9340,87.9010
350.00,350.00,2680000000,3.557825548e-01,8.246326763e-01,-0.9334,66.6625
350.00,350.00,2690000000,6.302807527e-01,6.394135394e-01,-0.9361,45.4121
350.00,350.00,2700000000,8.189666902e-01,3.674554661e-01,-0.9381,24.1649
350.00,350.00,2710000000,8.962164856e-01,4.575238284e-02,-0.9404,2.9224
350.00,350.00,2720000000,8.516001981e-01,-2.817810596e-01,-0.9441,-18.3086
350.00,350.00,2730000000,6.914432258e-01,-5.708693740e-01,-0.9475,-39.5438
350.00,350.00,2740000000,4.378499274e-01,-7.822545575e-01,-0.9494,-60.7630
350.00,350.00,2750000000,1.250650546e-01,-8.876522560e-01,-0.9498,-81.9801
350.00,350.00,2760000000,-2.048043636e-01,-8.729185745e-01,-0.9478,-103.2039
350.00,350.00,2770000000,-5.073836795e-01,-7.399429742e-01,-0.9423,-124.4387
350.00,350.00,2780000000,-7.415346343e-01,-5.056181264e-01,-0.9392,-145.7117
350.00,350.00,2790000000,-8.744765585e-01,-2.017134619e-01,-0.9399,-167.0109
350.00,350.00,2800000000,-8.873356138e-01,1.294531193e-01,-0.9468,171.6997
350.00,350.00,2810000000,-7.789161681e-01,4.415794106e-01,-0.9599,150.4504
350.00,350.00,2820000000,-5.659304830e-01,6.924170758e-01,-0.9706,129.2600
350.00,350.00,2830000000,-2.779039534e-01,8.497986472e-01,-0.9724,108.1090
350.00,350.00,2840000000,4.765916978e-02,8.936020466e-01,-0.9648,86.9471
350.00,350.00,2850000000,3.690060975e-01,8.170389797e-01,-0.9490,65.6942
350.00,350.00,2860000000,6.416995385e-01,6.274421351e-01,-0.9395,44.3564
350.00,350.00,2870000000,8.255714347e-01,3.500669046e-01,-0.9468,22.9784
350.00,350.00,2880000000,8.941822857e-01,2.580959554e-02,-0.9679,1.6533
350.00,350.00,2890000000,8.404405264e-01,-2.983313559e-01,-0.9945,-19.5433
350.00,350.00,2900000000,6.754886875e-01,-5.797737050e-01,-1.0104,-40.6396
350.00,350.00,2910000000,4.222021002e-01,-7.844610118e-01,-1.0038,-61.7106
350.00,350.00,2920000000,1.108634760e-01,-8.864731466e-01,-0.9793,-82.8715
350.00,350.00,2930000000,-2.199275365e-01,-8.683093130e-01,-0.9565,-104.2131
350.00,350.00,2940000000,-5.224959440e-01,-7.280456764e-01,-0.9526,-125.6658
350.00,350.00,2950000000,-7.502758310e-01,-4.855848616e-01,-0.9761,-147.0887
350.00,350.00,2960000000,-8.711730016e-01,-1.795637936e-01,-1.0172,-168.3535
350.00,350.00,2970000000,-8.741009814e-01,1.450751033e-01,-1.0508,170.5765
350.00,350.00,2980000000,-7.636408041e-01,4.478652125e-01,-1.0583,149.6089
350.00,350.00,2990000000,-5.535271743e-01,6.939601472e-01,-1.0349,128.5771
350.00,350.00,3000000000,-2.660025467e-01,8.511175746e-01,-0.9955,107.3558
355.00,355.00,2000000000,3.000105736e-01,8.582910060e-01,-0.8267,70.7332
355.00,355.00,2010000000,5.899438933e-01,6.947351637e-01,-0.8056,49.6633
355.00,355.00,2020000000,8.045150819e-01,4.353239367e-01,-0.7740,28.4179
355.00,355.00,2030000000,9.098595250e-01,1.119703145e-01,-0.7552,7.0157
355.00,355.00,2040000000,8.871421450e-01,-2.280296170e-01,-0.7623,-14.4152
355.00,355.00,2050000000,7.412362976e-01,-5.335292013e-01,-0.7879,-35.7457
355.00,355.00,2060000000,4.968411931e-01,-7.630490076e-01,-0.8140,-56.9308
355.00,355.00,2070000000,1.886166659e-01,-8.897054915e-01,-0.8241,-78.0306
355.00,355.00,2080000000,-1.447643100e-01,-8.986586719e-01,-0.8168,-99.1511
355.00,355.00,2090000000,-4.610720339e-01,-7.868766216e-01,-0.8000,-120.3683
355.00,355.00,2100000000,-7.164353861e-01,-5.661908725e-01,-0.7891,-141.6811
355.00,355.00,2110000000,-8.731783798e-01,-2.664909077e-01,-0.7912,-163.0280
355.00,355.00,2120000000,-9.089924087e-01,6.875286044e-02,-0.8040,175.6746
355.00,355.00,2130000000,-8.209662898e-01,3.925789097e-01,-0.8192,154.4433
355.00,355.00,2140000000,-6.230161566e-01,6.620530876e-01,-0.8278,133.2600
355.00,355.00,2150000000,-3.416272153e-01,8.423523607e-01,-0.8288,112.0757
355.00,355.00,2160000000,-1.356693594e-02,9.092006668e-01,-0.8258,90.8549
355.00,355.00,2170000000,3.169513007e-01,8.525034257e-01,-0.8238,69.6054
355.00,355.00,2180000000,6.043625098e-01,6.793722156e-01,-0.8260,48.3440
355.00,355.00,2190000000,8.090428934e-01,4.139912854e-01,-0.8305,27.0991
355.00,355.00,2200000000,9.036271899e-01,9.279817832e-02,-0.8347,5.8634
355.00,355.00,2210000000,8.756291872e-01,-2.410393508e-01,-0.8364,-15.3909
355.00,355.00,2220000000,7.285629863e-01,-5.415741510e-01,-0.8402,-36.6251
355.00,355.00,2230000000,4.827177676e-01,-7.681660224e-01,-0.8455,-57.8546
355.00,355.00,2240000000,1.717097944e-01,-8.901812227e-01,-0.8518,-79.0821
355.00,355.00,2250000000,-1.616191904e-01,-8.916472841e-01,-0.8557,-100.2738
355.00,355.00,2260000000,-4.732261933e-01,-7.728831069e-01,-0.8550,-121.4786
355.00,355.00,2270000000,-7.213304930e-01,-5.493990452e-01,-0.8505,-142.7054
355.00,355.00,2280000000,-8.718605758e-01,-2.507088856e-01,-0.8460,-163.9571
355.00,355.00,2290000000,-9.030482142e-01,8.295261534e-02,-0.8493,174.7516
355.00,355.00,2300000000,-8.107747075e-01,4.044357287e-01,-0.8570,153.4888
355.00,355.00,2310000000,-6.087795592e-01,6.696293554e-01,-0.8671,132.2749
355.00,355.00,2320000000,-3.254088240e-01,8.436204239e-01,-0.8747,111.0931
355.00,355.00,2330000000,1.184246686e-03,9.045167582e-01,-0.8717,89.9250
355.00,355.00,2340000000,3.286158903e-01,8.436543881e-01,-0.8632,68.7183
355.00,355.00,2350000000,6.127259788e-01,6.676729377e-01,-0.8554,47.4573
355.00,355.00,2360000000,8.137388962e-01,3.995499013e-01,-0.8523,26.1513
355.00,355.00,2370000000,9.023499682e-01,7.699823796e-02,-0.8610,4.8773
355.00,355.00,2380000000,8.679036091e-01,-2.548443734e-01,-0.8714,-16.3639
355.00,355.00,2390000000,7.164396089e-01,-5.509156651e-01,-0.8789,-37.5590
355.00,355.00,2400000000,4.691111164e-01,-7.723905921e-01,-0.8796,-58.7276
355.00,355.00,2410000000,1.579292346e-01,-8.905138101e-01,-0.8727,-79.9434
355.00,355.00,2420000000,-1.758241537e-01,-8.878685929e-01,-0.8660,-101.2013
355.00,355.00,2430000000,-4.862814532e-01,-7.635671288e-01,-0.8645,-122.4912
355.00,355.00,2440000000,-7.298615086e-01,-5.343998595e-01,-0.8710,-143.7887
355.00,355.00,2450000000,-8.729262321e-01,-2.334329042e-01,-0.8805,-165.0286
355.00,355.00,2460000000,-8.972418844e-01,9.810597071e-02,-0.8902,173.7600
355.00,355.00,2470000000,-8.008497332e-01,4.157348858e-01,-0.8927,152.5654
355.00,355.00,2480000000,-5.964757718e-01,6.775518427e-01,-0.8892,131.3587
355.00,355.00,2490000000,-3.106702318e-01,8.480521396e-01,-0.8847,110.1195
355.00,355.00,2500000000,1.828213450e-02,9.032986746e-01,-0.8816,88.8405
355.00,355.00,2510000000,3.448133409e-01,8.348651297e-01,-0.8837,67.5586
355.00,355.00,2520000000,6.234527792e-01,6.524869763e-01,-0.8914,46.3035
355.00,355.00,2530000000,8.169246795e-01,3.817262672e-01,-0.8987,25.0454
355.00,355.00,2540000000,8.991374297e-01,6.006810249e-02,-0.9041,3.8220
355.00,355.00,2550000000,8.596089000e-01,-2.694110155e-01,-0.9071,-17.4016
355.00,355.00,2560000000,7.034318466e-01,-5.627647127e-01,-0.9070,-38.6608
355.00,355.00,2570000000,4.518827678e-01,-7.791961331e-01,-0.9079,-59.8891
355.00,355.00,2580000000,1.389941343e-01,-8.898602082e-01,-0.9089,-81.1223
355.00,355.00,2590000000,-1.923618245e-01,-8.796184962e-01,-0.9112,-102.3357
355.00,355.00,2600000000,-4.974621153e-01,-7.500912404e-01,-0.9146,-123.5524
355.00,355.00,2610000000,-7.342704054e-01,-5.198258003e-01,-0.9185,-144.7035
355.00,355.00,2620000000,-8.722422900e-01,-2.188438174e-01,-0.9221,-165.9153
355.00,355.00,2630000000,-8.919716436e-01,1.119521457e-01,-0.9251,172.8462
355.00,355.00,2640000000,-7.905533948e-01,4.271467448e-01,-0.9290,151.6170
355.00,355.00,2650000000,-5.820914688e-01,6.843606796e-01,-0.9303,130.3832
355.00,355.00,2660000000,-2.945911928e-01,8.485125045e-01,-0.9326,109.1463
355.00,355.00,2670000000,3.286584694e-02,8.974443693e-01,-0.9340,87.9027
355.00,355.00,2680000000,3.557681485e-01,8.245943233e-01,-0.9338,66.6624
355.00,355.00,2690000000,6.302257994e-01,6.394223312e-01,-0.9364,45.4150
355.00,355.00,2700000000,8.189310456e-01,3.674894683e-01,-0.9383,24.1678
355.00,355.00,2710000000,8.961972480e-01,4.582267645e-02,-0.9406,2.9270
355.00,355.00,2720000000,8.515886735e-01,-2.817260513e-01,-0.9443,-18.3055
355.00,355.00,2730000000,6.914475692e-01,-5.708312606e-01,-0.9477,-39.5417
355.00,355.00,2740000000,4.378417885e-01,-7.822501964e-01,-0.9495,-60.7633
355.00,355.00,2750000000,1.251038628e-01,-8.876422696e-01,-0.9498,-81.9776
355.00,355.00,2760000000,-2.047845584e-01,-8.728776551e-01,-0.9482,-103.2033
355.00,355.00,2770000000,-5.073537797e-01,-7.399518012e-01,-0.9424,-124.4368
355.00,355.00,2780000000,-7.415489674e-01,-5.056358379e-01,-0.9390,-145.7113
355.00,355.00,2790000000,-8.744365809e-01,-2.017365350e-01,-0.9402,-167.0089
355.00,355.00,2800000000,-8.873565130e-01,1.294552474e-01,-0.9466,171.6998
355.00,355.00,2810000000,-7.788924963e-01,4.415904387e-01,-0.9600,150.4491
355.00,355.00,2820000000,-5.659229430e-01,6.924330044e-01,-0.9706,129.2590
355.00,355.00,2830000000,-2.779264232e-01,8.498026939e-01,-0.9723,108.1102
355.00,355.00,2840000000,4.769429879e-02,8.935937222e-01,-0.9648,86.9448
355.00,355.00,2850000000,3.690277558e-01,8.170426795e-01,-0.9488,65.6931
355.00,355.00,2860000000,6.416661077e-01,6.273971089e-01,-0.9401,44.3558
355.00,355.00,2870000000,8.255821978e-01,3.500973511e-01,-0.9466,22.9799
355.00,355.00,2880000000,8.941817469e-01,2.579355126e-02,-0.9679,1.6523
355.00,355.00,2890000000,8.404294024e-01,-2.983165018e-01,-0.9946,-19.5427
355.00,355.00,2900000000,6.755733554e-01,-5.797749621e-01,-1.0098,-40.6361
355.00,355.00,2910000000,4.222317850e-01,-7.844977455e-01,-1.0033,-61.7100
355.00,355.00,2920000000,1.108483217e-01,-8.864747094e-01,-0.9793,-82.8725
355.00,355.00,2930000000,-2.199447000e-01,-8.683279925e-01,-0.9563,-104.2139
355.00,355.00,2940000000,-5.225295182e-01,-7.280481863e-01,-0.9524,-125.6675
355.00,355.00,2950000000,-7.502499511e-01,-4.855800984e-01,-0.9764,-147.0881
355.00,355.00,2960000000,-8.711219985e-01,-1.795951897e-01,-1.0176,-168.3508
355.00,355.00,2970000000,-8.741080143e-01,1.450628286e-01,-1.0507,170.5773
355.00,355.00,2980000000,-7.636605901e-01,4.478641267e-01,-1.0582,149.6097
355.00,355.00,2990000000,-5.535553935e-01,6.939468138e-01,-1.0348,128.5791
355.00,355.00,3000000000,-2.659902950e-01,8.511048907e-01,-0.9956,107.3553
